FindExistingInstance
StartDirectSound
::MxVideoParam
  ::MxVideoParam
    ::MxVideoParamFlags
    ::IsleApp
      ::IsleApp
    ::MxVideoParamFlags
    ::MxVideoParam
      ::MxVideoParam
        ::MxVideoParamFlags
    ::LegoOmni
      ::LegoOmni
        ::MxOmni
          ::MxOmni
            ::MxCore
              ::MxCore
            ::MxString
              ::MxString
                ::MxCore
                  ::MxCore
            ::MxCriticalSection
              ::MxCriticalSection
        ::MxDSAction
          ::MxDSAction
            ::MxDSObject
              ::MxDSObject
                ::MxCore
                  ::MxCore
                ::MxDSObject
::MxOmniCreateFlags
::MxOmniCreateParam
  ::MxOmniCreateParam
    ::MxVideoParam
      ::MxVideoParam
        ::MxVideoParamFlags
    ::MxOmniCreateFlags
Lego
::MxAutoLock
LegoOmni::Create
  ::MxCore
    ::MxCore
  MxOmni::Create
    ::MxCore
      ::MxCore
    ::MxTimer
      ::MxTimer
        ::MxCore
          ::MxCore
    ::MxNotificationManager
      ::MxNotificationManager
        ::MxCore
          ::MxCore
        ::MxCriticalSection
          ::MxCriticalSection
    TickleManager
    ::MxCore
      ::MxCore
    ::MxStreamer
      ::MxStreamer
        NotificationManager
        ::MxAutoLock
    ::MxMusicManager
      ::MxMusicManager
        ::MxAudioManager
          ::MxAudioManager
            ::MxMediaManager
              ::MxMediaManager
                ::MxCore
                  ::MxCore
                ::MxCriticalSection
                  ::MxCriticalSection
    ::MxAutoLock
    MxMediaManager::Create
      ::MxCore
        ::MxCore
    TickleManager
    ::MxEventManager
      ::MxEventManager
        ::MxMediaManager
          ::MxMediaManager
            ::MxCore
              ::MxCore
            ::MxCriticalSection
              ::MxCriticalSection
    ::MxAutoLock
    MxMediaManager::Create
      ::MxCore
        ::MxCore
    TickleManager
  ::MxCore
    ::MxCore
  ::MxObjectFactory
    ::MxObjectFactory
      ::MxObjectFactory
        ::MxObjectFactory
          ::MxObjectFactory
            ::MxObjectFactory
              ::MxObjectFactory
                ::MxObjectFactory
                  ::MxObjectFactory
                    ::MxObjectFactory
                      ::MxObjectFactory
                        ::MxObjectFactory
                          ::MxObjectFactory
                            ::MxObjectFactory
                              ::MxAtomId
                                AtomSet
                                MxAtomId::GetAtom
                                  ::MxString
                                    ::MxString
                                      ::MxCore
                                        ::MxCore
                                  AtomSet
                                  AtomSet
                                  AtomSet
                              AtomSet
                              MxAtomId::GetAtom
                                ::MxString
                                  ::MxString
                                    ::MxCore
                                      ::MxCore
                                AtomSet
                                AtomSet
                              AtomSet
                              ::MxString
                                ::MxString
                                  ::MxCore
                                    ::MxCore
                              AtomSet
                              AtomSet
                              ::MxAtomId
                                AtomSet
                                MxAtomId::GetAtom
                                  ::MxString
                                    ::MxString
                                      ::MxCore
                                        ::MxCore
                                  AtomSet
                                  AtomSet
                                  AtomSet
                              AtomSet
                              MxAtomId::GetAtom
                                ::MxString
                                  ::MxString
                                    ::MxCore
                                      ::MxCore
                                AtomSet
                                AtomSet
                              AtomSet
                              ::MxString
                                ::MxString
                                  ::MxCore
                                    ::MxCore
                              AtomSet
                              AtomSet
                              ::MxAtomId
                                AtomSet
                                MxAtomId::GetAtom
                                  ::MxString
                                    ::MxString
                                      ::MxCore
                                        ::MxCore
                                  AtomSet
                                  AtomSet
                                  AtomSet
                              AtomSet
                              MxAtomId::GetAtom
                                ::MxString
                                  ::MxString
                                    ::MxCore
                                      ::MxCore
                                AtomSet
                                AtomSet
                              AtomSet
                              ::MxString
                                ::MxString
                                  ::MxCore
                                    ::MxCore
                              AtomSet
                              AtomSet
                              ::MxAtomId
                                AtomSet
                                MxAtomId::GetAtom
                                  ::MxString
                                    ::MxString
                                      ::MxCore
                                        ::MxCore
                                  AtomSet
                                  AtomSet
                                  AtomSet
                              AtomSet
                              MxAtomId::GetAtom
                                ::MxString
                                  ::MxString
                                    ::MxCore
                                      ::MxCore
                                AtomSet
                                AtomSet
                              AtomSet
                              ::MxString
                                ::MxString
                                  ::MxCore
                                    ::MxCore
                              AtomSet
                              AtomSet
                              ::MxAtomId
                                AtomSet
                                MxAtomId::GetAtom
                                  ::MxString
                                    ::MxString
                                      ::MxCore
                                        ::MxCore
                                  AtomSet
                                  AtomSet
                                  AtomSet
                              AtomSet
                              MxAtomId::GetAtom
                                ::MxString
                                  ::MxString
                                    ::MxCore
                                      ::MxCore
                                AtomSet
                                AtomSet
                              AtomSet
                              ::MxString
                                ::MxString
                                  ::MxCore
                                    ::MxCore
                              AtomSet
                              AtomSet
                              ::MxAtomId
                                AtomSet
                                MxAtomId::GetAtom
                                  ::MxString
                                    ::MxString
                                      ::MxCore
                                        ::MxCore
                                  AtomSet
                                  AtomSet
                                  AtomSet
                              AtomSet
                              MxAtomId::GetAtom
                                ::MxString
                                  ::MxString
                                    ::MxCore
                                      ::MxCore
                                AtomSet
                                AtomSet
                              AtomSet
                              ::MxString
                                ::MxString
                                  ::MxCore
                                    ::MxCore
                              AtomSet
                              AtomSet
                              ::MxAtomId
                                AtomSet
                                MxAtomId::GetAtom
                                  ::MxString
                                    ::MxString
                                      ::MxCore
                                        ::MxCore
                                  AtomSet
                                  AtomSet
                                  AtomSet
                              AtomSet
                              MxAtomId::GetAtom
                                ::MxString
                                  ::MxString
                                    ::MxCore
                                      ::MxCore
                                AtomSet
                                AtomSet
                              AtomSet
                              ::MxString
                                ::MxString
                                  ::MxCore
                                    ::MxCore
                              AtomSet
                              AtomSet
                              ::MxAtomId
                                AtomSet
                                MxAtomId::GetAtom
                                  ::MxString
                                    ::MxString
                                      ::MxCore
                                        ::MxCore
                                  AtomSet
                                  AtomSet
                                  AtomSet
                              AtomSet
                              MxAtomId::GetAtom
                                ::MxString
                                  ::MxString
                                    ::MxCore
                                      ::MxCore
                                AtomSet
                                AtomSet
                              AtomSet
                              ::MxString
                                ::MxString
                                  ::MxCore
                                    ::MxCore
                              AtomSet
                              AtomSet
                              ::MxAtomId
                                AtomSet
                                MxAtomId::GetAtom
                                  ::MxString
                                    ::MxString
                                      ::MxCore
                                        ::MxCore
                                  AtomSet
                                  AtomSet
                                  AtomSet
                              AtomSet
                              MxAtomId::GetAtom
                                ::MxString
                                  ::MxString
                                    ::MxCore
                                      ::MxCore
                                AtomSet
                                AtomSet
                              AtomSet
                              ::MxString
                                ::MxString
                                  ::MxCore
                                    ::MxCore
                              AtomSet
                              AtomSet
                              ::MxAtomId
                                AtomSet
                                MxAtomId::GetAtom
                                  ::MxString
                                    ::MxString
                                      ::MxCore
                                        ::MxCore
                                  AtomSet
                                  AtomSet
                                  AtomSet
                              AtomSet
                              MxAtomId::GetAtom
                                ::MxString
                                  ::MxString
                                    ::MxCore
                                      ::MxCore
                                AtomSet
                                AtomSet
                              AtomSet
                              ::MxString
                                ::MxString
                                  ::MxCore
                                    ::MxCore
                              AtomSet
                              AtomSet
                              ::MxAtomId
                                AtomSet
                                MxAtomId::GetAtom
                                  ::MxString
                                    ::MxString
                                      ::MxCore
                                        ::MxCore
                                  AtomSet
                                  AtomSet
                                  AtomSet
                              AtomSet
                              MxAtomId::GetAtom
                                ::MxString
                                  ::MxString
                                    ::MxCore
                                      ::MxCore
                                AtomSet
                                AtomSet
                              AtomSet
                              ::MxString
                                ::MxString
                                  ::MxCore
                                    ::MxCore
                              AtomSet
                              AtomSet
                              ::MxAtomId
                                AtomSet
                                MxAtomId::GetAtom
                                  ::MxString
                                    ::MxString
                                      ::MxCore
                                        ::MxCore
                                  AtomSet
                                  AtomSet
                                  AtomSet
                              AtomSet
                              MxAtomId::GetAtom
                                ::MxString
                                  ::MxString
                                    ::MxCore
                                      ::MxCore
                                AtomSet
                                AtomSet
                              AtomSet
                              ::MxString
                                ::MxString
                                  ::MxCore
                                    ::MxCore
                              AtomSet
                              AtomSet
  ::LegoObjectFactory
    ::LegoObjectFactory
      ::LegoObjectFactory
        ::LegoObjectFactory
          ::LegoObjectFactory
            ::LegoObjectFactory
              ::LegoObjectFactory
                ::LegoObjectFactory
                  ::LegoObjectFactory
                    ::LegoObjectFactory
                      ::LegoObjectFactory
                        ::LegoObjectFactory
                          ::LegoObjectFactory
                            ::LegoObjectFactory
                              ::LegoObjectFactory
                                ::LegoObjectFactory
                                  ::LegoObjectFactory
                                    ::LegoObjectFactory
                                      ::LegoObjectFactory
                                        ::LegoObjectFactory
                                          ::LegoObjectFactory
                                            ::LegoObjectFactory
                                              ::LegoObjectFactory
                                                ::LegoObjectFactory
                                                  ::LegoObjectFactory
                                                    ::LegoObjectFactory
                                                      ::LegoObjectFactory
                                                        ::LegoObjectFactory
                                                          ::LegoObjectFactory
                                                            ::LegoObjectFactory
                                                              ::LegoObjectFactory
                                                                ::LegoObjectFactory
                                                                  ::LegoObjectFactory
                                                                    ::LegoObjectFactory
                                                                      ::LegoObjectFactory
                                                                        ::LegoObjectFactory
                                                                          ::LegoObjectFactory
                                                                            ::LegoObjectFactory
                                                                              ::LegoObjectFactory
                                                                                ::LegoObjectFactory
                                                                                  ::LegoObjectFactory
                                                                                    ::LegoObjectFactory
                                                                                      ::LegoObjectFactory
                                                                                        ::LegoObjectFactory
                                                                                          ::LegoObjectFactory
                                                                                            ::LegoObjectFactory
                                                                                              ::LegoObjectFactory
                                                                                                ::LegoObjectFactory
                                                                                                  ::LegoObjectFactory
                                                                                                    ::LegoObjectFactory
                                                                                                      ::LegoObjectFactory
                                                                                                        ::LegoObjectFactory
                                                                                                          ::LegoObjectFactory
                                                                                                            ::LegoObjectFactory
                                                                                                              ::LegoObjectFactory
                                                                                                                ::LegoObjectFactory
                                                                                                                  ::LegoObjectFactory
                                                                                                                    ::LegoObjectFactory
                                                                                                                      ::LegoObjectFactory
                                                                                                                        ::LegoObjectFactory
                                                                                                                          ::LegoObjectFactory
                                                                                                                            ::LegoObjectFactory
                                                                                                                              ::LegoObjectFactory
                                                                                                                                ::LegoObjectFactory
                                                                                                                                  ::LegoObjectFactory
                                                                                                                                    ::LegoObjectFactory
                                                                                                                                      ::LegoObjectFactory
                                                                                                                                        ::LegoObjectFactory
                                                                                                                                          ::LegoObjectFactory
                                                                                                                                            ::LegoObjectFactory
                                                                                                                                              ::LegoObjectFactory
                                                                                                                                                ::LegoObjectFactory
                                                                                                                                                  ::LegoObjectFactory
                                                                                                                                                    ::LegoObjectFactory
                                                                                                                                                      ::LegoObjectFactory
                                                                                                                                                        ::LegoObjectFactory
                                                                                                                                                          ::LegoObjectFactory
                                                                                                                                                            ::LegoObjectFactory
                                                                                                                                                              ::LegoObjectFactory
                                                                                                                                                                ::LegoObjectFactory
                                                                                                                                                                  ::LegoObjectFactory
                                                                                                                                                                    ::LegoObjectFactory
                                                                                                                                                                      ::LegoObjectFactory
                                                                                                                                                                        ::LegoObjectFactory
                                                                                                                                                                          ::LegoObjectFactory
                                                                                                                                                                            ::LegoObjectFactory
                                                                                                                                                                              ::LegoObjectFactory
                                                                                                                                                                                ::LegoObjectFactory
                                                                                                                                                                                  ::LegoObjectFactory
                                                                                                                                                                                    ::LegoObjectFactory
                                                                                                                                                                                      ::LegoObjectFactory
                                                                                                                                                                                        ::LegoObjectFactory
                                                                                                                                                                                          ::LegoObjectFactory
                                                                                                                                                                                            ::LegoObjectFactory
                                                                                                                                                                                              ::LegoObjectFactory
                                                                                                                                                                                                ::LegoObjectFactory
                                                                                                                                                                                                  ::LegoObjectFactory
                                                                                                                                                                                                    ::LegoObjectFactory
                                                                                                                                                                                                      ::LegoObjectFactory
                                                                                                                                                                                                        ::LegoObjectFactory
                                                                                                                                                                                                          ::LegoObjectFactory
                                                                                                                                                                                                            ::LegoObjectFactory
                                                                                                                                                                                                              ::MxAtomId
                                                                                                                                                                                                                AtomSet
                                                                                                                                                                                                                MxAtomId::GetAtom
                                                                                                                                                                                                                  ::MxString
                                                                                                                                                                                                                    ::MxString
                                                                                                                                                                                                                      ::MxCore
                                                                                                                                                                                                                        ::MxCore
                                                                                                                                                                                                                  AtomSet
                                                                                                                                                                                                                  AtomSet
                                                                                                                                                                                                                  AtomSet
                                                                                                                                                                                                              AtomSet
                                                                                                                                                                                                              MxAtomId::GetAtom
                                                                                                                                                                                                                ::MxString
                                                                                                                                                                                                                  ::MxString
                                                                                                                                                                                                                    ::MxCore
                                                                                                                                                                                                                      ::MxCore
                                                                                                                                                                                                                AtomSet
                                                                                                                                                                                                                AtomSet
                                                                                                                                                                                                              AtomSet
                                                                                                                                                                                                              ::MxString
                                                                                                                                                                                                                ::MxString
                                                                                                                                                                                                                  ::MxCore
                                                                                                                                                                                                                    ::MxCore
                                                                                                                                                                                                              AtomSet
                                                                                                                                                                                                              AtomSet
                                                                                                                                                                                                              ::MxAtomId
                                                                                                                                                                                                                AtomSet
                                                                                                                                                                                                                MxAtomId::GetAtom
                                                                                                                                                                                                                  ::MxString
                                                                                                                                                                                                                    ::MxString
                                                                                                                                                                                                                      ::MxCore
                                                                                                                                                                                                                        ::MxCore
                                                                                                                                                                                                                  AtomSet
                                                                                                                                                                                                                  AtomSet
                                                                                                                                                                                                                  AtomSet
                                                                                                                                                                                                              AtomSet
                                                                                                                                                                                                              MxAtomId::GetAtom
                                                                                                                                                                                                                ::MxString
                                                                                                                                                                                                                  ::MxString
                                                                                                                                                                                                                    ::MxCore
                                                                                                                                                                                                                      ::MxCore
                                                                                                                                                                                                                AtomSet
                                                                                                                                                                                                                AtomSet
                                                                                                                                                                                                              AtomSet
                                                                                                                                                                                                              ::MxString
                                                                                                                                                                                                                ::MxString
                                                                                                                                                                                                                  ::MxCore
                                                                                                                                                                                                                    ::MxCore
                                                                                                                                                                                                              AtomSet
                                                                                                                                                                                                              AtomSet
                                                                                                                                                                                                              ::MxAtomId
                                                                                                                                                                                                                AtomSet
                                                                                                                                                                                                                MxAtomId::GetAtom
                                                                                                                                                                                                                  ::MxString
                                                                                                                                                                                                                    ::MxString
                                                                                                                                                                                                                      ::MxCore
                                                                                                                                                                                                                        ::MxCore
                                                                                                                                                                                                                  AtomSet
                                                                                                                                                                                                                  AtomSet
                                                                                                                                                                                                                  AtomSet
                                                                                                                                                                                                              AtomSet
                                                                                                                                                                                                              MxAtomId::GetAtom
                                                                                                                                                                                                                ::MxString
                                                                                                                                                                                                                  ::MxString
                                                                                                                                                                                                                    ::MxCore
                                                                                                                                                                                                                      ::MxCore
                                                                                                                                                                                                                AtomSet
                                                                                                                                                                                                                AtomSet
                                                                                                                                                                                                              AtomSet
                                                                                                                                                                                                              ::MxString
                                                                                                                                                                                                                ::MxString
                                                                                                                                                                                                                  ::MxCore
                                                                                                                                                                                                                    ::MxCore
                                                                                                                                                                                                              AtomSet
                                                                                                                                                                                                              AtomSet
                                                                                                                                                                                                              ::MxAtomId
                                                                                                                                                                                                                AtomSet
                                                                                                                                                                                                                MxAtomId::GetAtom
                                                                                                                                                                                                                  ::MxString
                                                                                                                                                                                                                    ::MxString
                                                                                                                                                                                                                      ::MxCore
                                                                                                                                                                                                                        ::MxCore
                                                                                                                                                                                                                  AtomSet
                                                                                                                                                                                                                  AtomSet
                                                                                                                                                                                                                  AtomSet
                                                                                                                                                                                                              AtomSet
                                                                                                                                                                                                              MxAtomId::GetAtom
                                                                                                                                                                                                                ::MxString
                                                                                                                                                                                                                  ::MxString
                                                                                                                                                                                                                    ::MxCore
                                                                                                                                                                                                                      ::MxCore
                                                                                                                                                                                                                AtomSet
                                                                                                                                                                                                                AtomSet
                                                                                                                                                                                                              AtomSet
                                                                                                                                                                                                              ::MxString
                                                                                                                                                                                                                ::MxString
                                                                                                                                                                                                                  ::MxCore
                                                                                                                                                                                                                    ::MxCore
                                                                                                                                                                                                              AtomSet
                                                                                                                                                                                                              AtomSet
                                                                                                                                                                                                              ::MxAtomId
                                                                                                                                                                                                                AtomSet
                                                                                                                                                                                                                MxAtomId::GetAtom
                                                                                                                                                                                                                  ::MxString
                                                                                                                                                                                                                    ::MxString
                                                                                                                                                                                                                      ::MxCore
                                                                                                                                                                                                                        ::MxCore
                                                                                                                                                                                                                  AtomSet
                                                                                                                                                                                                                  AtomSet
                                                                                                                                                                                                                  AtomSet
                                                                                                                                                                                                              AtomSet
                                                                                                                                                                                                              MxAtomId::GetAtom
                                                                                                                                                                                                                ::MxString
                                                                                                                                                                                                                  ::MxString
                                                                                                                                                                                                                    ::MxCore
                                                                                                                                                                                                                      ::MxCore
                                                                                                                                                                                                                AtomSet
                                                                                                                                                                                                                AtomSet
                                                                                                                                                                                                              AtomSet
                                                                                                                                                                                                              ::MxString
                                                                                                                                                                                                                ::MxString
                                                                                                                                                                                                                  ::MxCore
                                                                                                                                                                                                                    ::MxCore
                                                                                                                                                                                                              AtomSet
                                                                                                                                                                                                              AtomSet
                                                                                                                                                                                                              ::MxAtomId
                                                                                                                                                                                                                AtomSet
                                                                                                                                                                                                                MxAtomId::GetAtom
                                                                                                                                                                                                                  ::MxString
                                                                                                                                                                                                                    ::MxString
                                                                                                                                                                                                                      ::MxCore
                                                                                                                                                                                                                        ::MxCore
                                                                                                                                                                                                                  AtomSet
                                                                                                                                                                                                                  AtomSet
                                                                                                                                                                                                                  AtomSet
                                                                                                                                                                                                              AtomSet
                                                                                                                                                                                                              MxAtomId::GetAtom
                                                                                                                                                                                                                ::MxString
                                                                                                                                                                                                                  ::MxString
                                                                                                                                                                                                                    ::MxCore
                                                                                                                                                                                                                      ::MxCore
                                                                                                                                                                                                                AtomSet
                                                                                                                                                                                                                AtomSet
                                                                                                                                                                                                              AtomSet
                                                                                                                                                                                                              ::MxString
                                                                                                                                                                                                                ::MxString
                                                                                                                                                                                                                  ::MxCore
                                                                                                                                                                                                                    ::MxCore
                                                                                                                                                                                                              AtomSet
                                                                                                                                                                                                              AtomSet
                                                                                                                                                                                                              ::MxAtomId
                                                                                                                                                                                                                AtomSet
                                                                                                                                                                                                                MxAtomId::GetAtom
                                                                                                                                                                                                                  ::MxString
                                                                                                                                                                                                                    ::MxString
                                                                                                                                                                                                                      ::MxCore
                                                                                                                                                                                                                        ::MxCore
                                                                                                                                                                                                                  AtomSet
                                                                                                                                                                                                                  AtomSet
                                                                                                                                                                                                                  AtomSet
                                                                                                                                                                                                              AtomSet
                                                                                                                                                                                                              MxAtomId::GetAtom
                                                                                                                                                                                                                ::MxString
                                                                                                                                                                                                                  ::MxString
                                                                                                                                                                                                                    ::MxCore
                                                                                                                                                                                                                      ::MxCore
                                                                                                                                                                                                                AtomSet
                                                                                                                                                                                                                AtomSet
                                                                                                                                                                                                              AtomSet
                                                                                                                                                                                                              ::MxString
                                                                                                                                                                                                                ::MxString
                                                                                                                                                                                                                  ::MxCore
                                                                                                                                                                                                                    ::MxCore
                                                                                                                                                                                                              AtomSet
                                                                                                                                                                                                              AtomSet
                                                                                                                                                                                                              ::MxAtomId
                                                                                                                                                                                                                AtomSet
                                                                                                                                                                                                                MxAtomId::GetAtom
                                                                                                                                                                                                                  ::MxString
                                                                                                                                                                                                                    ::MxString
                                                                                                                                                                                                                      ::MxCore
                                                                                                                                                                                                                        ::MxCore
                                                                                                                                                                                                                  AtomSet
                                                                                                                                                                                                                  AtomSet
                                                                                                                                                                                                                  AtomSet
                                                                                                                                                                                                              AtomSet
                                                                                                                                                                                                              MxAtomId::GetAtom
                                                                                                                                                                                                                ::MxString
                                                                                                                                                                                                                  ::MxString
                                                                                                                                                                                                                    ::MxCore
                                                                                                                                                                                                                      ::MxCore
                                                                                                                                                                                                                AtomSet
                                                                                                                                                                                                                AtomSet
                                                                                                                                                                                                              AtomSet
                                                                                                                                                                                                              ::MxString
                                                                                                                                                                                                                ::MxString
                                                                                                                                                                                                                  ::MxCore
                                                                                                                                                                                                                    ::MxCore
                                                                                                                                                                                                              AtomSet
                                                                                                                                                                                                              AtomSet
                                                                                                                                                                                                              ::MxAtomId
                                                                                                                                                                                                                AtomSet
                                                                                                                                                                                                                MxAtomId::GetAtom
                                                                                                                                                                                                                  ::MxString
                                                                                                                                                                                                                    ::MxString
                                                                                                                                                                                                                      ::MxCore
                                                                                                                                                                                                                        ::MxCore
                                                                                                                                                                                                                  AtomSet
                                                                                                                                                                                                                  AtomSet
                                                                                                                                                                                                                  AtomSet
                                                                                                                                                                                                              AtomSet
                                                                                                                                                                                                              MxAtomId::GetAtom
                                                                                                                                                                                                                ::MxString
                                                                                                                                                                                                                  ::MxString
                                                                                                                                                                                                                    ::MxCore
                                                                                                                                                                                                                      ::MxCore
                                                                                                                                                                                                                AtomSet
                                                                                                                                                                                                                AtomSet
                                                                                                                                                                                                              AtomSet
                                                                                                                                                                                                              ::MxString
                                                                                                                                                                                                                ::MxString
                                                                                                                                                                                                                  ::MxCore
                                                                                                                                                                                                                    ::MxCore
                                                                                                                                                                                                              AtomSet
                                                                                                                                                                                                              AtomSet
                                                                                                                                                                                                              ::MxAtomId
                                                                                                                                                                                                                AtomSet
                                                                                                                                                                                                                MxAtomId::GetAtom
                                                                                                                                                                                                                  ::MxString
                                                                                                                                                                                                                    ::MxString
                                                                                                                                                                                                                      ::MxCore
                                                                                                                                                                                                                        ::MxCore
                                                                                                                                                                                                                  AtomSet
                                                                                                                                                                                                                  AtomSet
                                                                                                                                                                                                                  AtomSet
                                                                                                                                                                                                              AtomSet
                                                                                                                                                                                                              MxAtomId::GetAtom
                                                                                                                                                                                                                ::MxString
                                                                                                                                                                                                                  ::MxString
                                                                                                                                                                                                                    ::MxCore
                                                                                                                                                                                                                      ::MxCore
                                                                                                                                                                                                                AtomSet
                                                                                                                                                                                                                AtomSet
                                                                                                                                                                                                              AtomSet
                                                                                                                                                                                                              ::MxString
                                                                                                                                                                                                                ::MxString
                                                                                                                                                                                                                  ::MxCore
                                                                                                                                                                                                                    ::MxCore
                                                                                                                                                                                                              AtomSet
                                                                                                                                                                                                              AtomSet
                                                                                                                                                                                                              ::MxAtomId
                                                                                                                                                                                                                AtomSet
                                                                                                                                                                                                                MxAtomId::GetAtom
                                                                                                                                                                                                                  ::MxString
                                                                                                                                                                                                                    ::MxString
                                                                                                                                                                                                                      ::MxCore
                                                                                                                                                                                                                        ::MxCore
                                                                                                                                                                                                                  AtomSet
                                                                                                                                                                                                                  AtomSet
                                                                                                                                                                                                                  AtomSet
                                                                                                                                                                                                              AtomSet
                                                                                                                                                                                                              MxAtomId::GetAtom
                                                                                                                                                                                                                ::MxString
                                                                                                                                                                                                                  ::MxString
                                                                                                                                                                                                                    ::MxCore
                                                                                                                                                                                                                      ::MxCore
                                                                                                                                                                                                                AtomSet
                                                                                                                                                                                                                AtomSet
                                                                                                                                                                                                              AtomSet
                                                                                                                                                                                                              ::MxString
                                                                                                                                                                                                                ::MxString
                                                                                                                                                                                                                  ::MxCore
                                                                                                                                                                                                                    ::MxCore
                                                                                                                                                                                                              AtomSet
                                                                                                                                                                                                              AtomSet
                                                                                                                                                                                                              ::MxAtomId
                                                                                                                                                                                                                AtomSet
                                                                                                                                                                                                                MxAtomId::GetAtom
                                                                                                                                                                                                                  ::MxString
                                                                                                                                                                                                                    ::MxString
                                                                                                                                                                                                                      ::MxCore
                                                                                                                                                                                                                        ::MxCore
                                                                                                                                                                                                                  AtomSet
                                                                                                                                                                                                                  AtomSet
                                                                                                                                                                                                              AtomSet
                                                                                                                                                                                                              ::MxString
                                                                                                                                                                                                                ::MxString
                                                                                                                                                                                                                  ::MxCore
                                                                                                                                                                                                                    ::MxCore
                                                                                                                                                                                                              AtomSet
                                                                                                                                                                                                              AtomSet
                                                                                                                                                                                                              AtomSet
                                                                                                                                                                                                              MxAtomId::GetAtom
                                                                                                                                                                                                                ::MxString
                                                                                                                                                                                                                  ::MxString
                                                                                                                                                                                                                    ::MxCore
                                                                                                                                                                                                                      ::MxCore
                                                                                                                                                                                                                AtomSet
                                                                                                                                                                                                                AtomSet
                                                                                                                                                                                                              AtomSet
                                                                                                                                                                                                              ::MxString
                                                                                                                                                                                                                ::MxString
                                                                                                                                                                                                                  ::MxCore
                                                                                                                                                                                                                    ::MxCore
                                                                                                                                                                                                              AtomSet
                                                                                                                                                                                                              AtomSet
                                                                                                                                                                                                              ::MxAtomId
                                                                                                                                                                                                                AtomSet
                                                                                                                                                                                                                MxAtomId::GetAtom
                                                                                                                                                                                                                  ::MxString
                                                                                                                                                                                                                    ::MxString
                                                                                                                                                                                                                      ::MxCore
                                                                                                                                                                                                                        ::MxCore
                                                                                                                                                                                                                  AtomSet
                                                                                                                                                                                                                  AtomSet
                                                                                                                                                                                                                  AtomSet
                                                                                                                                                                                                              AtomSet
                                                                                                                                                                                                              MxAtomId::GetAtom
                                                                                                                                                                                                                ::MxString
                                                                                                                                                                                                                  ::MxString
                                                                                                                                                                                                                    ::MxCore
                                                                                                                                                                                                                      ::MxCore
                                                                                                                                                                                                                AtomSet
                                                                                                                                                                                                                AtomSet
                                                                                                                                                                                                              AtomSet
                                                                                                                                                                                                              ::MxString
                                                                                                                                                                                                                ::MxString
                                                                                                                                                                                                                  ::MxCore
                                                                                                                                                                                                                    ::MxCore
                                                                                                                                                                                                              AtomSet
                                                                                                                                                                                                              AtomSet
                                                                                                                                                                                                              ::MxAtomId
                                                                                                                                                                                                                AtomSet
                                                                                                                                                                                                                MxAtomId::GetAtom
                                                                                                                                                                                                                  ::MxString
                                                                                                                                                                                                                    ::MxString
                                                                                                                                                                                                                      ::MxCore
                                                                                                                                                                                                                        ::MxCore
                                                                                                                                                                                                                  AtomSet
                                                                                                                                                                                                                  AtomSet
                                                                                                                                                                                                                  AtomSet
                                                                                                                                                                                                              AtomSet
                                                                                                                                                                                                              MxAtomId::GetAtom
                                                                                                                                                                                                                ::MxString
                                                                                                                                                                                                                  ::MxString
                                                                                                                                                                                                                    ::MxCore
                                                                                                                                                                                                                      ::MxCore
                                                                                                                                                                                                                AtomSet
                                                                                                                                                                                                                AtomSet
                                                                                                                                                                                                              AtomSet
                                                                                                                                                                                                              ::MxString
                                                                                                                                                                                                                ::MxString
                                                                                                                                                                                                                  ::MxCore
                                                                                                                                                                                                                    ::MxCore
                                                                                                                                                                                                              AtomSet
                                                                                                                                                                                                              AtomSet
                                                                                                                                                                                                              ::MxAtomId
                                                                                                                                                                                                                AtomSet
                                                                                                                                                                                                                MxAtomId::GetAtom
                                                                                                                                                                                                                  ::MxString
                                                                                                                                                                                                                    ::MxString
                                                                                                                                                                                                                      ::MxCore
                                                                                                                                                                                                                        ::MxCore
                                                                                                                                                                                                                  AtomSet
                                                                                                                                                                                                                  AtomSet
                                                                                                                                                                                                                  AtomSet
                                                                                                                                                                                                              AtomSet
                                                                                                                                                                                                              MxAtomId::GetAtom
                                                                                                                                                                                                                ::MxString
                                                                                                                                                                                                                  ::MxString
                                                                                                                                                                                                                    ::MxCore
                                                                                                                                                                                                                      ::MxCore
                                                                                                                                                                                                                AtomSet
                                                                                                                                                                                                                AtomSet
                                                                                                                                                                                                              AtomSet
                                                                                                                                                                                                              ::MxString
                                                                                                                                                                                                                ::MxString
                                                                                                                                                                                                                  ::MxCore
                                                                                                                                                                                                                    ::MxCore
                                                                                                                                                                                                              AtomSet
                                                                                                                                                                                                              AtomSet
                                                                                                                                                                                                              ::MxAtomId
                                                                                                                                                                                                                AtomSet
                                                                                                                                                                                                                MxAtomId::GetAtom
                                                                                                                                                                                                                  ::MxString
                                                                                                                                                                                                                    ::MxString
                                                                                                                                                                                                                      ::MxCore
                                                                                                                                                                                                                        ::MxCore
                                                                                                                                                                                                                  AtomSet
                                                                                                                                                                                                                  AtomSet
                                                                                                                                                                                                                  AtomSet
                                                                                                                                                                                                              AtomSet
                                                                                                                                                                                                              MxAtomId::GetAtom
                                                                                                                                                                                                                ::MxString
                                                                                                                                                                                                                  ::MxString
                                                                                                                                                                                                                    ::MxCore
                                                                                                                                                                                                                      ::MxCore
                                                                                                                                                                                                                AtomSet
                                                                                                                                                                                                                AtomSet
                                                                                                                                                                                                              AtomSet
                                                                                                                                                                                                              ::MxString
                                                                                                                                                                                                                ::MxString
                                                                                                                                                                                                                  ::MxCore
                                                                                                                                                                                                                    ::MxCore
                                                                                                                                                                                                              AtomSet
                                                                                                                                                                                                              AtomSet
                                                                                                                                                                                                              ::MxAtomId
                                                                                                                                                                                                                AtomSet
                                                                                                                                                                                                                MxAtomId::GetAtom
                                                                                                                                                                                                                  ::MxString
                                                                                                                                                                                                                    ::MxString
                                                                                                                                                                                                                      ::MxCore
                                                                                                                                                                                                                        ::MxCore
                                                                                                                                                                                                                  AtomSet
                                                                                                                                                                                                                  AtomSet
                                                                                                                                                                                                                  AtomSet
                                                                                                                                                                                                              AtomSet
                                                                                                                                                                                                              MxAtomId::GetAtom
                                                                                                                                                                                                                ::MxString
                                                                                                                                                                                                                  ::MxString
                                                                                                                                                                                                                    ::MxCore
                                                                                                                                                                                                                      ::MxCore
                                                                                                                                                                                                                AtomSet
                                                                                                                                                                                                                AtomSet
                                                                                                                                                                                                              AtomSet
                                                                                                                                                                                                              ::MxString
                                                                                                                                                                                                                ::MxString
                                                                                                                                                                                                                  ::MxCore
                                                                                                                                                                                                                    ::MxCore
                                                                                                                                                                                                              AtomSet
                                                                                                                                                                                                              AtomSet
                                                                                                                                                                                                              ::MxAtomId
                                                                                                                                                                                                                AtomSet
                                                                                                                                                                                                                MxAtomId::GetAtom
                                                                                                                                                                                                                  ::MxString
                                                                                                                                                                                                                    ::MxString
                                                                                                                                                                                                                      ::MxCore
                                                                                                                                                                                                                        ::MxCore
                                                                                                                                                                                                                  AtomSet
                                                                                                                                                                                                                  AtomSet
                                                                                                                                                                                                                  AtomSet
                                                                                                                                                                                                              AtomSet
                                                                                                                                                                                                              MxAtomId::GetAtom
                                                                                                                                                                                                                ::MxString
                                                                                                                                                                                                                  ::MxString
                                                                                                                                                                                                                    ::MxCore
                                                                                                                                                                                                                      ::MxCore
                                                                                                                                                                                                                AtomSet
                                                                                                                                                                                                                AtomSet
                                                                                                                                                                                                              AtomSet
                                                                                                                                                                                                              ::MxString
                                                                                                                                                                                                                ::MxString
                                                                                                                                                                                                                  ::MxCore
                                                                                                                                                                                                                    ::MxCore
                                                                                                                                                                                                              AtomSet
                                                                                                                                                                                                              AtomSet
                                                                                                                                                                                                              ::MxAtomId
                                                                                                                                                                                                                AtomSet
                                                                                                                                                                                                                MxAtomId::GetAtom
                                                                                                                                                                                                                  ::MxString
                                                                                                                                                                                                                    ::MxString
                                                                                                                                                                                                                      ::MxCore
                                                                                                                                                                                                                        ::MxCore
                                                                                                                                                                                                                  AtomSet
                                                                                                                                                                                                                  AtomSet
                                                                                                                                                                                                                  AtomSet
                                                                                                                                                                                                              AtomSet
                                                                                                                                                                                                              MxAtomId::GetAtom
                                                                                                                                                                                                                ::MxString
                                                                                                                                                                                                                  ::MxString
                                                                                                                                                                                                                    ::MxCore
                                                                                                                                                                                                                      ::MxCore
                                                                                                                                                                                                                AtomSet
                                                                                                                                                                                                                AtomSet
                                                                                                                                                                                                              AtomSet
                                                                                                                                                                                                              ::MxString
                                                                                                                                                                                                                ::MxString
                                                                                                                                                                                                                  ::MxCore
                                                                                                                                                                                                                    ::MxCore
                                                                                                                                                                                                              AtomSet
                                                                                                                                                                                                              AtomSet
                                                                                                                                                                                                              ::MxAtomId
                                                                                                                                                                                                                AtomSet
                                                                                                                                                                                                                MxAtomId::GetAtom
                                                                                                                                                                                                                  ::MxString
                                                                                                                                                                                                                    ::MxString
                                                                                                                                                                                                                      ::MxCore
                                                                                                                                                                                                                        ::MxCore
                                                                                                                                                                                                                  AtomSet
                                                                                                                                                                                                                  AtomSet
                                                                                                                                                                                                                  AtomSet
                                                                                                                                                                                                              AtomSet
                                                                                                                                                                                                              MxAtomId::GetAtom
                                                                                                                                                                                                                ::MxString
                                                                                                                                                                                                                  ::MxString
                                                                                                                                                                                                                    ::MxCore
                                                                                                                                                                                                                      ::MxCore
                                                                                                                                                                                                                AtomSet
                                                                                                                                                                                                                AtomSet
                                                                                                                                                                                                              AtomSet
                                                                                                                                                                                                              ::MxString
                                                                                                                                                                                                                ::MxString
                                                                                                                                                                                                                  ::MxCore
                                                                                                                                                                                                                    ::MxCore
                                                                                                                                                                                                              AtomSet
                                                                                                                                                                                                              AtomSet
                                                                                                                                                                                                              ::MxAtomId
                                                                                                                                                                                                                AtomSet
                                                                                                                                                                                                                MxAtomId::GetAtom
                                                                                                                                                                                                                  ::MxString
                                                                                                                                                                                                                    ::MxString
                                                                                                                                                                                                                      ::MxCore
                                                                                                                                                                                                                        ::MxCore
                                                                                                                                                                                                                  AtomSet
                                                                                                                                                                                                                  AtomSet
                                                                                                                                                                                                                  AtomSet
                                                                                                                                                                                                              AtomSet
                                                                                                                                                                                                              MxAtomId::GetAtom
                                                                                                                                                                                                                ::MxString
                                                                                                                                                                                                                  ::MxString
                                                                                                                                                                                                                    ::MxCore
                                                                                                                                                                                                                      ::MxCore
                                                                                                                                                                                                                AtomSet
                                                                                                                                                                                                                AtomSet
                                                                                                                                                                                                              AtomSet
                                                                                                                                                                                                              ::MxString
                                                                                                                                                                                                                ::MxString
                                                                                                                                                                                                                  ::MxCore
                                                                                                                                                                                                                    ::MxCore
                                                                                                                                                                                                              AtomSet
                                                                                                                                                                                                              AtomSet
                                                                                                                                                                                                              ::MxAtomId
                                                                                                                                                                                                                AtomSet
                                                                                                                                                                                                                MxAtomId::GetAtom
                                                                                                                                                                                                                  ::MxString
                                                                                                                                                                                                                    ::MxString
                                                                                                                                                                                                                      ::MxCore
                                                                                                                                                                                                                        ::MxCore
                                                                                                                                                                                                                  AtomSet
                                                                                                                                                                                                                  AtomSet
                                                                                                                                                                                                                  AtomSet
                                                                                                                                                                                                              AtomSet
                                                                                                                                                                                                              MxAtomId::GetAtom
                                                                                                                                                                                                                ::MxString
                                                                                                                                                                                                                  ::MxString
                                                                                                                                                                                                                    ::MxCore
                                                                                                                                                                                                                      ::MxCore
                                                                                                                                                                                                                AtomSet
                                                                                                                                                                                                                AtomSet
                                                                                                                                                                                                              AtomSet
                                                                                                                                                                                                              ::MxString
                                                                                                                                                                                                                ::MxString
                                                                                                                                                                                                                  ::MxCore
                                                                                                                                                                                                                    ::MxCore
                                                                                                                                                                                                              AtomSet
                                                                                                                                                                                                              AtomSet
                                                                                                                                                                                                              ::MxAtomId
                                                                                                                                                                                                                AtomSet
                                                                                                                                                                                                                MxAtomId::GetAtom
                                                                                                                                                                                                                  ::MxString
                                                                                                                                                                                                                    ::MxString
                                                                                                                                                                                                                      ::MxCore
                                                                                                                                                                                                                        ::MxCore
                                                                                                                                                                                                                  AtomSet
                                                                                                                                                                                                                  AtomSet
                                                                                                                                                                                                                  AtomSet
                                                                                                                                                                                                              AtomSet
                                                                                                                                                                                                              MxAtomId::GetAtom
                                                                                                                                                                                                                ::MxString
                                                                                                                                                                                                                  ::MxString
                                                                                                                                                                                                                    ::MxCore
                                                                                                                                                                                                                      ::MxCore
                                                                                                                                                                                                                AtomSet
                                                                                                                                                                                                                AtomSet
                                                                                                                                                                                                              AtomSet
                                                                                                                                                                                                              ::MxString
                                                                                                                                                                                                                ::MxString
                                                                                                                                                                                                                  ::MxCore
                                                                                                                                                                                                                    ::MxCore
                                                                                                                                                                                                              AtomSet
                                                                                                                                                                                                              AtomSet
                                                                                                                                                                                                              ::MxAtomId
                                                                                                                                                                                                                AtomSet
                                                                                                                                                                                                                MxAtomId::GetAtom
                                                                                                                                                                                                                  ::MxString
                                                                                                                                                                                                                    ::MxString
                                                                                                                                                                                                                      ::MxCore
                                                                                                                                                                                                                        ::MxCore
                                                                                                                                                                                                                  AtomSet
                                                                                                                                                                                                                  AtomSet
                                                                                                                                                                                                                  AtomSet
                                                                                                                                                                                                              AtomSet
                                                                                                                                                                                                              MxAtomId::GetAtom
                                                                                                                                                                                                                ::MxString
                                                                                                                                                                                                                  ::MxString
                                                                                                                                                                                                                    ::MxCore
                                                                                                                                                                                                                      ::MxCore
                                                                                                                                                                                                                AtomSet
                                                                                                                                                                                                                AtomSet
                                                                                                                                                                                                              AtomSet
                                                                                                                                                                                                              ::MxString
                                                                                                                                                                                                                ::MxString
                                                                                                                                                                                                                  ::MxCore
                                                                                                                                                                                                                    ::MxCore
                                                                                                                                                                                                              AtomSet
                                                                                                                                                                                                              AtomSet
                                                                                                                                                                                                              ::MxAtomId
                                                                                                                                                                                                                AtomSet
                                                                                                                                                                                                                MxAtomId::GetAtom
                                                                                                                                                                                                                  ::MxString
                                                                                                                                                                                                                    ::MxString
                                                                                                                                                                                                                      ::MxCore
                                                                                                                                                                                                                        ::MxCore
                                                                                                                                                                                                                  AtomSet
                                                                                                                                                                                                                  AtomSet
                                                                                                                                                                                                                  AtomSet
                                                                                                                                                                                                              AtomSet
                                                                                                                                                                                                              MxAtomId::GetAtom
                                                                                                                                                                                                                ::MxString
                                                                                                                                                                                                                  ::MxString
                                                                                                                                                                                                                    ::MxCore
                                                                                                                                                                                                                      ::MxCore
                                                                                                                                                                                                                AtomSet
                                                                                                                                                                                                                AtomSet
                                                                                                                                                                                                              AtomSet
                                                                                                                                                                                                              ::MxString
                                                                                                                                                                                                                ::MxString
                                                                                                                                                                                                                  ::MxCore
                                                                                                                                                                                                                    ::MxCore
                                                                                                                                                                                                              AtomSet
                                                                                                                                                                                                              AtomSet
                                                                                                                                                                                                              ::MxAtomId
                                                                                                                                                                                                                AtomSet
                                                                                                                                                                                                                MxAtomId::GetAtom
                                                                                                                                                                                                                  ::MxString
                                                                                                                                                                                                                    ::MxString
                                                                                                                                                                                                                      ::MxCore
                                                                                                                                                                                                                        ::MxCore
                                                                                                                                                                                                                  AtomSet
                                                                                                                                                                                                                  AtomSet
                                                                                                                                                                                                                  AtomSet
                                                                                                                                                                                                              AtomSet
                                                                                                                                                                                                              MxAtomId::GetAtom
                                                                                                                                                                                                                ::MxString
                                                                                                                                                                                                                  ::MxString
                                                                                                                                                                                                                    ::MxCore
                                                                                                                                                                                                                      ::MxCore
                                                                                                                                                                                                                AtomSet
                                                                                                                                                                                                                AtomSet
                                                                                                                                                                                                              AtomSet
                                                                                                                                                                                                              ::MxString
                                                                                                                                                                                                                ::MxString
                                                                                                                                                                                                                  ::MxCore
                                                                                                                                                                                                                    ::MxCore
                                                                                                                                                                                                              AtomSet
                                                                                                                                                                                                              AtomSet
                                                                                                                                                                                                              ::MxAtomId
                                                                                                                                                                                                                AtomSet
                                                                                                                                                                                                                MxAtomId::GetAtom
                                                                                                                                                                                                                  ::MxString
                                                                                                                                                                                                                    ::MxString
                                                                                                                                                                                                                      ::MxCore
                                                                                                                                                                                                                        ::MxCore
                                                                                                                                                                                                                  AtomSet
                                                                                                                                                                                                                  AtomSet
                                                                                                                                                                                                                  AtomSet
                                                                                                                                                                                                              AtomSet
                                                                                                                                                                                                              MxAtomId::GetAtom
                                                                                                                                                                                                                ::MxString
                                                                                                                                                                                                                  ::MxString
                                                                                                                                                                                                                    ::MxCore
                                                                                                                                                                                                                      ::MxCore
                                                                                                                                                                                                                AtomSet
                                                                                                                                                                                                                AtomSet
                                                                                                                                                                                                              AtomSet
                                                                                                                                                                                                              ::MxString
                                                                                                                                                                                                                ::MxString
                                                                                                                                                                                                                  ::MxCore
                                                                                                                                                                                                                    ::MxCore
                                                                                                                                                                                                              AtomSet
                                                                                                                                                                                                              AtomSet
                                                                                                                                                                                                              ::MxAtomId
                                                                                                                                                                                                                AtomSet
                                                                                                                                                                                                                MxAtomId::GetAtom
                                                                                                                                                                                                                  ::MxString
                                                                                                                                                                                                                    ::MxString
                                                                                                                                                                                                                      ::MxCore
                                                                                                                                                                                                                        ::MxCore
                                                                                                                                                                                                                  AtomSet
                                                                                                                                                                                                                  AtomSet
                                                                                                                                                                                                                  AtomSet
                                                                                                                                                                                                              AtomSet
                                                                                                                                                                                                              MxAtomId::GetAtom
                                                                                                                                                                                                                ::MxString
                                                                                                                                                                                                                  ::MxString
                                                                                                                                                                                                                    ::MxCore
                                                                                                                                                                                                                      ::MxCore
                                                                                                                                                                                                                AtomSet
                                                                                                                                                                                                                AtomSet
                                                                                                                                                                                                              AtomSet
                                                                                                                                                                                                              ::MxString
                                                                                                                                                                                                                ::MxString
                                                                                                                                                                                                                  ::MxCore
                                                                                                                                                                                                                    ::MxCore
                                                                                                                                                                                                              AtomSet
                                                                                                                                                                                                              AtomSet
                                                                                                                                                                                                              ::MxAtomId
                                                                                                                                                                                                                AtomSet
                                                                                                                                                                                                                MxAtomId::GetAtom
                                                                                                                                                                                                                  ::MxString
                                                                                                                                                                                                                    ::MxString
                                                                                                                                                                                                                      ::MxCore
                                                                                                                                                                                                                        ::MxCore
                                                                                                                                                                                                                  AtomSet
                                                                                                                                                                                                                  AtomSet
                                                                                                                                                                                                                  AtomSet
                                                                                                                                                                                                              AtomSet
                                                                                                                                                                                                              MxAtomId::GetAtom
                                                                                                                                                                                                                ::MxString
                                                                                                                                                                                                                  ::MxString
                                                                                                                                                                                                                    ::MxCore
                                                                                                                                                                                                                      ::MxCore
                                                                                                                                                                                                                AtomSet
                                                                                                                                                                                                                AtomSet
                                                                                                                                                                                                              AtomSet
                                                                                                                                                                                                              ::MxString
                                                                                                                                                                                                                ::MxString
                                                                                                                                                                                                                  ::MxCore
                                                                                                                                                                                                                    ::MxCore
                                                                                                                                                                                                              AtomSet
                                                                                                                                                                                                              AtomSet
                                                                                                                                                                                                              ::MxAtomId
                                                                                                                                                                                                                AtomSet
                                                                                                                                                                                                                MxAtomId::GetAtom
                                                                                                                                                                                                                  ::MxString
                                                                                                                                                                                                                    ::MxString
                                                                                                                                                                                                                      ::MxCore
                                                                                                                                                                                                                        ::MxCore
                                                                                                                                                                                                                  AtomSet
                                                                                                                                                                                                                  AtomSet
                                                                                                                                                                                                                  AtomSet
                                                                                                                                                                                                              AtomSet
                                                                                                                                                                                                              MxAtomId::GetAtom
                                                                                                                                                                                                                ::MxString
                                                                                                                                                                                                                  ::MxString
                                                                                                                                                                                                                    ::MxCore
                                                                                                                                                                                                                      ::MxCore
                                                                                                                                                                                                                AtomSet
                                                                                                                                                                                                                AtomSet
                                                                                                                                                                                                              AtomSet
                                                                                                                                                                                                              ::MxString
                                                                                                                                                                                                                ::MxString
                                                                                                                                                                                                                  ::MxCore
                                                                                                                                                                                                                    ::MxCore
                                                                                                                                                                                                              AtomSet
                                                                                                                                                                                                              AtomSet
                                                                                                                                                                                                              ::MxAtomId
                                                                                                                                                                                                                AtomSet
                                                                                                                                                                                                                MxAtomId::GetAtom
                                                                                                                                                                                                                  ::MxString
                                                                                                                                                                                                                    ::MxString
                                                                                                                                                                                                                      ::MxCore
                                                                                                                                                                                                                        ::MxCore
                                                                                                                                                                                                                  AtomSet
                                                                                                                                                                                                                  AtomSet
                                                                                                                                                                                                                  AtomSet
                                                                                                                                                                                                              AtomSet
                                                                                                                                                                                                              MxAtomId::GetAtom
                                                                                                                                                                                                                ::MxString
                                                                                                                                                                                                                  ::MxString
                                                                                                                                                                                                                    ::MxCore
                                                                                                                                                                                                                      ::MxCore
                                                                                                                                                                                                                AtomSet
                                                                                                                                                                                                                AtomSet
                                                                                                                                                                                                              AtomSet
                                                                                                                                                                                                              ::MxString
                                                                                                                                                                                                                ::MxString
                                                                                                                                                                                                                  ::MxCore
                                                                                                                                                                                                                    ::MxCore
                                                                                                                                                                                                              AtomSet
                                                                                                                                                                                                              AtomSet
                                                                                                                                                                                                              ::MxAtomId
                                                                                                                                                                                                                AtomSet
                                                                                                                                                                                                                MxAtomId::GetAtom
                                                                                                                                                                                                                  ::MxString
                                                                                                                                                                                                                    ::MxString
                                                                                                                                                                                                                      ::MxCore
                                                                                                                                                                                                                        ::MxCore
                                                                                                                                                                                                                  AtomSet
                                                                                                                                                                                                                  AtomSet
                                                                                                                                                                                                                  AtomSet
                                                                                                                                                                                                              AtomSet
                                                                                                                                                                                                              MxAtomId::GetAtom
                                                                                                                                                                                                                ::MxString
                                                                                                                                                                                                                  ::MxString
                                                                                                                                                                                                                    ::MxCore
                                                                                                                                                                                                                      ::MxCore
                                                                                                                                                                                                                AtomSet
                                                                                                                                                                                                                AtomSet
                                                                                                                                                                                                              AtomSet
                                                                                                                                                                                                              ::MxString
                                                                                                                                                                                                                ::MxString
                                                                                                                                                                                                                  ::MxCore
                                                                                                                                                                                                                    ::MxCore
                                                                                                                                                                                                              AtomSet
                                                                                                                                                                                                              AtomSet
                                                                                                                                                                                                              ::MxAtomId
                                                                                                                                                                                                                AtomSet
                                                                                                                                                                                                                MxAtomId::GetAtom
                                                                                                                                                                                                                  ::MxString
                                                                                                                                                                                                                    ::MxString
                                                                                                                                                                                                                      ::MxCore
                                                                                                                                                                                                                        ::MxCore
                                                                                                                                                                                                                  AtomSet
                                                                                                                                                                                                                  AtomSet
                                                                                                                                                                                                                  AtomSet
                                                                                                                                                                                                              AtomSet
                                                                                                                                                                                                              MxAtomId::GetAtom
                                                                                                                                                                                                                ::MxString
                                                                                                                                                                                                                  ::MxString
                                                                                                                                                                                                                    ::MxCore
                                                                                                                                                                                                                      ::MxCore
                                                                                                                                                                                                                AtomSet
                                                                                                                                                                                                                AtomSet
                                                                                                                                                                                                              AtomSet
                                                                                                                                                                                                              ::MxString
                                                                                                                                                                                                                ::MxString
                                                                                                                                                                                                                  ::MxCore
                                                                                                                                                                                                                    ::MxCore
                                                                                                                                                                                                              AtomSet
                                                                                                                                                                                                              AtomSet
                                                                                                                                                                                                              ::MxAtomId
                                                                                                                                                                                                                AtomSet
                                                                                                                                                                                                                MxAtomId::GetAtom
                                                                                                                                                                                                                  ::MxString
                                                                                                                                                                                                                    ::MxString
                                                                                                                                                                                                                      ::MxCore
                                                                                                                                                                                                                        ::MxCore
                                                                                                                                                                                                                  AtomSet
                                                                                                                                                                                                                  AtomSet
                                                                                                                                                                                                                  AtomSet
                                                                                                                                                                                                              AtomSet
                                                                                                                                                                                                              MxAtomId::GetAtom
                                                                                                                                                                                                                ::MxString
                                                                                                                                                                                                                  ::MxString
                                                                                                                                                                                                                    ::MxCore
                                                                                                                                                                                                                      ::MxCore
                                                                                                                                                                                                                AtomSet
                                                                                                                                                                                                                AtomSet
                                                                                                                                                                                                              AtomSet
                                                                                                                                                                                                              ::MxString
                                                                                                                                                                                                                ::MxString
                                                                                                                                                                                                                  ::MxCore
                                                                                                                                                                                                                    ::MxCore
                                                                                                                                                                                                              AtomSet
                                                                                                                                                                                                              AtomSet
                                                                                                                                                                                                              ::MxAtomId
                                                                                                                                                                                                                AtomSet
                                                                                                                                                                                                                MxAtomId::GetAtom
                                                                                                                                                                                                                  ::MxString
                                                                                                                                                                                                                    ::MxString
                                                                                                                                                                                                                      ::MxCore
                                                                                                                                                                                                                        ::MxCore
                                                                                                                                                                                                                  AtomSet
                                                                                                                                                                                                                  AtomSet
                                                                                                                                                                                                                  AtomSet
                                                                                                                                                                                                              AtomSet
                                                                                                                                                                                                              MxAtomId::GetAtom
                                                                                                                                                                                                                ::MxString
                                                                                                                                                                                                                  ::MxString
                                                                                                                                                                                                                    ::MxCore
                                                                                                                                                                                                                      ::MxCore
                                                                                                                                                                                                                AtomSet
                                                                                                                                                                                                                AtomSet
                                                                                                                                                                                                              AtomSet
                                                                                                                                                                                                              ::MxString
                                                                                                                                                                                                                ::MxString
                                                                                                                                                                                                                  ::MxCore
                                                                                                                                                                                                                    ::MxCore
                                                                                                                                                                                                              AtomSet
                                                                                                                                                                                                              AtomSet
                                                                                                                                                                                                              ::MxAtomId
                                                                                                                                                                                                                AtomSet
                                                                                                                                                                                                                MxAtomId::GetAtom
                                                                                                                                                                                                                  ::MxString
                                                                                                                                                                                                                    ::MxString
                                                                                                                                                                                                                      ::MxCore
                                                                                                                                                                                                                        ::MxCore
                                                                                                                                                                                                                  AtomSet
                                                                                                                                                                                                                  AtomSet
                                                                                                                                                                                                                  AtomSet
                                                                                                                                                                                                              AtomSet
                                                                                                                                                                                                              MxAtomId::GetAtom
                                                                                                                                                                                                                ::MxString
                                                                                                                                                                                                                  ::MxString
                                                                                                                                                                                                                    ::MxCore
                                                                                                                                                                                                                      ::MxCore
                                                                                                                                                                                                                AtomSet
                                                                                                                                                                                                                AtomSet
                                                                                                                                                                                                              AtomSet
                                                                                                                                                                                                              ::MxString
                                                                                                                                                                                                                ::MxString
                                                                                                                                                                                                                  ::MxCore
                                                                                                                                                                                                                    ::MxCore
                                                                                                                                                                                                              AtomSet
                                                                                                                                                                                                              AtomSet
                                                                                                                                                                                                              ::MxAtomId
                                                                                                                                                                                                                AtomSet
                                                                                                                                                                                                                MxAtomId::GetAtom
                                                                                                                                                                                                                  ::MxString
                                                                                                                                                                                                                    ::MxString
                                                                                                                                                                                                                      ::MxCore
                                                                                                                                                                                                                        ::MxCore
                                                                                                                                                                                                                  AtomSet
                                                                                                                                                                                                                  AtomSet
                                                                                                                                                                                                                  AtomSet
                                                                                                                                                                                                              AtomSet
                                                                                                                                                                                                              MxAtomId::GetAtom
                                                                                                                                                                                                                ::MxString
                                                                                                                                                                                                                  ::MxString
                                                                                                                                                                                                                    ::MxCore
                                                                                                                                                                                                                      ::MxCore
                                                                                                                                                                                                                AtomSet
                                                                                                                                                                                                                AtomSet
                                                                                                                                                                                                              AtomSet
                                                                                                                                                                                                              ::MxString
                                                                                                                                                                                                                ::MxString
                                                                                                                                                                                                                  ::MxCore
                                                                                                                                                                                                                    ::MxCore
                                                                                                                                                                                                              AtomSet
                                                                                                                                                                                                              AtomSet
                                                                                                                                                                                                              ::MxAtomId
                                                                                                                                                                                                                AtomSet
                                                                                                                                                                                                                MxAtomId::GetAtom
                                                                                                                                                                                                                  ::MxString
                                                                                                                                                                                                                    ::MxString
                                                                                                                                                                                                                      ::MxCore
                                                                                                                                                                                                                        ::MxCore
                                                                                                                                                                                                                  AtomSet
                                                                                                                                                                                                                  AtomSet
                                                                                                                                                                                                                  AtomSet
                                                                                                                                                                                                              AtomSet
                                                                                                                                                                                                              MxAtomId::GetAtom
                                                                                                                                                                                                                ::MxString
                                                                                                                                                                                                                  ::MxString
                                                                                                                                                                                                                    ::MxCore
                                                                                                                                                                                                                      ::MxCore
                                                                                                                                                                                                                AtomSet
                                                                                                                                                                                                                AtomSet
                                                                                                                                                                                                              AtomSet
                                                                                                                                                                                                              ::MxString
                                                                                                                                                                                                                ::MxString
                                                                                                                                                                                                                  ::MxCore
                                                                                                                                                                                                                    ::MxCore
                                                                                                                                                                                                              AtomSet
                                                                                                                                                                                                              AtomSet
                                                                                                                                                                                                              ::MxAtomId
                                                                                                                                                                                                                AtomSet
                                                                                                                                                                                                                MxAtomId::GetAtom
                                                                                                                                                                                                                  ::MxString
                                                                                                                                                                                                                    ::MxString
                                                                                                                                                                                                                      ::MxCore
                                                                                                                                                                                                                        ::MxCore
                                                                                                                                                                                                                  AtomSet
                                                                                                                                                                                                                  AtomSet
                                                                                                                                                                                                                  AtomSet
                                                                                                                                                                                                              AtomSet
                                                                                                                                                                                                              MxAtomId::GetAtom
                                                                                                                                                                                                                ::MxString
                                                                                                                                                                                                                  ::MxString
                                                                                                                                                                                                                    ::MxCore
                                                                                                                                                                                                                      ::MxCore
                                                                                                                                                                                                                AtomSet
                                                                                                                                                                                                                AtomSet
                                                                                                                                                                                                              AtomSet
                                                                                                                                                                                                              ::MxString
                                                                                                                                                                                                                ::MxString
                                                                                                                                                                                                                  ::MxCore
                                                                                                                                                                                                                    ::MxCore
                                                                                                                                                                                                              AtomSet
                                                                                                                                                                                                              AtomSet
                                                                                                                                                                                                              ::MxAtomId
                                                                                                                                                                                                                AtomSet
                                                                                                                                                                                                                MxAtomId::GetAtom
                                                                                                                                                                                                                  ::MxString
                                                                                                                                                                                                                    ::MxString
                                                                                                                                                                                                                      ::MxCore
                                                                                                                                                                                                                        ::MxCore
                                                                                                                                                                                                                  AtomSet
                                                                                                                                                                                                                  AtomSet
                                                                                                                                                                                                                  AtomSet
                                                                                                                                                                                                              AtomSet
                                                                                                                                                                                                              MxAtomId::GetAtom
                                                                                                                                                                                                                ::MxString
                                                                                                                                                                                                                  ::MxString
                                                                                                                                                                                                                    ::MxCore
                                                                                                                                                                                                                      ::MxCore
                                                                                                                                                                                                                AtomSet
                                                                                                                                                                                                                AtomSet
                                                                                                                                                                                                              AtomSet
                                                                                                                                                                                                              ::MxString
                                                                                                                                                                                                                ::MxString
                                                                                                                                                                                                                  ::MxCore
                                                                                                                                                                                                                    ::MxCore
                                                                                                                                                                                                              AtomSet
                                                                                                                                                                                                              AtomSet
                                                                                                                                                                                                              ::MxAtomId
                                                                                                                                                                                                                AtomSet
                                                                                                                                                                                                                MxAtomId::GetAtom
                                                                                                                                                                                                                  ::MxString
                                                                                                                                                                                                                    ::MxString
                                                                                                                                                                                                                      ::MxCore
                                                                                                                                                                                                                        ::MxCore
                                                                                                                                                                                                                  AtomSet
                                                                                                                                                                                                                  AtomSet
                                                                                                                                                                                                                  AtomSet
                                                                                                                                                                                                              AtomSet
                                                                                                                                                                                                              MxAtomId::GetAtom
                                                                                                                                                                                                                ::MxString
                                                                                                                                                                                                                  ::MxString
                                                                                                                                                                                                                    ::MxCore
                                                                                                                                                                                                                      ::MxCore
                                                                                                                                                                                                                AtomSet
                                                                                                                                                                                                                AtomSet
                                                                                                                                                                                                              AtomSet
                                                                                                                                                                                                              ::MxString
                                                                                                                                                                                                                ::MxString
                                                                                                                                                                                                                  ::MxCore
                                                                                                                                                                                                                    ::MxCore
                                                                                                                                                                                                              AtomSet
                                                                                                                                                                                                              AtomSet
                                                                                                                                                                                                              ::MxAtomId
                                                                                                                                                                                                                AtomSet
                                                                                                                                                                                                                MxAtomId::GetAtom
                                                                                                                                                                                                                  ::MxString
                                                                                                                                                                                                                    ::MxString
                                                                                                                                                                                                                      ::MxCore
                                                                                                                                                                                                                        ::MxCore
                                                                                                                                                                                                                  AtomSet
                                                                                                                                                                                                                  AtomSet
                                                                                                                                                                                                                  AtomSet
                                                                                                                                                                                                              AtomSet
                                                                                                                                                                                                              MxAtomId::GetAtom
                                                                                                                                                                                                                ::MxString
                                                                                                                                                                                                                  ::MxString
                                                                                                                                                                                                                    ::MxCore
                                                                                                                                                                                                                      ::MxCore
                                                                                                                                                                                                                AtomSet
                                                                                                                                                                                                                AtomSet
                                                                                                                                                                                                              AtomSet
                                                                                                                                                                                                              ::MxString
                                                                                                                                                                                                                ::MxString
                                                                                                                                                                                                                  ::MxCore
                                                                                                                                                                                                                    ::MxCore
                                                                                                                                                                                                              AtomSet
                                                                                                                                                                                                              AtomSet
                                                                                                                                                                                                              ::MxAtomId
                                                                                                                                                                                                                AtomSet
                                                                                                                                                                                                                MxAtomId::GetAtom
                                                                                                                                                                                                                  ::MxString
                                                                                                                                                                                                                    ::MxString
                                                                                                                                                                                                                      ::MxCore
                                                                                                                                                                                                                        ::MxCore
                                                                                                                                                                                                                  AtomSet
                                                                                                                                                                                                                  AtomSet
                                                                                                                                                                                                                  AtomSet
                                                                                                                                                                                                              AtomSet
                                                                                                                                                                                                              MxAtomId::GetAtom
                                                                                                                                                                                                                ::MxString
                                                                                                                                                                                                                  ::MxString
                                                                                                                                                                                                                    ::MxCore
                                                                                                                                                                                                                      ::MxCore
                                                                                                                                                                                                                AtomSet
                                                                                                                                                                                                                AtomSet
                                                                                                                                                                                                              AtomSet
                                                                                                                                                                                                              ::MxString
                                                                                                                                                                                                                ::MxString
                                                                                                                                                                                                                  ::MxCore
                                                                                                                                                                                                                    ::MxCore
                                                                                                                                                                                                              AtomSet
                                                                                                                                                                                                              AtomSet
                                                                                                                                                                                                              ::MxAtomId
                                                                                                                                                                                                                AtomSet
                                                                                                                                                                                                                MxAtomId::GetAtom
                                                                                                                                                                                                                  ::MxString
                                                                                                                                                                                                                    ::MxString
                                                                                                                                                                                                                      ::MxCore
                                                                                                                                                                                                                        ::MxCore
                                                                                                                                                                                                                  AtomSet
                                                                                                                                                                                                                  AtomSet
                                                                                                                                                                                                                  AtomSet
                                                                                                                                                                                                              AtomSet
                                                                                                                                                                                                              MxAtomId::GetAtom
                                                                                                                                                                                                                ::MxString
                                                                                                                                                                                                                  ::MxString
                                                                                                                                                                                                                    ::MxCore
                                                                                                                                                                                                                      ::MxCore
                                                                                                                                                                                                                AtomSet
                                                                                                                                                                                                                AtomSet
                                                                                                                                                                                                              AtomSet
                                                                                                                                                                                                              ::MxString
                                                                                                                                                                                                                ::MxString
                                                                                                                                                                                                                  ::MxCore
                                                                                                                                                                                                                    ::MxCore
                                                                                                                                                                                                              AtomSet
                                                                                                                                                                                                              AtomSet
                                                                                                                                                                                                              ::MxAtomId
                                                                                                                                                                                                                AtomSet
                                                                                                                                                                                                                MxAtomId::GetAtom
                                                                                                                                                                                                                  ::MxString
                                                                                                                                                                                                                    ::MxString
                                                                                                                                                                                                                      ::MxCore
                                                                                                                                                                                                                        ::MxCore
                                                                                                                                                                                                                  AtomSet
                                                                                                                                                                                                                  AtomSet
                                                                                                                                                                                                                  AtomSet
                                                                                                                                                                                                              AtomSet
                                                                                                                                                                                                              MxAtomId::GetAtom
                                                                                                                                                                                                                ::MxString
                                                                                                                                                                                                                  ::MxString
                                                                                                                                                                                                                    ::MxCore
                                                                                                                                                                                                                      ::MxCore
                                                                                                                                                                                                                AtomSet
                                                                                                                                                                                                                AtomSet
                                                                                                                                                                                                              AtomSet
                                                                                                                                                                                                              ::MxString
                                                                                                                                                                                                                ::MxString
                                                                                                                                                                                                                  ::MxCore
                                                                                                                                                                                                                    ::MxCore
                                                                                                                                                                                                              AtomSet
                                                                                                                                                                                                              AtomSet
                                                                                                                                                                                                              ::MxAtomId
                                                                                                                                                                                                                AtomSet
                                                                                                                                                                                                                MxAtomId::GetAtom
                                                                                                                                                                                                                  ::MxString
                                                                                                                                                                                                                    ::MxString
                                                                                                                                                                                                                      ::MxCore
                                                                                                                                                                                                                        ::MxCore
                                                                                                                                                                                                                  AtomSet
                                                                                                                                                                                                                  AtomSet
                                                                                                                                                                                                                  AtomSet
                                                                                                                                                                                                              AtomSet
                                                                                                                                                                                                              MxAtomId::GetAtom
                                                                                                                                                                                                                ::MxString
                                                                                                                                                                                                                  ::MxString
                                                                                                                                                                                                                    ::MxCore
                                                                                                                                                                                                                      ::MxCore
                                                                                                                                                                                                                AtomSet
                                                                                                                                                                                                                AtomSet
                                                                                                                                                                                                              AtomSet
                                                                                                                                                                                                              ::MxString
                                                                                                                                                                                                                ::MxString
                                                                                                                                                                                                                  ::MxCore
                                                                                                                                                                                                                    ::MxCore
                                                                                                                                                                                                              AtomSet
                                                                                                                                                                                                              AtomSet
                                                                                                                                                                                                              ::MxAtomId
                                                                                                                                                                                                                AtomSet
                                                                                                                                                                                                                MxAtomId::GetAtom
                                                                                                                                                                                                                  ::MxString
                                                                                                                                                                                                                    ::MxString
                                                                                                                                                                                                                      ::MxCore
                                                                                                                                                                                                                        ::MxCore
                                                                                                                                                                                                                  AtomSet
                                                                                                                                                                                                                  AtomSet
                                                                                                                                                                                                                  AtomSet
                                                                                                                                                                                                              AtomSet
                                                                                                                                                                                                              MxAtomId::GetAtom
                                                                                                                                                                                                                ::MxString
                                                                                                                                                                                                                  ::MxString
                                                                                                                                                                                                                    ::MxCore
                                                                                                                                                                                                                      ::MxCore
                                                                                                                                                                                                                AtomSet
                                                                                                                                                                                                                AtomSet
                                                                                                                                                                                                              AtomSet
                                                                                                                                                                                                              ::MxString
                                                                                                                                                                                                                ::MxString
                                                                                                                                                                                                                  ::MxCore
                                                                                                                                                                                                                    ::MxCore
                                                                                                                                                                                                              AtomSet
                                                                                                                                                                                                              AtomSet
                                                                                                                                                                                                              ::MxAtomId
                                                                                                                                                                                                                AtomSet
                                                                                                                                                                                                                MxAtomId::GetAtom
                                                                                                                                                                                                                  ::MxString
                                                                                                                                                                                                                    ::MxString
                                                                                                                                                                                                                      ::MxCore
                                                                                                                                                                                                                        ::MxCore
                                                                                                                                                                                                                  AtomSet
                                                                                                                                                                                                                  AtomSet
                                                                                                                                                                                                                  AtomSet
                                                                                                                                                                                                              AtomSet
                                                                                                                                                                                                              MxAtomId::GetAtom
                                                                                                                                                                                                                ::MxString
                                                                                                                                                                                                                  ::MxString
                                                                                                                                                                                                                    ::MxCore
                                                                                                                                                                                                                      ::MxCore
                                                                                                                                                                                                                AtomSet
                                                                                                                                                                                                                AtomSet
                                                                                                                                                                                                              AtomSet
                                                                                                                                                                                                              ::MxString
                                                                                                                                                                                                                ::MxString
                                                                                                                                                                                                                  ::MxCore
                                                                                                                                                                                                                    ::MxCore
                                                                                                                                                                                                              AtomSet
                                                                                                                                                                                                              AtomSet
                                                                                                                                                                                                              ::MxAtomId
                                                                                                                                                                                                                AtomSet
                                                                                                                                                                                                                MxAtomId::GetAtom
                                                                                                                                                                                                                  ::MxString
                                                                                                                                                                                                                    ::MxString
                                                                                                                                                                                                                      ::MxCore
                                                                                                                                                                                                                        ::MxCore
                                                                                                                                                                                                                  AtomSet
                                                                                                                                                                                                                  AtomSet
                                                                                                                                                                                                                  AtomSet
                                                                                                                                                                                                              AtomSet
                                                                                                                                                                                                              MxAtomId::GetAtom
                                                                                                                                                                                                                ::MxString
                                                                                                                                                                                                                  ::MxString
                                                                                                                                                                                                                    ::MxCore
                                                                                                                                                                                                                      ::MxCore
                                                                                                                                                                                                                AtomSet
                                                                                                                                                                                                                AtomSet
                                                                                                                                                                                                              AtomSet
                                                                                                                                                                                                              ::MxString
                                                                                                                                                                                                                ::MxString
                                                                                                                                                                                                                  ::MxCore
                                                                                                                                                                                                                    ::MxCore
                                                                                                                                                                                                              AtomSet
                                                                                                                                                                                                              AtomSet
                                                                                                                                                                                                              ::MxAtomId
                                                                                                                                                                                                                AtomSet
                                                                                                                                                                                                                MxAtomId::GetAtom
                                                                                                                                                                                                                  ::MxString
                                                                                                                                                                                                                    ::MxString
                                                                                                                                                                                                                      ::MxCore
                                                                                                                                                                                                                        ::MxCore
                                                                                                                                                                                                                  AtomSet
                                                                                                                                                                                                                  AtomSet
                                                                                                                                                                                                                  AtomSet
                                                                                                                                                                                                              AtomSet
                                                                                                                                                                                                              MxAtomId::GetAtom
                                                                                                                                                                                                                ::MxString
                                                                                                                                                                                                                  ::MxString
                                                                                                                                                                                                                    ::MxCore
                                                                                                                                                                                                                      ::MxCore
                                                                                                                                                                                                                AtomSet
                                                                                                                                                                                                                AtomSet
                                                                                                                                                                                                              AtomSet
                                                                                                                                                                                                              ::MxString
                                                                                                                                                                                                                ::MxString
                                                                                                                                                                                                                  ::MxCore
                                                                                                                                                                                                                    ::MxCore
                                                                                                                                                                                                              AtomSet
                                                                                                                                                                                                              AtomSet
                                                                                                                                                                                                              ::MxAtomId
                                                                                                                                                                                                                AtomSet
                                                                                                                                                                                                                MxAtomId::GetAtom
                                                                                                                                                                                                                  ::MxString
                                                                                                                                                                                                                    ::MxString
                                                                                                                                                                                                                      ::MxCore
                                                                                                                                                                                                                        ::MxCore
                                                                                                                                                                                                                  AtomSet
                                                                                                                                                                                                                  AtomSet
                                                                                                                                                                                                                  AtomSet
                                                                                                                                                                                                              AtomSet
                                                                                                                                                                                                              MxAtomId::GetAtom
                                                                                                                                                                                                                ::MxString
                                                                                                                                                                                                                  ::MxString
                                                                                                                                                                                                                    ::MxCore
                                                                                                                                                                                                                      ::MxCore
                                                                                                                                                                                                                AtomSet
                                                                                                                                                                                                                AtomSet
                                                                                                                                                                                                              AtomSet
                                                                                                                                                                                                              ::MxString
                                                                                                                                                                                                                ::MxString
                                                                                                                                                                                                                  ::MxCore
                                                                                                                                                                                                                    ::MxCore
                                                                                                                                                                                                              AtomSet
                                                                                                                                                                                                              AtomSet
                                                                                                                                                                                                              ::MxAtomId
                                                                                                                                                                                                                AtomSet
                                                                                                                                                                                                                MxAtomId::GetAtom
                                                                                                                                                                                                                  ::MxString
                                                                                                                                                                                                                    ::MxString
                                                                                                                                                                                                                      ::MxCore
                                                                                                                                                                                                                        ::MxCore
                                                                                                                                                                                                                  AtomSet
                                                                                                                                                                                                                  AtomSet
                                                                                                                                                                                                                  AtomSet
                                                                                                                                                                                                              AtomSet
                                                                                                                                                                                                              MxAtomId::GetAtom
                                                                                                                                                                                                                ::MxString
                                                                                                                                                                                                                  ::MxString
                                                                                                                                                                                                                    ::MxCore
                                                                                                                                                                                                                      ::MxCore
                                                                                                                                                                                                                AtomSet
                                                                                                                                                                                                                AtomSet
                                                                                                                                                                                                              AtomSet
                                                                                                                                                                                                              ::MxString
                                                                                                                                                                                                                ::MxString
                                                                                                                                                                                                                  ::MxCore
                                                                                                                                                                                                                    ::MxCore
                                                                                                                                                                                                              AtomSet
                                                                                                                                                                                                              AtomSet
                                                                                                                                                                                                              ::MxAtomId
                                                                                                                                                                                                                AtomSet
                                                                                                                                                                                                                MxAtomId::GetAtom
                                                                                                                                                                                                                  ::MxString
                                                                                                                                                                                                                    ::MxString
                                                                                                                                                                                                                      ::MxCore
                                                                                                                                                                                                                        ::MxCore
                                                                                                                                                                                                                  AtomSet
                                                                                                                                                                                                                  AtomSet
                                                                                                                                                                                                                  AtomSet
                                                                                                                                                                                                              AtomSet
                                                                                                                                                                                                              MxAtomId::GetAtom
                                                                                                                                                                                                                ::MxString
                                                                                                                                                                                                                  ::MxString
                                                                                                                                                                                                                    ::MxCore
                                                                                                                                                                                                                      ::MxCore
                                                                                                                                                                                                                AtomSet
                                                                                                                                                                                                                AtomSet
                                                                                                                                                                                                              AtomSet
                                                                                                                                                                                                              ::MxString
                                                                                                                                                                                                                ::MxString
                                                                                                                                                                                                                  ::MxCore
                                                                                                                                                                                                                    ::MxCore
                                                                                                                                                                                                              AtomSet
                                                                                                                                                                                                              AtomSet
                                                                                                                                                                                                              ::MxAtomId
                                                                                                                                                                                                                AtomSet
                                                                                                                                                                                                                MxAtomId::GetAtom
                                                                                                                                                                                                                  ::MxString
                                                                                                                                                                                                                    ::MxString
                                                                                                                                                                                                                      ::MxCore
                                                                                                                                                                                                                        ::MxCore
                                                                                                                                                                                                                  AtomSet
                                                                                                                                                                                                                  AtomSet
                                                                                                                                                                                                                  AtomSet
                                                                                                                                                                                                              AtomSet
                                                                                                                                                                                                              MxAtomId::GetAtom
                                                                                                                                                                                                                ::MxString
                                                                                                                                                                                                                  ::MxString
                                                                                                                                                                                                                    ::MxCore
                                                                                                                                                                                                                      ::MxCore
                                                                                                                                                                                                                AtomSet
                                                                                                                                                                                                                AtomSet
                                                                                                                                                                                                              AtomSet
                                                                                                                                                                                                              ::MxString
                                                                                                                                                                                                                ::MxString
                                                                                                                                                                                                                  ::MxCore
                                                                                                                                                                                                                    ::MxCore
                                                                                                                                                                                                              AtomSet
                                                                                                                                                                                                              AtomSet
                                                                                                                                                                                                              ::MxAtomId
                                                                                                                                                                                                                AtomSet
                                                                                                                                                                                                                MxAtomId::GetAtom
                                                                                                                                                                                                                  ::MxString
                                                                                                                                                                                                                    ::MxString
                                                                                                                                                                                                                      ::MxCore
                                                                                                                                                                                                                        ::MxCore
                                                                                                                                                                                                                  AtomSet
                                                                                                                                                                                                                  AtomSet
                                                                                                                                                                                                                  AtomSet
                                                                                                                                                                                                              AtomSet
                                                                                                                                                                                                              MxAtomId::GetAtom
                                                                                                                                                                                                                ::MxString
                                                                                                                                                                                                                  ::MxString
                                                                                                                                                                                                                    ::MxCore
                                                                                                                                                                                                                      ::MxCore
                                                                                                                                                                                                                AtomSet
                                                                                                                                                                                                                AtomSet
                                                                                                                                                                                                              AtomSet
                                                                                                                                                                                                              ::MxString
                                                                                                                                                                                                                ::MxString
                                                                                                                                                                                                                  ::MxCore
                                                                                                                                                                                                                    ::MxCore
                                                                                                                                                                                                              AtomSet
                                                                                                                                                                                                              AtomSet
                                                                                                                                                                                                              ::MxAtomId
                                                                                                                                                                                                                AtomSet
                                                                                                                                                                                                                MxAtomId::GetAtom
                                                                                                                                                                                                                  ::MxString
                                                                                                                                                                                                                    ::MxString
                                                                                                                                                                                                                      ::MxCore
                                                                                                                                                                                                                        ::MxCore
                                                                                                                                                                                                                  AtomSet
                                                                                                                                                                                                                  AtomSet
                                                                                                                                                                                                                  AtomSet
                                                                                                                                                                                                              AtomSet
                                                                                                                                                                                                              MxAtomId::GetAtom
                                                                                                                                                                                                                ::MxString
                                                                                                                                                                                                                  ::MxString
                                                                                                                                                                                                                    ::MxCore
                                                                                                                                                                                                                      ::MxCore
                                                                                                                                                                                                                AtomSet
                                                                                                                                                                                                                AtomSet
                                                                                                                                                                                                              AtomSet
                                                                                                                                                                                                              ::MxString
                                                                                                                                                                                                                ::MxString
                                                                                                                                                                                                                  ::MxCore
                                                                                                                                                                                                                    ::MxCore
                                                                                                                                                                                                              AtomSet
                                                                                                                                                                                                              AtomSet
                                                                                                                                                                                                              ::MxAtomId
                                                                                                                                                                                                                AtomSet
                                                                                                                                                                                                                MxAtomId::GetAtom
                                                                                                                                                                                                                  ::MxString
                                                                                                                                                                                                                    ::MxString
                                                                                                                                                                                                                      ::MxCore
                                                                                                                                                                                                                        ::MxCore
                                                                                                                                                                                                                  AtomSet
                                                                                                                                                                                                                  AtomSet
                                                                                                                                                                                                                  AtomSet
                                                                                                                                                                                                              AtomSet
                                                                                                                                                                                                              MxAtomId::GetAtom
                                                                                                                                                                                                                ::MxString
                                                                                                                                                                                                                  ::MxString
                                                                                                                                                                                                                    ::MxCore
                                                                                                                                                                                                                      ::MxCore
                                                                                                                                                                                                                AtomSet
                                                                                                                                                                                                                AtomSet
                                                                                                                                                                                                              AtomSet
                                                                                                                                                                                                              ::MxString
                                                                                                                                                                                                                ::MxString
                                                                                                                                                                                                                  ::MxCore
                                                                                                                                                                                                                    ::MxCore
                                                                                                                                                                                                              AtomSet
                                                                                                                                                                                                              AtomSet
                                                                                                                                                                                                              ::MxAtomId
                                                                                                                                                                                                                AtomSet
                                                                                                                                                                                                                MxAtomId::GetAtom
                                                                                                                                                                                                                  ::MxString
                                                                                                                                                                                                                    ::MxString
                                                                                                                                                                                                                      ::MxCore
                                                                                                                                                                                                                        ::MxCore
                                                                                                                                                                                                                  AtomSet
                                                                                                                                                                                                                  AtomSet
                                                                                                                                                                                                                  AtomSet
                                                                                                                                                                                                              AtomSet
                                                                                                                                                                                                              MxAtomId::GetAtom
                                                                                                                                                                                                                ::MxString
                                                                                                                                                                                                                  ::MxString
                                                                                                                                                                                                                    ::MxCore
                                                                                                                                                                                                                      ::MxCore
                                                                                                                                                                                                                AtomSet
                                                                                                                                                                                                                AtomSet
                                                                                                                                                                                                              AtomSet
                                                                                                                                                                                                              ::MxString
                                                                                                                                                                                                                ::MxString
                                                                                                                                                                                                                  ::MxCore
                                                                                                                                                                                                                    ::MxCore
                                                                                                                                                                                                              AtomSet
                                                                                                                                                                                                              AtomSet
                                                                                                                                                                                                              ::MxAtomId
                                                                                                                                                                                                                AtomSet
                                                                                                                                                                                                                MxAtomId::GetAtom
                                                                                                                                                                                                                  ::MxString
                                                                                                                                                                                                                    ::MxString
                                                                                                                                                                                                                      ::MxCore
                                                                                                                                                                                                                        ::MxCore
                                                                                                                                                                                                                  AtomSet
                                                                                                                                                                                                                  AtomSet
                                                                                                                                                                                                                  AtomSet
                                                                                                                                                                                                              AtomSet
                                                                                                                                                                                                              MxAtomId::GetAtom
                                                                                                                                                                                                                ::MxString
                                                                                                                                                                                                                  ::MxString
                                                                                                                                                                                                                    ::MxCore
                                                                                                                                                                                                                      ::MxCore
                                                                                                                                                                                                                AtomSet
                                                                                                                                                                                                                AtomSet
                                                                                                                                                                                                              AtomSet
                                                                                                                                                                                                              ::MxString
                                                                                                                                                                                                                ::MxString
                                                                                                                                                                                                                  ::MxCore
                                                                                                                                                                                                                    ::MxCore
                                                                                                                                                                                                              AtomSet
                                                                                                                                                                                                              AtomSet
                                                                                                                                                                                                              ::MxAtomId
                                                                                                                                                                                                                AtomSet
                                                                                                                                                                                                                MxAtomId::GetAtom
                                                                                                                                                                                                                  ::MxString
                                                                                                                                                                                                                    ::MxString
                                                                                                                                                                                                                      ::MxCore
                                                                                                                                                                                                                        ::MxCore
                                                                                                                                                                                                                  AtomSet
                                                                                                                                                                                                                  AtomSet
                                                                                                                                                                                                                  AtomSet
                                                                                                                                                                                                              AtomSet
                                                                                                                                                                                                              MxAtomId::GetAtom
                                                                                                                                                                                                                ::MxString
                                                                                                                                                                                                                  ::MxString
                                                                                                                                                                                                                    ::MxCore
                                                                                                                                                                                                                      ::MxCore
                                                                                                                                                                                                                AtomSet
                                                                                                                                                                                                                AtomSet
                                                                                                                                                                                                              AtomSet
                                                                                                                                                                                                              ::MxString
                                                                                                                                                                                                                ::MxString
                                                                                                                                                                                                                  ::MxCore
                                                                                                                                                                                                                    ::MxCore
                                                                                                                                                                                                              AtomSet
                                                                                                                                                                                                              AtomSet
                                                                                                                                                                                                              ::MxAtomId
                                                                                                                                                                                                                AtomSet
                                                                                                                                                                                                                MxAtomId::GetAtom
                                                                                                                                                                                                                  ::MxString
                                                                                                                                                                                                                    ::MxString
                                                                                                                                                                                                                      ::MxCore
                                                                                                                                                                                                                        ::MxCore
                                                                                                                                                                                                                  AtomSet
                                                                                                                                                                                                                  AtomSet
                                                                                                                                                                                                                  AtomSet
                                                                                                                                                                                                              AtomSet
                                                                                                                                                                                                              MxAtomId::GetAtom
                                                                                                                                                                                                                ::MxString
                                                                                                                                                                                                                  ::MxString
                                                                                                                                                                                                                    ::MxCore
                                                                                                                                                                                                                      ::MxCore
                                                                                                                                                                                                                AtomSet
                                                                                                                                                                                                                AtomSet
                                                                                                                                                                                                              AtomSet
                                                                                                                                                                                                              ::MxString
                                                                                                                                                                                                                ::MxString
                                                                                                                                                                                                                  ::MxCore
                                                                                                                                                                                                                    ::MxCore
                                                                                                                                                                                                              AtomSet
                                                                                                                                                                                                              AtomSet
                                                                                                                                                                                                              ::MxAtomId
                                                                                                                                                                                                                AtomSet
                                                                                                                                                                                                                MxAtomId::GetAtom
                                                                                                                                                                                                                  ::MxString
                                                                                                                                                                                                                    ::MxString
                                                                                                                                                                                                                      ::MxCore
                                                                                                                                                                                                                        ::MxCore
                                                                                                                                                                                                                  AtomSet
                                                                                                                                                                                                                  AtomSet
                                                                                                                                                                                                                  AtomSet
                                                                                                                                                                                                              AtomSet
                                                                                                                                                                                                              MxAtomId::GetAtom
                                                                                                                                                                                                                ::MxString
                                                                                                                                                                                                                  ::MxString
                                                                                                                                                                                                                    ::MxCore
                                                                                                                                                                                                                      ::MxCore
                                                                                                                                                                                                                AtomSet
                                                                                                                                                                                                                AtomSet
                                                                                                                                                                                                              AtomSet
                                                                                                                                                                                                              ::MxString
                                                                                                                                                                                                                ::MxString
                                                                                                                                                                                                                  ::MxCore
                                                                                                                                                                                                                    ::MxCore
                                                                                                                                                                                                              AtomSet
                                                                                                                                                                                                              AtomSet
                                                                                                                                                                                                              ::MxAtomId
                                                                                                                                                                                                                AtomSet
                                                                                                                                                                                                                MxAtomId::GetAtom
                                                                                                                                                                                                                  ::MxString
                                                                                                                                                                                                                    ::MxString
                                                                                                                                                                                                                      ::MxCore
                                                                                                                                                                                                                        ::MxCore
                                                                                                                                                                                                                  AtomSet
                                                                                                                                                                                                                  AtomSet
                                                                                                                                                                                                                  AtomSet
                                                                                                                                                                                                              AtomSet
                                                                                                                                                                                                              MxAtomId::GetAtom
                                                                                                                                                                                                                ::MxString
                                                                                                                                                                                                                  ::MxString
                                                                                                                                                                                                                    ::MxCore
                                                                                                                                                                                                                      ::MxCore
                                                                                                                                                                                                                AtomSet
                                                                                                                                                                                                                AtomSet
                                                                                                                                                                                                              AtomSet
                                                                                                                                                                                                              ::MxString
                                                                                                                                                                                                                ::MxString
                                                                                                                                                                                                                  ::MxCore
                                                                                                                                                                                                                    ::MxCore
                                                                                                                                                                                                              AtomSet
                                                                                                                                                                                                              AtomSet
                                                                                                                                                                                                              ::MxAtomId
                                                                                                                                                                                                                AtomSet
                                                                                                                                                                                                                MxAtomId::GetAtom
                                                                                                                                                                                                                  ::MxString
                                                                                                                                                                                                                    ::MxString
                                                                                                                                                                                                                      ::MxCore
                                                                                                                                                                                                                        ::MxCore
                                                                                                                                                                                                                  AtomSet
                                                                                                                                                                                                                  AtomSet
                                                                                                                                                                                                                  AtomSet
                                                                                                                                                                                                              AtomSet
                                                                                                                                                                                                              MxAtomId::GetAtom
                                                                                                                                                                                                                ::MxString
                                                                                                                                                                                                                  ::MxString
                                                                                                                                                                                                                    ::MxCore
                                                                                                                                                                                                                      ::MxCore
                                                                                                                                                                                                                AtomSet
                                                                                                                                                                                                                AtomSet
                                                                                                                                                                                                              AtomSet
                                                                                                                                                                                                              ::MxString
                                                                                                                                                                                                                ::MxString
                                                                                                                                                                                                                  ::MxCore
                                                                                                                                                                                                                    ::MxCore
                                                                                                                                                                                                              AtomSet
                                                                                                                                                                                                              AtomSet
                                                                                                                                                                                                              ::MxAtomId
                                                                                                                                                                                                                AtomSet
                                                                                                                                                                                                                MxAtomId::GetAtom
                                                                                                                                                                                                                  ::MxString
                                                                                                                                                                                                                    ::MxString
                                                                                                                                                                                                                      ::MxCore
                                                                                                                                                                                                                        ::MxCore
                                                                                                                                                                                                                  AtomSet
                                                                                                                                                                                                                  AtomSet
                                                                                                                                                                                                                  AtomSet
                                                                                                                                                                                                              AtomSet
                                                                                                                                                                                                              MxAtomId::GetAtom
                                                                                                                                                                                                                ::MxString
                                                                                                                                                                                                                  ::MxString
                                                                                                                                                                                                                    ::MxCore
                                                                                                                                                                                                                      ::MxCore
                                                                                                                                                                                                                AtomSet
                                                                                                                                                                                                                AtomSet
                                                                                                                                                                                                              AtomSet
                                                                                                                                                                                                              ::MxString
                                                                                                                                                                                                                ::MxString
                                                                                                                                                                                                                  ::MxCore
                                                                                                                                                                                                                    ::MxCore
                                                                                                                                                                                                              AtomSet
                                                                                                                                                                                                              AtomSet
                                                                                                                                                                                                              ::MxAtomId
                                                                                                                                                                                                                AtomSet
                                                                                                                                                                                                                MxAtomId::GetAtom
                                                                                                                                                                                                                  ::MxString
                                                                                                                                                                                                                    ::MxString
                                                                                                                                                                                                                      ::MxCore
                                                                                                                                                                                                                        ::MxCore
                                                                                                                                                                                                                  AtomSet
                                                                                                                                                                                                                  AtomSet
                                                                                                                                                                                                                  AtomSet
                                                                                                                                                                                                              AtomSet
                                                                                                                                                                                                              MxAtomId::GetAtom
                                                                                                                                                                                                                ::MxString
                                                                                                                                                                                                                  ::MxString
                                                                                                                                                                                                                    ::MxCore
                                                                                                                                                                                                                      ::MxCore
                                                                                                                                                                                                                AtomSet
                                                                                                                                                                                                                AtomSet
                                                                                                                                                                                                              AtomSet
                                                                                                                                                                                                              ::MxString
                                                                                                                                                                                                                ::MxString
                                                                                                                                                                                                                  ::MxCore
                                                                                                                                                                                                                    ::MxCore
                                                                                                                                                                                                              AtomSet
                                                                                                                                                                                                              AtomSet
                                                                                                                                                                                                              ::MxAtomId
                                                                                                                                                                                                                AtomSet
                                                                                                                                                                                                                MxAtomId::GetAtom
                                                                                                                                                                                                                  ::MxString
                                                                                                                                                                                                                    ::MxString
                                                                                                                                                                                                                      ::MxCore
                                                                                                                                                                                                                        ::MxCore
                                                                                                                                                                                                                  AtomSet
                                                                                                                                                                                                                  AtomSet
                                                                                                                                                                                                                  AtomSet
                                                                                                                                                                                                              AtomSet
                                                                                                                                                                                                              MxAtomId::GetAtom
                                                                                                                                                                                                                ::MxString
                                                                                                                                                                                                                  ::MxString
                                                                                                                                                                                                                    ::MxCore
                                                                                                                                                                                                                      ::MxCore
                                                                                                                                                                                                                AtomSet
                                                                                                                                                                                                                AtomSet
                                                                                                                                                                                                              AtomSet
                                                                                                                                                                                                              ::MxString
                                                                                                                                                                                                                ::MxString
                                                                                                                                                                                                                  ::MxCore
                                                                                                                                                                                                                    ::MxCore
                                                                                                                                                                                                              AtomSet
                                                                                                                                                                                                              AtomSet
                                                                                                                                                                                                              ::MxAtomId
                                                                                                                                                                                                                AtomSet
                                                                                                                                                                                                                MxAtomId::GetAtom
                                                                                                                                                                                                                  ::MxString
                                                                                                                                                                                                                    ::MxString
                                                                                                                                                                                                                      ::MxCore
                                                                                                                                                                                                                        ::MxCore
                                                                                                                                                                                                                  AtomSet
                                                                                                                                                                                                                  AtomSet
                                                                                                                                                                                                                  AtomSet
                                                                                                                                                                                                              AtomSet
                                                                                                                                                                                                              MxAtomId::GetAtom
                                                                                                                                                                                                                ::MxString
                                                                                                                                                                                                                  ::MxString
                                                                                                                                                                                                                    ::MxCore
                                                                                                                                                                                                                      ::MxCore
                                                                                                                                                                                                                AtomSet
                                                                                                                                                                                                                AtomSet
                                                                                                                                                                                                              AtomSet
                                                                                                                                                                                                              ::MxString
                                                                                                                                                                                                                ::MxString
                                                                                                                                                                                                                  ::MxCore
                                                                                                                                                                                                                    ::MxCore
                                                                                                                                                                                                              AtomSet
                                                                                                                                                                                                              AtomSet
                                                                                                                                                                                                              ::MxAtomId
                                                                                                                                                                                                                AtomSet
                                                                                                                                                                                                                MxAtomId::GetAtom
                                                                                                                                                                                                                  ::MxString
                                                                                                                                                                                                                    ::MxString
                                                                                                                                                                                                                      ::MxCore
                                                                                                                                                                                                                        ::MxCore
                                                                                                                                                                                                                  AtomSet
                                                                                                                                                                                                                  AtomSet
                                                                                                                                                                                                                  AtomSet
                                                                                                                                                                                                              AtomSet
                                                                                                                                                                                                              MxAtomId::GetAtom
                                                                                                                                                                                                                ::MxString
                                                                                                                                                                                                                  ::MxString
                                                                                                                                                                                                                    ::MxCore
                                                                                                                                                                                                                      ::MxCore
                                                                                                                                                                                                                AtomSet
                                                                                                                                                                                                                AtomSet
                                                                                                                                                                                                              AtomSet
                                                                                                                                                                                                              ::MxString
                                                                                                                                                                                                                ::MxString
                                                                                                                                                                                                                  ::MxCore
                                                                                                                                                                                                                    ::MxCore
                                                                                                                                                                                                              AtomSet
                                                                                                                                                                                                              AtomSet
                                                                                                                                                                                                              ::MxAtomId
                                                                                                                                                                                                                AtomSet
                                                                                                                                                                                                                MxAtomId::GetAtom
                                                                                                                                                                                                                  ::MxString
                                                                                                                                                                                                                    ::MxString
                                                                                                                                                                                                                      ::MxCore
                                                                                                                                                                                                                        ::MxCore
                                                                                                                                                                                                                  AtomSet
                                                                                                                                                                                                                  AtomSet
                                                                                                                                                                                                                  AtomSet
                                                                                                                                                                                                              AtomSet
                                                                                                                                                                                                              MxAtomId::GetAtom
                                                                                                                                                                                                                ::MxString
                                                                                                                                                                                                                  ::MxString
                                                                                                                                                                                                                    ::MxCore
                                                                                                                                                                                                                      ::MxCore
                                                                                                                                                                                                                AtomSet
                                                                                                                                                                                                                AtomSet
                                                                                                                                                                                                              AtomSet
                                                                                                                                                                                                              ::MxString
                                                                                                                                                                                                                ::MxString
                                                                                                                                                                                                                  ::MxCore
                                                                                                                                                                                                                    ::MxCore
                                                                                                                                                                                                              AtomSet
                                                                                                                                                                                                              AtomSet
                                                                                                                                                                                                              ::MxAtomId
                                                                                                                                                                                                                AtomSet
                                                                                                                                                                                                                MxAtomId::GetAtom
                                                                                                                                                                                                                  ::MxString
                                                                                                                                                                                                                    ::MxString
                                                                                                                                                                                                                      ::MxCore
                                                                                                                                                                                                                        ::MxCore
                                                                                                                                                                                                                  AtomSet
                                                                                                                                                                                                                  AtomSet
                                                                                                                                                                                                                  AtomSet
                                                                                                                                                                                                              AtomSet
                                                                                                                                                                                                              MxAtomId::GetAtom
                                                                                                                                                                                                                ::MxString
                                                                                                                                                                                                                  ::MxString
                                                                                                                                                                                                                    ::MxCore
                                                                                                                                                                                                                      ::MxCore
                                                                                                                                                                                                                AtomSet
                                                                                                                                                                                                                AtomSet
                                                                                                                                                                                                              AtomSet
                                                                                                                                                                                                              ::MxString
                                                                                                                                                                                                                ::MxString
                                                                                                                                                                                                                  ::MxCore
                                                                                                                                                                                                                    ::MxCore
                                                                                                                                                                                                              AtomSet
                                                                                                                                                                                                              AtomSet
                                                                                                                                                                                                              ::MxAtomId
                                                                                                                                                                                                                AtomSet
                                                                                                                                                                                                                MxAtomId::GetAtom
                                                                                                                                                                                                                  ::MxString
                                                                                                                                                                                                                    ::MxString
                                                                                                                                                                                                                      ::MxCore
                                                                                                                                                                                                                        ::MxCore
                                                                                                                                                                                                                  AtomSet
                                                                                                                                                                                                                  AtomSet
                                                                                                                                                                                                                  AtomSet
                                                                                                                                                                                                              AtomSet
                                                                                                                                                                                                              MxAtomId::GetAtom
                                                                                                                                                                                                                ::MxString
                                                                                                                                                                                                                  ::MxString
                                                                                                                                                                                                                    ::MxCore
                                                                                                                                                                                                                      ::MxCore
                                                                                                                                                                                                                AtomSet
                                                                                                                                                                                                                AtomSet
                                                                                                                                                                                                              AtomSet
                                                                                                                                                                                                              ::MxString
                                                                                                                                                                                                                ::MxString
                                                                                                                                                                                                                  ::MxCore
                                                                                                                                                                                                                    ::MxCore
                                                                                                                                                                                                              AtomSet
                                                                                                                                                                                                              AtomSet
                                                                                                                                                                                                              ::MxAtomId
                                                                                                                                                                                                                AtomSet
                                                                                                                                                                                                                MxAtomId::GetAtom
                                                                                                                                                                                                                  ::MxString
                                                                                                                                                                                                                    ::MxString
                                                                                                                                                                                                                      ::MxCore
                                                                                                                                                                                                                        ::MxCore
                                                                                                                                                                                                                  AtomSet
                                                                                                                                                                                                                  AtomSet
                                                                                                                                                                                                                  AtomSet
                                                                                                                                                                                                              AtomSet
                                                                                                                                                                                                              MxAtomId::GetAtom
                                                                                                                                                                                                                ::MxString
                                                                                                                                                                                                                  ::MxString
                                                                                                                                                                                                                    ::MxCore
                                                                                                                                                                                                                      ::MxCore
                                                                                                                                                                                                                AtomSet
                                                                                                                                                                                                                AtomSet
                                                                                                                                                                                                              AtomSet
                                                                                                                                                                                                              ::MxString
                                                                                                                                                                                                                ::MxString
                                                                                                                                                                                                                  ::MxCore
                                                                                                                                                                                                                    ::MxCore
                                                                                                                                                                                                              AtomSet
                                                                                                                                                                                                              AtomSet
                                                                                                                                                                                                              ::MxAtomId
                                                                                                                                                                                                                AtomSet
                                                                                                                                                                                                                MxAtomId::GetAtom
                                                                                                                                                                                                                  ::MxString
                                                                                                                                                                                                                    ::MxString
                                                                                                                                                                                                                      ::MxCore
                                                                                                                                                                                                                        ::MxCore
                                                                                                                                                                                                                  AtomSet
                                                                                                                                                                                                                  AtomSet
                                                                                                                                                                                                                  AtomSet
                                                                                                                                                                                                              AtomSet
                                                                                                                                                                                                              MxAtomId::GetAtom
                                                                                                                                                                                                                ::MxString
                                                                                                                                                                                                                  ::MxString
                                                                                                                                                                                                                    ::MxCore
                                                                                                                                                                                                                      ::MxCore
                                                                                                                                                                                                                AtomSet
                                                                                                                                                                                                                AtomSet
                                                                                                                                                                                                              AtomSet
                                                                                                                                                                                                              ::MxString
                                                                                                                                                                                                                ::MxString
                                                                                                                                                                                                                  ::MxCore
                                                                                                                                                                                                                    ::MxCore
                                                                                                                                                                                                              AtomSet
                                                                                                                                                                                                              AtomSet
                                                                                                                                                                                                              ::MxAtomId
                                                                                                                                                                                                                AtomSet
                                                                                                                                                                                                                MxAtomId::GetAtom
                                                                                                                                                                                                                  ::MxString
                                                                                                                                                                                                                    ::MxString
                                                                                                                                                                                                                      ::MxCore
                                                                                                                                                                                                                        ::MxCore
                                                                                                                                                                                                                  AtomSet
                                                                                                                                                                                                                  AtomSet
                                                                                                                                                                                                                  AtomSet
                                                                                                                                                                                                              AtomSet
                                                                                                                                                                                                              MxAtomId::GetAtom
                                                                                                                                                                                                                ::MxString
                                                                                                                                                                                                                  ::MxString
                                                                                                                                                                                                                    ::MxCore
                                                                                                                                                                                                                      ::MxCore
                                                                                                                                                                                                                AtomSet
                                                                                                                                                                                                                AtomSet
                                                                                                                                                                                                              AtomSet
                                                                                                                                                                                                              ::MxString
                                                                                                                                                                                                                ::MxString
                                                                                                                                                                                                                  ::MxCore
                                                                                                                                                                                                                    ::MxCore
                                                                                                                                                                                                              AtomSet
                                                                                                                                                                                                              AtomSet
                                                                                                                                                                                                              ::MxAtomId
                                                                                                                                                                                                                AtomSet
                                                                                                                                                                                                                MxAtomId::GetAtom
                                                                                                                                                                                                                  ::MxString
                                                                                                                                                                                                                    ::MxString
                                                                                                                                                                                                                      ::MxCore
                                                                                                                                                                                                                        ::MxCore
                                                                                                                                                                                                                  AtomSet
                                                                                                                                                                                                                  AtomSet
                                                                                                                                                                                                                  AtomSet
                                                                                                                                                                                                              AtomSet
                                                                                                                                                                                                              MxAtomId::GetAtom
                                                                                                                                                                                                                ::MxString
                                                                                                                                                                                                                  ::MxString
                                                                                                                                                                                                                    ::MxCore
                                                                                                                                                                                                                      ::MxCore
                                                                                                                                                                                                                AtomSet
                                                                                                                                                                                                                AtomSet
                                                                                                                                                                                                              AtomSet
                                                                                                                                                                                                              ::MxString
                                                                                                                                                                                                                ::MxString
                                                                                                                                                                                                                  ::MxCore
                                                                                                                                                                                                                    ::MxCore
                                                                                                                                                                                                              AtomSet
                                                                                                                                                                                                              AtomSet
                                                                                                                                                                                                              ::MxAtomId
                                                                                                                                                                                                                AtomSet
                                                                                                                                                                                                                MxAtomId::GetAtom
                                                                                                                                                                                                                  ::MxString
                                                                                                                                                                                                                    ::MxString
                                                                                                                                                                                                                      ::MxCore
                                                                                                                                                                                                                        ::MxCore
                                                                                                                                                                                                                  AtomSet
                                                                                                                                                                                                                  AtomSet
                                                                                                                                                                                                                  AtomSet
                                                                                                                                                                                                              AtomSet
                                                                                                                                                                                                              MxAtomId::GetAtom
                                                                                                                                                                                                                ::MxString
                                                                                                                                                                                                                  ::MxString
                                                                                                                                                                                                                    ::MxCore
                                                                                                                                                                                                                      ::MxCore
                                                                                                                                                                                                                AtomSet
                                                                                                                                                                                                                AtomSet
                                                                                                                                                                                                              AtomSet
                                                                                                                                                                                                              ::MxString
                                                                                                                                                                                                                ::MxString
                                                                                                                                                                                                                  ::MxCore
                                                                                                                                                                                                                    ::MxCore
                                                                                                                                                                                                              AtomSet
                                                                                                                                                                                                              AtomSet
                                                                                                                                                                                                              ::MxAtomId
                                                                                                                                                                                                                AtomSet
                                                                                                                                                                                                                MxAtomId::GetAtom
                                                                                                                                                                                                                  ::MxString
                                                                                                                                                                                                                    ::MxString
                                                                                                                                                                                                                      ::MxCore
                                                                                                                                                                                                                        ::MxCore
                                                                                                                                                                                                                  AtomSet
                                                                                                                                                                                                                  AtomSet
                                                                                                                                                                                                                  AtomSet
                                                                                                                                                                                                              AtomSet
                                                                                                                                                                                                              MxAtomId::GetAtom
                                                                                                                                                                                                                ::MxString
                                                                                                                                                                                                                  ::MxString
                                                                                                                                                                                                                    ::MxCore
                                                                                                                                                                                                                      ::MxCore
                                                                                                                                                                                                                AtomSet
                                                                                                                                                                                                                AtomSet
                                                                                                                                                                                                              AtomSet
                                                                                                                                                                                                              ::MxString
                                                                                                                                                                                                                ::MxString
                                                                                                                                                                                                                  ::MxCore
                                                                                                                                                                                                                    ::MxCore
                                                                                                                                                                                                              AtomSet
                                                                                                                                                                                                              AtomSet
                                                                                                                                                                                                              ::MxAtomId
                                                                                                                                                                                                                AtomSet
                                                                                                                                                                                                                MxAtomId::GetAtom
                                                                                                                                                                                                                  ::MxString
                                                                                                                                                                                                                    ::MxString
                                                                                                                                                                                                                      ::MxCore
                                                                                                                                                                                                                        ::MxCore
                                                                                                                                                                                                                  AtomSet
                                                                                                                                                                                                                  AtomSet
                                                                                                                                                                                                                  AtomSet
                                                                                                                                                                                                              AtomSet
                                                                                                                                                                                                              MxAtomId::GetAtom
                                                                                                                                                                                                                ::MxString
                                                                                                                                                                                                                  ::MxString
                                                                                                                                                                                                                    ::MxCore
                                                                                                                                                                                                                      ::MxCore
                                                                                                                                                                                                                AtomSet
                                                                                                                                                                                                                AtomSet
                                                                                                                                                                                                              AtomSet
                                                                                                                                                                                                              ::MxString
                                                                                                                                                                                                                ::MxString
                                                                                                                                                                                                                  ::MxCore
                                                                                                                                                                                                                    ::MxCore
                                                                                                                                                                                                              AtomSet
                                                                                                                                                                                                              AtomSet
                                                                                                                                                                                                              ::MxAtomId
                                                                                                                                                                                                                AtomSet
                                                                                                                                                                                                                MxAtomId::GetAtom
                                                                                                                                                                                                                  ::MxString
                                                                                                                                                                                                                    ::MxString
                                                                                                                                                                                                                      ::MxCore
                                                                                                                                                                                                                        ::MxCore
                                                                                                                                                                                                                  AtomSet
                                                                                                                                                                                                                  AtomSet
                                                                                                                                                                                                                  AtomSet
                                                                                                                                                                                                              AtomSet
                                                                                                                                                                                                              MxAtomId::GetAtom
                                                                                                                                                                                                                ::MxString
                                                                                                                                                                                                                  ::MxString
                                                                                                                                                                                                                    ::MxCore
                                                                                                                                                                                                                      ::MxCore
                                                                                                                                                                                                                AtomSet
                                                                                                                                                                                                                AtomSet
                                                                                                                                                                                                              AtomSet
                                                                                                                                                                                                              ::MxString
                                                                                                                                                                                                                ::MxString
                                                                                                                                                                                                                  ::MxCore
                                                                                                                                                                                                                    ::MxCore
                                                                                                                                                                                                              AtomSet
                                                                                                                                                                                                              AtomSet
                                                                                                                                                                                                              ::MxAtomId
                                                                                                                                                                                                                AtomSet
                                                                                                                                                                                                                MxAtomId::GetAtom
                                                                                                                                                                                                                  ::MxString
                                                                                                                                                                                                                    ::MxString
                                                                                                                                                                                                                      ::MxCore
                                                                                                                                                                                                                        ::MxCore
                                                                                                                                                                                                                  AtomSet
                                                                                                                                                                                                                  AtomSet
                                                                                                                                                                                                                  AtomSet
                                                                                                                                                                                                              AtomSet
                                                                                                                                                                                                              MxAtomId::GetAtom
                                                                                                                                                                                                                ::MxString
                                                                                                                                                                                                                  ::MxString
                                                                                                                                                                                                                    ::MxCore
                                                                                                                                                                                                                      ::MxCore
                                                                                                                                                                                                                AtomSet
                                                                                                                                                                                                                AtomSet
                                                                                                                                                                                                              AtomSet
                                                                                                                                                                                                              ::MxString
                                                                                                                                                                                                                ::MxString
                                                                                                                                                                                                                  ::MxCore
                                                                                                                                                                                                                    ::MxCore
                                                                                                                                                                                                              AtomSet
                                                                                                                                                                                                              AtomSet
                                                                                                                                                                                                              ::MxAtomId
                                                                                                                                                                                                                AtomSet
                                                                                                                                                                                                                MxAtomId::GetAtom
                                                                                                                                                                                                                  ::MxString
                                                                                                                                                                                                                    ::MxString
                                                                                                                                                                                                                      ::MxCore
                                                                                                                                                                                                                        ::MxCore
                                                                                                                                                                                                                  AtomSet
                                                                                                                                                                                                                  AtomSet
                                                                                                                                                                                                                  AtomSet
                                                                                                                                                                                                              AtomSet
                                                                                                                                                                                                              MxAtomId::GetAtom
                                                                                                                                                                                                                ::MxString
                                                                                                                                                                                                                  ::MxString
                                                                                                                                                                                                                    ::MxCore
                                                                                                                                                                                                                      ::MxCore
                                                                                                                                                                                                                AtomSet
                                                                                                                                                                                                                AtomSet
                                                                                                                                                                                                              AtomSet
                                                                                                                                                                                                              ::MxString
                                                                                                                                                                                                                ::MxString
                                                                                                                                                                                                                  ::MxCore
                                                                                                                                                                                                                    ::MxCore
                                                                                                                                                                                                              AtomSet
                                                                                                                                                                                                              AtomSet
                                                                                                                                                                                                              ::MxAtomId
                                                                                                                                                                                                                AtomSet
                                                                                                                                                                                                                MxAtomId::GetAtom
                                                                                                                                                                                                                  ::MxString
                                                                                                                                                                                                                    ::MxString
                                                                                                                                                                                                                      ::MxCore
                                                                                                                                                                                                                        ::MxCore
                                                                                                                                                                                                                  AtomSet
                                                                                                                                                                                                                  AtomSet
                                                                                                                                                                                                                  AtomSet
                                                                                                                                                                                                              AtomSet
                                                                                                                                                                                                              MxAtomId::GetAtom
                                                                                                                                                                                                                ::MxString
                                                                                                                                                                                                                  ::MxString
                                                                                                                                                                                                                    ::MxCore
                                                                                                                                                                                                                      ::MxCore
                                                                                                                                                                                                                AtomSet
                                                                                                                                                                                                                AtomSet
                                                                                                                                                                                                              AtomSet
                                                                                                                                                                                                              ::MxString
                                                                                                                                                                                                                ::MxString
                                                                                                                                                                                                                  ::MxCore
                                                                                                                                                                                                                    ::MxCore
                                                                                                                                                                                                              AtomSet
                                                                                                                                                                                                              AtomSet
                                                                                                                                                                                                              ::MxAtomId
                                                                                                                                                                                                                AtomSet
                                                                                                                                                                                                                MxAtomId::GetAtom
                                                                                                                                                                                                                  ::MxString
                                                                                                                                                                                                                    ::MxString
                                                                                                                                                                                                                      ::MxCore
                                                                                                                                                                                                                        ::MxCore
                                                                                                                                                                                                                  AtomSet
                                                                                                                                                                                                                  AtomSet
                                                                                                                                                                                                                  AtomSet
                                                                                                                                                                                                              AtomSet
                                                                                                                                                                                                              MxAtomId::GetAtom
                                                                                                                                                                                                                ::MxString
                                                                                                                                                                                                                  ::MxString
                                                                                                                                                                                                                    ::MxCore
                                                                                                                                                                                                                      ::MxCore
                                                                                                                                                                                                                AtomSet
                                                                                                                                                                                                                AtomSet
                                                                                                                                                                                                              AtomSet
                                                                                                                                                                                                              ::MxString
                                                                                                                                                                                                                ::MxString
                                                                                                                                                                                                                  ::MxCore
                                                                                                                                                                                                                    ::MxCore
                                                                                                                                                                                                              AtomSet
                                                                                                                                                                                                              AtomSet
                                                                                                                                                                                                              ::MxAtomId
                                                                                                                                                                                                                AtomSet
                                                                                                                                                                                                                MxAtomId::GetAtom
                                                                                                                                                                                                                  ::MxString
                                                                                                                                                                                                                    ::MxString
                                                                                                                                                                                                                      ::MxCore
                                                                                                                                                                                                                        ::MxCore
                                                                                                                                                                                                                  AtomSet
                                                                                                                                                                                                                  AtomSet
                                                                                                                                                                                                                  AtomSet
                                                                                                                                                                                                              AtomSet
                                                                                                                                                                                                              MxAtomId::GetAtom
                                                                                                                                                                                                                ::MxString
                                                                                                                                                                                                                  ::MxString
                                                                                                                                                                                                                    ::MxCore
                                                                                                                                                                                                                      ::MxCore
                                                                                                                                                                                                                AtomSet
                                                                                                                                                                                                                AtomSet
                                                                                                                                                                                                              AtomSet
                                                                                                                                                                                                              ::MxString
                                                                                                                                                                                                                ::MxString
                                                                                                                                                                                                                  ::MxCore
                                                                                                                                                                                                                    ::MxCore
                                                                                                                                                                                                              AtomSet
                                                                                                                                                                                                              AtomSet
                                                                                                                                                                                                              ::MxAtomId
                                                                                                                                                                                                                AtomSet
                                                                                                                                                                                                                MxAtomId::GetAtom
                                                                                                                                                                                                                  ::MxString
                                                                                                                                                                                                                    ::MxString
                                                                                                                                                                                                                      ::MxCore
                                                                                                                                                                                                                        ::MxCore
                                                                                                                                                                                                                  AtomSet
                                                                                                                                                                                                                  AtomSet
                                                                                                                                                                                                                  AtomSet
                                                                                                                                                                                                              AtomSet
                                                                                                                                                                                                              MxAtomId::GetAtom
                                                                                                                                                                                                                ::MxString
                                                                                                                                                                                                                  ::MxString
                                                                                                                                                                                                                    ::MxCore
                                                                                                                                                                                                                      ::MxCore
                                                                                                                                                                                                                AtomSet
                                                                                                                                                                                                                AtomSet
                                                                                                                                                                                                              AtomSet
                                                                                                                                                                                                              ::MxString
                                                                                                                                                                                                                ::MxString
                                                                                                                                                                                                                  ::MxCore
                                                                                                                                                                                                                    ::MxCore
                                                                                                                                                                                                              AtomSet
                                                                                                                                                                                                              AtomSet
                                                                                                                                                                                                              ::MxAtomId
                                                                                                                                                                                                                AtomSet
                                                                                                                                                                                                                MxAtomId::GetAtom
                                                                                                                                                                                                                  ::MxString
                                                                                                                                                                                                                    ::MxString
                                                                                                                                                                                                                      ::MxCore
                                                                                                                                                                                                                        ::MxCore
                                                                                                                                                                                                                  AtomSet
                                                                                                                                                                                                                  AtomSet
                                                                                                                                                                                                                  AtomSet
                                                                                                                                                                                                              AtomSet
                                                                                                                                                                                                              MxAtomId::GetAtom
                                                                                                                                                                                                                ::MxString
                                                                                                                                                                                                                  ::MxString
                                                                                                                                                                                                                    ::MxCore
                                                                                                                                                                                                                      ::MxCore
                                                                                                                                                                                                                AtomSet
                                                                                                                                                                                                                AtomSet
                                                                                                                                                                                                              AtomSet
                                                                                                                                                                                                              ::MxString
                                                                                                                                                                                                                ::MxString
                                                                                                                                                                                                                  ::MxCore
                                                                                                                                                                                                                    ::MxCore
                                                                                                                                                                                                              AtomSet
                                                                                                                                                                                                              AtomSet
                                                                                                                                                                                                              ::MxAtomId
                                                                                                                                                                                                                AtomSet
                                                                                                                                                                                                                MxAtomId::GetAtom
                                                                                                                                                                                                                  ::MxString
                                                                                                                                                                                                                    ::MxString
                                                                                                                                                                                                                      ::MxCore
                                                                                                                                                                                                                        ::MxCore
                                                                                                                                                                                                                  AtomSet
                                                                                                                                                                                                                  AtomSet
                                                                                                                                                                                                                  AtomSet
                                                                                                                                                                                                              AtomSet
                                                                                                                                                                                                              MxAtomId::GetAtom
                                                                                                                                                                                                                ::MxString
                                                                                                                                                                                                                  ::MxString
                                                                                                                                                                                                                    ::MxCore
                                                                                                                                                                                                                      ::MxCore
                                                                                                                                                                                                                AtomSet
                                                                                                                                                                                                                AtomSet
                                                                                                                                                                                                              AtomSet
                                                                                                                                                                                                              ::MxString
                                                                                                                                                                                                                ::MxString
                                                                                                                                                                                                                  ::MxCore
                                                                                                                                                                                                                    ::MxCore
                                                                                                                                                                                                              AtomSet
                                                                                                                                                                                                              AtomSet
                                                                                                                                                                                                              ::MxAtomId
                                                                                                                                                                                                                AtomSet
                                                                                                                                                                                                                MxAtomId::GetAtom
                                                                                                                                                                                                                  ::MxString
                                                                                                                                                                                                                    ::MxString
                                                                                                                                                                                                                      ::MxCore
                                                                                                                                                                                                                        ::MxCore
                                                                                                                                                                                                                  AtomSet
                                                                                                                                                                                                                  AtomSet
                                                                                                                                                                                                                  AtomSet
                                                                                                                                                                                                              AtomSet
                                                                                                                                                                                                              MxAtomId::GetAtom
                                                                                                                                                                                                                ::MxString
                                                                                                                                                                                                                  ::MxString
                                                                                                                                                                                                                    ::MxCore
                                                                                                                                                                                                                      ::MxCore
                                                                                                                                                                                                                AtomSet
                                                                                                                                                                                                                AtomSet
                                                                                                                                                                                                              AtomSet
                                                                                                                                                                                                              ::MxString
                                                                                                                                                                                                                ::MxString
                                                                                                                                                                                                                  ::MxCore
                                                                                                                                                                                                                    ::MxCore
                                                                                                                                                                                                              AtomSet
                                                                                                                                                                                                              AtomSet
                                                                                                                                                                                                              ::MxAtomId
                                                                                                                                                                                                                AtomSet
                                                                                                                                                                                                                MxAtomId::GetAtom
                                                                                                                                                                                                                  ::MxString
                                                                                                                                                                                                                    ::MxString
                                                                                                                                                                                                                      ::MxCore
                                                                                                                                                                                                                        ::MxCore
                                                                                                                                                                                                                  AtomSet
                                                                                                                                                                                                                  AtomSet
                                                                                                                                                                                                                  AtomSet
                                                                                                                                                                                                              AtomSet
                                                                                                                                                                                                              MxAtomId::GetAtom
                                                                                                                                                                                                                ::MxString
                                                                                                                                                                                                                  ::MxString
                                                                                                                                                                                                                    ::MxCore
                                                                                                                                                                                                                      ::MxCore
                                                                                                                                                                                                                AtomSet
                                                                                                                                                                                                                AtomSet
                                                                                                                                                                                                              AtomSet
                                                                                                                                                                                                              ::MxString
                                                                                                                                                                                                                ::MxString
                                                                                                                                                                                                                  ::MxCore
                                                                                                                                                                                                                    ::MxCore
                                                                                                                                                                                                              AtomSet
                                                                                                                                                                                                              AtomSet
                                                                                                                                                                                                              ::MxAtomId
                                                                                                                                                                                                                AtomSet
                                                                                                                                                                                                                MxAtomId::GetAtom
                                                                                                                                                                                                                  ::MxString
                                                                                                                                                                                                                    ::MxString
                                                                                                                                                                                                                      ::MxCore
                                                                                                                                                                                                                        ::MxCore
                                                                                                                                                                                                                  AtomSet
                                                                                                                                                                                                                  AtomSet
                                                                                                                                                                                                                  AtomSet
                                                                                                                                                                                                              AtomSet
                                                                                                                                                                                                              MxAtomId::GetAtom
                                                                                                                                                                                                                ::MxString
                                                                                                                                                                                                                  ::MxString
                                                                                                                                                                                                                    ::MxCore
                                                                                                                                                                                                                      ::MxCore
                                                                                                                                                                                                                AtomSet
                                                                                                                                                                                                                AtomSet
                                                                                                                                                                                                              AtomSet
                                                                                                                                                                                                              ::MxString
                                                                                                                                                                                                                ::MxString
                                                                                                                                                                                                                  ::MxCore
                                                                                                                                                                                                                    ::MxCore
                                                                                                                                                                                                              AtomSet
                                                                                                                                                                                                              AtomSet
                                                                                                                                                                                                              ::MxAtomId
                                                                                                                                                                                                                AtomSet
                                                                                                                                                                                                                MxAtomId::GetAtom
                                                                                                                                                                                                                  ::MxString
                                                                                                                                                                                                                    ::MxString
                                                                                                                                                                                                                      ::MxCore
                                                                                                                                                                                                                        ::MxCore
                                                                                                                                                                                                                  AtomSet
                                                                                                                                                                                                                  AtomSet
                                                                                                                                                                                                                  AtomSet
                                                                                                                                                                                                              AtomSet
                                                                                                                                                                                                              MxAtomId::GetAtom
                                                                                                                                                                                                                ::MxString
                                                                                                                                                                                                                  ::MxString
                                                                                                                                                                                                                    ::MxCore
                                                                                                                                                                                                                      ::MxCore
                                                                                                                                                                                                                AtomSet
                                                                                                                                                                                                                AtomSet
                                                                                                                                                                                                              AtomSet
                                                                                                                                                                                                              ::MxString
                                                                                                                                                                                                                ::MxString
                                                                                                                                                                                                                  ::MxCore
                                                                                                                                                                                                                    ::MxCore
                                                                                                                                                                                                              AtomSet
                                                                                                                                                                                                              AtomSet
                                                                                                                                                                                                              ::MxAtomId
                                                                                                                                                                                                                AtomSet
                                                                                                                                                                                                                MxAtomId::GetAtom
                                                                                                                                                                                                                  ::MxString
                                                                                                                                                                                                                    ::MxString
                                                                                                                                                                                                                      ::MxCore
                                                                                                                                                                                                                        ::MxCore
                                                                                                                                                                                                                  AtomSet
                                                                                                                                                                                                                  AtomSet
                                                                                                                                                                                                                  AtomSet
                                                                                                                                                                                                              AtomSet
                                                                                                                                                                                                              MxAtomId::GetAtom
                                                                                                                                                                                                                ::MxString
                                                                                                                                                                                                                  ::MxString
                                                                                                                                                                                                                    ::MxCore
                                                                                                                                                                                                                      ::MxCore
                                                                                                                                                                                                                AtomSet
                                                                                                                                                                                                                AtomSet
                                                                                                                                                                                                              AtomSet
                                                                                                                                                                                                              ::MxString
                                                                                                                                                                                                                ::MxString
                                                                                                                                                                                                                  ::MxCore
                                                                                                                                                                                                                    ::MxCore
                                                                                                                                                                                                              AtomSet
                                                                                                                                                                                                              AtomSet
                                                                                                                                                                                                              ::MxAtomId
                                                                                                                                                                                                                AtomSet
                                                                                                                                                                                                                MxAtomId::GetAtom
                                                                                                                                                                                                                  ::MxString
                                                                                                                                                                                                                    ::MxString
                                                                                                                                                                                                                      ::MxCore
                                                                                                                                                                                                                        ::MxCore
                                                                                                                                                                                                                  AtomSet
                                                                                                                                                                                                                  AtomSet
                                                                                                                                                                                                                  AtomSet
                                                                                                                                                                                                              AtomSet
                                                                                                                                                                                                              MxAtomId::GetAtom
                                                                                                                                                                                                                ::MxString
                                                                                                                                                                                                                  ::MxString
                                                                                                                                                                                                                    ::MxCore
                                                                                                                                                                                                                      ::MxCore
                                                                                                                                                                                                                AtomSet
                                                                                                                                                                                                                AtomSet
                                                                                                                                                                                                              AtomSet
                                                                                                                                                                                                              ::MxString
                                                                                                                                                                                                                ::MxString
                                                                                                                                                                                                                  ::MxCore
                                                                                                                                                                                                                    ::MxCore
                                                                                                                                                                                                              AtomSet
                                                                                                                                                                                                              AtomSet
                                                                                                                                                                                                              ::MxAtomId
                                                                                                                                                                                                                AtomSet
                                                                                                                                                                                                                MxAtomId::GetAtom
                                                                                                                                                                                                                  ::MxString
                                                                                                                                                                                                                    ::MxString
                                                                                                                                                                                                                      ::MxCore
                                                                                                                                                                                                                        ::MxCore
                                                                                                                                                                                                                  AtomSet
                                                                                                                                                                                                                  AtomSet
                                                                                                                                                                                                                  AtomSet
                                                                                                                                                                                                              AtomSet
                                                                                                                                                                                                              MxAtomId::GetAtom
                                                                                                                                                                                                                ::MxString
                                                                                                                                                                                                                  ::MxString
                                                                                                                                                                                                                    ::MxCore
                                                                                                                                                                                                                      ::MxCore
                                                                                                                                                                                                                AtomSet
                                                                                                                                                                                                                AtomSet
                                                                                                                                                                                                              AtomSet
                                                                                                                                                                                                              ::MxString
                                                                                                                                                                                                                ::MxString
                                                                                                                                                                                                                  ::MxCore
                                                                                                                                                                                                                    ::MxCore
                                                                                                                                                                                                              AtomSet
                                                                                                                                                                                                              AtomSet
                                                                                                                                                                                                              ::MxAtomId
                                                                                                                                                                                                                AtomSet
                                                                                                                                                                                                                MxAtomId::GetAtom
                                                                                                                                                                                                                  ::MxString
                                                                                                                                                                                                                    ::MxString
                                                                                                                                                                                                                      ::MxCore
                                                                                                                                                                                                                        ::MxCore
                                                                                                                                                                                                                  AtomSet
                                                                                                                                                                                                                  AtomSet
                                                                                                                                                                                                                  AtomSet
                                                                                                                                                                                                              AtomSet
                                                                                                                                                                                                              MxAtomId::GetAtom
                                                                                                                                                                                                                ::MxString
                                                                                                                                                                                                                  ::MxString
                                                                                                                                                                                                                    ::MxCore
                                                                                                                                                                                                                      ::MxCore
                                                                                                                                                                                                                AtomSet
                                                                                                                                                                                                                AtomSet
                                                                                                                                                                                                              AtomSet
                                                                                                                                                                                                              ::MxString
                                                                                                                                                                                                                ::MxString
                                                                                                                                                                                                                  ::MxCore
                                                                                                                                                                                                                    ::MxCore
                                                                                                                                                                                                              AtomSet
                                                                                                                                                                                                              AtomSet
                                                                                                                                                                                                              ::MxAtomId
                                                                                                                                                                                                                AtomSet
                                                                                                                                                                                                                MxAtomId::GetAtom
                                                                                                                                                                                                                  ::MxString
                                                                                                                                                                                                                    ::MxString
                                                                                                                                                                                                                      ::MxCore
                                                                                                                                                                                                                        ::MxCore
                                                                                                                                                                                                                  AtomSet
                                                                                                                                                                                                                  AtomSet
                                                                                                                                                                                                                  AtomSet
                                                                                                                                                                                                              AtomSet
                                                                                                                                                                                                              MxAtomId::GetAtom
                                                                                                                                                                                                                ::MxString
                                                                                                                                                                                                                  ::MxString
                                                                                                                                                                                                                    ::MxCore
                                                                                                                                                                                                                      ::MxCore
                                                                                                                                                                                                                AtomSet
                                                                                                                                                                                                                AtomSet
                                                                                                                                                                                                              AtomSet
                                                                                                                                                                                                              ::MxString
                                                                                                                                                                                                                ::MxString
                                                                                                                                                                                                                  ::MxCore
                                                                                                                                                                                                                    ::MxCore
                                                                                                                                                                                                              AtomSet
                                                                                                                                                                                                              AtomSet
                                                                                                                                                                                                              ::MxAtomId
                                                                                                                                                                                                                AtomSet
                                                                                                                                                                                                                MxAtomId::GetAtom
                                                                                                                                                                                                                  ::MxString
                                                                                                                                                                                                                    ::MxString
                                                                                                                                                                                                                      ::MxCore
                                                                                                                                                                                                                        ::MxCore
                                                                                                                                                                                                                  AtomSet
                                                                                                                                                                                                                  AtomSet
                                                                                                                                                                                                                  AtomSet
                                                                                                                                                                                                              AtomSet
                                                                                                                                                                                                              MxAtomId::GetAtom
                                                                                                                                                                                                                ::MxString
                                                                                                                                                                                                                  ::MxString
                                                                                                                                                                                                                    ::MxCore
                                                                                                                                                                                                                      ::MxCore
                                                                                                                                                                                                                AtomSet
                                                                                                                                                                                                                AtomSet
                                                                                                                                                                                                              AtomSet
                                                                                                                                                                                                              ::MxString
                                                                                                                                                                                                                ::MxString
                                                                                                                                                                                                                  ::MxCore
                                                                                                                                                                                                                    ::MxCore
                                                                                                                                                                                                              AtomSet
                                                                                                                                                                                                              AtomSet
                                                                                                                                                                                                              ::MxAtomId
                                                                                                                                                                                                                AtomSet
                                                                                                                                                                                                                MxAtomId::GetAtom
                                                                                                                                                                                                                  ::MxString
                                                                                                                                                                                                                    ::MxString
                                                                                                                                                                                                                      ::MxCore
                                                                                                                                                                                                                        ::MxCore
                                                                                                                                                                                                                  AtomSet
                                                                                                                                                                                                                  AtomSet
                                                                                                                                                                                                                  AtomSet
                                                                                                                                                                                                              AtomSet
                                                                                                                                                                                                              MxAtomId::GetAtom
                                                                                                                                                                                                                ::MxString
                                                                                                                                                                                                                  ::MxString
                                                                                                                                                                                                                    ::MxCore
                                                                                                                                                                                                                      ::MxCore
                                                                                                                                                                                                                AtomSet
                                                                                                                                                                                                                AtomSet
                                                                                                                                                                                                              AtomSet
                                                                                                                                                                                                              ::MxString
                                                                                                                                                                                                                ::MxString
                                                                                                                                                                                                                  ::MxCore
                                                                                                                                                                                                                    ::MxCore
                                                                                                                                                                                                              AtomSet
                                                                                                                                                                                                              AtomSet
                                                                                                                                                                                                              ::MxAtomId
                                                                                                                                                                                                                AtomSet
                                                                                                                                                                                                                MxAtomId::GetAtom
                                                                                                                                                                                                                  ::MxString
                                                                                                                                                                                                                    ::MxString
                                                                                                                                                                                                                      ::MxCore
                                                                                                                                                                                                                        ::MxCore
                                                                                                                                                                                                                  AtomSet
                                                                                                                                                                                                                  AtomSet
                                                                                                                                                                                                                  AtomSet
                                                                                                                                                                                                              AtomSet
                                                                                                                                                                                                              MxAtomId::GetAtom
                                                                                                                                                                                                                ::MxString
                                                                                                                                                                                                                  ::MxString
                                                                                                                                                                                                                    ::MxCore
                                                                                                                                                                                                                      ::MxCore
                                                                                                                                                                                                                AtomSet
                                                                                                                                                                                                                AtomSet
                                                                                                                                                                                                              AtomSet
                                                                                                                                                                                                              ::MxString
                                                                                                                                                                                                                ::MxString
                                                                                                                                                                                                                  ::MxCore
                                                                                                                                                                                                                    ::MxCore
                                                                                                                                                                                                              AtomSet
                                                                                                                                                                                                              AtomSet
                                                                                                                                                                                                              ::MxAtomId
                                                                                                                                                                                                                AtomSet
                                                                                                                                                                                                                MxAtomId::GetAtom
                                                                                                                                                                                                                  ::MxString
                                                                                                                                                                                                                    ::MxString
                                                                                                                                                                                                                      ::MxCore
                                                                                                                                                                                                                        ::MxCore
                                                                                                                                                                                                                  AtomSet
                                                                                                                                                                                                                  AtomSet
                                                                                                                                                                                                                  AtomSet
                                                                                                                                                                                                              AtomSet
                                                                                                                                                                                                              MxAtomId::GetAtom
                                                                                                                                                                                                                ::MxString
                                                                                                                                                                                                                  ::MxString
                                                                                                                                                                                                                    ::MxCore
                                                                                                                                                                                                                      ::MxCore
                                                                                                                                                                                                                AtomSet
                                                                                                                                                                                                                AtomSet
                                                                                                                                                                                                              AtomSet
                                                                                                                                                                                                              ::MxString
                                                                                                                                                                                                                ::MxString
                                                                                                                                                                                                                  ::MxCore
                                                                                                                                                                                                                    ::MxCore
                                                                                                                                                                                                              AtomSet
                                                                                                                                                                                                              AtomSet
  ::LegoSoundManager
    ::LegoSoundManager
      ::MxSoundManager
        ::MxSoundManager
          ::MxAudioManager
            ::MxAudioManager
              ::MxMediaManager
                ::MxMediaManager
                  ::MxCore
                    ::MxCore
                  ::MxCriticalSection
                    ::MxCriticalSection
  ::MxAutoLock
  MxMediaManager::Create
    ::MxCore
      ::MxCore
  TickleManager
  LegoSoundManager::Create
  ::LegoVideoManager
    ::LegoVideoManager
      ::MxVideoManager
        ::MxVideoManager
          ::MxMediaManager
            ::MxMediaManager
              ::MxCore
                ::MxCore
              ::MxCriticalSection
                ::MxCriticalSection
          ::MxVideoParam
            ::MxVideoParam
              ::MxVideoParamFlags
  ::MxDeviceEnumerate
    ::MxDeviceEnumerate
  ::MxCore
    ::MxCore
  ::MxPalette
    ::MxPalette
  ::MxDirect3D
    ::MxDirect3D
      ::MxDirectDraw
        ::MxDirectDraw
  ::MxDriver
  std::__cxx11::list<MxDriver, std::allocator<MxDriver> >::_M_create_node<MxDriver const&>
    ::Direct3DDeviceInfo
    ::Direct3DDeviceInfo
    ::Direct3DDeviceInfo
    ::Direct3DDeviceInfo
    ::MxAssignedDevice
      ::MxAssignedDevice
    ::DeviceModesInfo
      ::DeviceModesInfo
    ::MxAutoLock
    MxMediaManager::Create
      ::MxCore
        ::MxCore
    ::MxRegion
      ::MxRegion
        ::MxCore
          ::MxCore
        ::MxRegion
          ::MxCore
            ::MxCore
    ::MxCore
      ::MxCore
    ::MxPalette
      ::MxPalette
    ::MxDisplaySurface
      ::MxDisplaySurface
        ::MxCore
          ::MxCore
        ::MxVideoParam
          ::MxVideoParam
            ::MxVideoParamFlags
    TickleManager
    ::Lego3DManager
      ::Lego3DManager
    MVideoManager
    MVideoManager
    MVideoManager
    ::ViewLODListManager
      ::ViewLODListManager
    ::Lego3DView
      ::Lego3DView
        ::LegoView1
          ::LegoView1
            ::LegoView
              ::LegoView
                ::TglSurface
                  ::TglSurface
    ::ViewportAppData
    TglSurface::Create
    ::ViewManager
      ::RealtimeView
        ::RealtimeView
    LegoVideoManager::Create
      ViewLODListManager::Create
        ViewLODListManager::Create
      Timer
      ::TimeROI
        ::LegoROI
          ::OrientableROI
            ::OrientableROI
      LegoVideoManager::Create
        ::MxCore
          ::MxCore
        LegoVideoManager::Create
    ::LegoInputManager
      ::LegoInputManager
        ::LegoInputManager
          ::MxCore
            ::MxCore
          ::MxCriticalSection
            ::MxCriticalSection
          ::MxCriticalSection
            ::MxCriticalSection
    ::MxCore
      ::MxCore
    ::LegoControlManager
      ::LegoControlManager
        ::LegoControlManager
          ::LegoControlManager
            ::LegoControlManager
              ::LegoControlManager
                ::LegoControlManager
                  ::MxCore
                    ::MxCore
                  TickleManager
    LegoInputManager::Create
      ::MxCore
        ::MxCore
      LegoInputManager::Create
        ::MxCore
          ::MxCore
    ::ViewLODListManager
      ::ViewLODListManager
    LegoOmni::Create
      ::LegoCharacterManager
        ::LegoCharacterManager
          ::CustomizeAnimFileVariable
            ::MxString
              ::MxString
                ::MxCore
                  ::MxCore
            ::MxString
              ::MxString
                ::MxCore
                  ::MxCore
          VariableTable
          ::MxCore
            ::MxCore
      ::LegoPlantManager
        ::LegoPlantManager
          ::MxCore
            ::MxCore
      ::MxCore
        ::MxCore
      ::LegoAnimationManager
        ::LegoAnimationManager
          Timer
          LegoAnimationManager::Init
            ::MxCore
              ::MxCore
          NotificationManager
          ::MxAutoLock
          TickleManager
      ::LegoBuildingManager
        ::LegoBuildingManager
          ::MxCore
            ::MxCore
      ::LegoGameState
        ::LegoGameState
          VariableTable
          ::MxCore
            ::MxCore
          MxVariableTable::SetVariable
            ::MxString
              ::MxString
                ::MxCore
                  ::MxCore
            ::MxString
              ::MxString
                ::MxCore
                  ::MxCore
          ::MxCore
            ::MxCore
          MxVariableTable::SetVariable
            ::MxString
              ::MxString
                ::MxCore
                  ::MxCore
            ::MxString
              ::MxString
                ::MxCore
                  ::MxCore
          ::MxCore
            ::MxCore
          MxVariableTable::SetVariable
            ::MxString
              ::MxString
                ::MxCore
                  ::MxCore
            ::MxString
              ::MxString
                ::MxCore
                  ::MxCore
          ::MxCore
            ::MxCore
          MxVariableTable::SetVariable
            ::MxString
              ::MxString
                ::MxCore
                  ::MxCore
            ::MxString
              ::MxString
                ::MxCore
                  ::MxCore
          ::MxCore
            ::MxCore
          MxVariableTable::SetVariable
            ::MxString
              ::MxString
                ::MxCore
                  ::MxCore
            ::MxString
              ::MxString
                ::MxCore
                  ::MxCore
          ::MxCore
            ::MxCore
          MxVariableTable::SetVariable
            ::MxString
              ::MxString
                ::MxCore
                  ::MxCore
            ::MxString
              ::MxString
                ::MxCore
                  ::MxCore
          ::MxCore
            ::MxCore
          MxVariableTable::SetVariable
            ::MxString
              ::MxString
                ::MxCore
                  ::MxCore
            ::MxString
              ::MxString
                ::MxCore
                  ::MxCore
          ::MxCore
            ::MxCore
          MxVariableTable::SetVariable
            ::MxString
              ::MxString
                ::MxCore
                  ::MxCore
            ::MxString
              ::MxString
                ::MxCore
                  ::MxCore
          ::MxCore
            ::MxCore
          MxVariableTable::SetVariable
            ::MxString
              ::MxString
                ::MxCore
                  ::MxCore
            ::MxString
              ::MxString
                ::MxCore
                  ::MxCore
          ::MxCore
            ::MxCore
          MxVariableTable::SetVariable
            ::MxString
              ::MxString
                ::MxCore
                  ::MxCore
            ::MxString
              ::MxString
                ::MxCore
                  ::MxCore
          ::MxCore
            ::MxCore
          MxVariableTable::SetVariable
            ::MxString
              ::MxString
                ::MxCore
                  ::MxCore
            ::MxString
              ::MxString
                ::MxCore
                  ::MxCore
          ::MxCore
            ::MxCore
          MxVariableTable::SetVariable
            ::MxString
              ::MxString
                ::MxCore
                  ::MxCore
            ::MxString
              ::MxString
                ::MxCore
                  ::MxCore
          ::MxCore
            ::MxCore
          MxVariableTable::SetVariable
            ::MxString
              ::MxString
                ::MxCore
                  ::MxCore
            ::MxString
              ::MxString
                ::MxCore
                  ::MxCore
          ::MxCore
            ::MxCore
          MxVariableTable::SetVariable
            ::MxString
              ::MxString
                ::MxCore
                  ::MxCore
            ::MxString
              ::MxString
                ::MxCore
                  ::MxCore
          ::MxCore
            ::MxCore
          MxVariableTable::SetVariable
            ::MxString
              ::MxString
                ::MxCore
                  ::MxCore
            ::MxString
              ::MxString
                ::MxCore
                  ::MxCore
          ::MxCore
            ::MxCore
          MxVariableTable::SetVariable
            ::MxString
              ::MxString
                ::MxCore
                  ::MxCore
            ::MxString
              ::MxString
                ::MxCore
                  ::MxCore
          ::MxCore
            ::MxCore
          MxVariableTable::SetVariable
            ::MxString
              ::MxString
                ::MxCore
                  ::MxCore
            ::MxString
              ::MxString
                ::MxCore
                  ::MxCore
          ::MxCore
            ::MxCore
          MxVariableTable::SetVariable
            ::MxString
              ::MxString
                ::MxCore
                  ::MxCore
            ::MxString
              ::MxString
                ::MxCore
                  ::MxCore
          ::MxCore
            ::MxCore
          MxVariableTable::SetVariable
            ::MxString
              ::MxString
                ::MxCore
                  ::MxCore
            ::MxString
              ::MxString
                ::MxCore
                  ::MxCore
          ::MxCore
            ::MxCore
          MxVariableTable::SetVariable
            ::MxString
              ::MxString
                ::MxCore
                  ::MxCore
            ::MxString
              ::MxString
                ::MxCore
                  ::MxCore
          ::MxCore
            ::MxCore
          MxVariableTable::SetVariable
            ::MxString
              ::MxString
                ::MxCore
                  ::MxCore
            ::MxString
              ::MxString
                ::MxCore
                  ::MxCore
          ::MxCore
            ::MxCore
          MxVariableTable::SetVariable
            ::MxString
              ::MxString
                ::MxCore
                  ::MxCore
            ::MxString
              ::MxString
                ::MxCore
                  ::MxCore
          ::MxCore
            ::MxCore
          MxVariableTable::SetVariable
            ::MxString
              ::MxString
                ::MxCore
                  ::MxCore
            ::MxString
              ::MxString
                ::MxCore
                  ::MxCore
          ::MxCore
            ::MxCore
          MxVariableTable::SetVariable
            ::MxString
              ::MxString
                ::MxCore
                  ::MxCore
            ::MxString
              ::MxString
                ::MxCore
                  ::MxCore
          ::MxCore
            ::MxCore
          MxVariableTable::SetVariable
            ::MxString
              ::MxString
                ::MxCore
                  ::MxCore
            ::MxString
              ::MxString
                ::MxCore
                  ::MxCore
          ::MxCore
            ::MxCore
          MxVariableTable::SetVariable
            ::MxString
              ::MxString
                ::MxCore
                  ::MxCore
            ::MxString
              ::MxString
                ::MxCore
                  ::MxCore
          ::MxCore
            ::MxCore
          MxVariableTable::SetVariable
            ::MxString
              ::MxString
                ::MxCore
                  ::MxCore
            ::MxString
              ::MxString
                ::MxCore
                  ::MxCore
          ::MxCore
            ::MxCore
          MxVariableTable::SetVariable
            ::MxString
              ::MxString
                ::MxCore
                  ::MxCore
            ::MxString
              ::MxString
                ::MxCore
                  ::MxCore
          ::MxCore
            ::MxCore
          MxVariableTable::SetVariable
            ::MxString
              ::MxString
                ::MxCore
                  ::MxCore
            ::MxString
              ::MxString
                ::MxCore
                  ::MxCore
          ::MxCore
            ::MxCore
          MxVariableTable::SetVariable
            ::MxString
              ::MxString
                ::MxCore
                  ::MxCore
            ::MxString
              ::MxString
                ::MxCore
                  ::MxCore
          ::MxCore
            ::MxCore
          MxVariableTable::SetVariable
            ::MxString
              ::MxString
                ::MxCore
                  ::MxCore
            ::MxString
              ::MxString
                ::MxCore
                  ::MxCore
          ::MxCore
            ::MxCore
          MxVariableTable::SetVariable
            ::MxString
              ::MxString
                ::MxCore
                  ::MxCore
            ::MxString
              ::MxString
                ::MxCore
                  ::MxCore
          ::MxCore
            ::MxCore
          MxVariableTable::SetVariable
            ::MxString
              ::MxString
                ::MxCore
                  ::MxCore
            ::MxString
              ::MxString
                ::MxCore
                  ::MxCore
          ::MxCore
            ::MxCore
          MxVariableTable::SetVariable
            ::MxString
              ::MxString
                ::MxCore
                  ::MxCore
            ::MxString
              ::MxString
                ::MxCore
                  ::MxCore
          ::MxCore
            ::MxCore
          MxVariableTable::SetVariable
            ::MxString
              ::MxString
                ::MxCore
                  ::MxCore
            ::MxString
              ::MxString
                ::MxCore
                  ::MxCore
          ::MxCore
            ::MxCore
          MxVariableTable::SetVariable
            ::MxString
              ::MxString
                ::MxCore
                  ::MxCore
            ::MxString
              ::MxString
                ::MxCore
                  ::MxCore
          ::MxCore
            ::MxCore
          MxVariableTable::SetVariable
            ::MxString
              ::MxString
                ::MxCore
                  ::MxCore
            ::MxString
              ::MxString
                ::MxCore
                  ::MxCore
          ::MxCore
            ::MxCore
          MxVariableTable::SetVariable
            ::MxString
              ::MxString
                ::MxCore
                  ::MxCore
            ::MxString
              ::MxString
                ::MxCore
                  ::MxCore
          ::MxCore
            ::MxCore
          MxVariableTable::SetVariable
            ::MxString
              ::MxString
                ::MxCore
                  ::MxCore
            ::MxString
              ::MxString
                ::MxCore
                  ::MxCore
          ::MxCore
            ::MxCore
          MxVariableTable::SetVariable
            ::MxString
              ::MxString
                ::MxCore
                  ::MxCore
            ::MxString
              ::MxString
                ::MxCore
                  ::MxCore
          ::MxCore
            ::MxCore
          MxVariableTable::SetVariable
            ::MxString
              ::MxString
                ::MxCore
                  ::MxCore
            ::MxString
              ::MxString
                ::MxCore
                  ::MxCore
          ::MxCore
            ::MxCore
          MxVariableTable::SetVariable
            ::MxString
              ::MxString
                ::MxCore
                  ::MxCore
            ::MxString
              ::MxString
                ::MxCore
                  ::MxCore
          ::MxCore
            ::MxCore
          MxVariableTable::SetVariable
            ::MxString
              ::MxString
                ::MxCore
                  ::MxCore
            ::MxString
              ::MxString
                ::MxCore
                  ::MxCore
          ::LegoBackgroundColor
            ::LegoBackgroundColor
              ::MxString
                ::MxString
                  ::MxCore
                    ::MxCore
              ::MxString
                ::MxString
                  ::MxCore
                    ::MxCore
              VideoManager
          VariableTable
          ::MxCore
            ::MxCore
          ::LegoBackgroundColor
            ::LegoBackgroundColor
              ::MxString
                ::MxString
                  ::MxCore
                    ::MxCore
              ::MxString
                ::MxString
                  ::MxCore
                    ::MxCore
              VideoManager
          VariableTable
          ::MxCore
            ::MxCore
          ::LegoFullScreenMovie
            ::MxString
              ::MxString
                ::MxCore
                  ::MxCore
            ::MxString
              ::MxString
                ::MxCore
                  ::MxCore
            VideoManager
          VariableTable
          ::MxCore
            ::MxCore
          VariableTable
          ::MxCore
            ::MxCore
          MxVariableTable::SetVariable
            ::MxString
              ::MxString
                ::MxCore
                  ::MxCore
            ::MxString
              ::MxString
                ::MxCore
                  ::MxCore
          ::LegoFile
            ::LegoFile
          ::MxString
            ::MxString
              ::MxCore
                ::MxCore
      LegoOmni::Create
        ::MxCore
          ::MxCore
        LegoOmni::Create
          ::MxString
            ::MxString
              ::MxCore
                ::MxCore
          ::MxString
            ::MxString
              ::MxCore
                ::MxCore
          ::MxCore
            ::MxCore
          LegoOmni::Create
            ::MxString
              ::MxString
                ::MxCore
                  ::MxCore
            ::MxString
              ::MxString
                ::MxCore
                  ::MxCore
            ::MxCore
              ::MxCore
            LegoOmni::Create
              ::MxString
                ::MxString
                  ::MxCore
                    ::MxCore
              ::MxString
                ::MxString
                  ::MxCore
                    ::MxCore
              ::MxCore
                ::MxCore
              LegoOmni::Create
                ::MxString
                  ::MxString
                    ::MxCore
                      ::MxCore
                ::MxString
                  ::MxString
                    ::MxCore
                      ::MxCore
                ::MxCore
                  ::MxCore
                CreateScripts
                  ::MxAtomId
                    AtomSet
                    MxAtomId::GetAtom
                      ::MxString
                        ::MxString
                          ::MxCore
                            ::MxCore
                      AtomSet
                      AtomSet
                      AtomSet
                  ::MxAtomId
                    AtomSet
                    MxAtomId::GetAtom
                      ::MxString
                        ::MxString
                          ::MxCore
                            ::MxCore
                      AtomSet
                      AtomSet
                      AtomSet
                  ::MxAtomId
                    AtomSet
                    MxAtomId::GetAtom
                      ::MxString
                        ::MxString
                          ::MxCore
                            ::MxCore
                      AtomSet
                      AtomSet
                      AtomSet
                  ::MxAtomId
                    AtomSet
                    MxAtomId::GetAtom
                      ::MxString
                        ::MxString
                          ::MxCore
                            ::MxCore
                      AtomSet
                      AtomSet
                      AtomSet
                  ::MxAtomId
                    AtomSet
                    MxAtomId::GetAtom
                      ::MxString
                        ::MxString
                          ::MxCore
                            ::MxCore
                      AtomSet
                      AtomSet
                      AtomSet
                  ::MxAtomId
                    AtomSet
                    MxAtomId::GetAtom
                      ::MxString
                        ::MxString
                          ::MxCore
                            ::MxCore
                      AtomSet
                      AtomSet
                      AtomSet
                  ::MxAtomId
                    AtomSet
                    MxAtomId::GetAtom
                      ::MxString
                        ::MxString
                          ::MxCore
                            ::MxCore
                      AtomSet
                      AtomSet
                      AtomSet
                  ::MxAtomId
                    AtomSet
                    MxAtomId::GetAtom
                      ::MxString
                        ::MxString
                          ::MxCore
                            ::MxCore
                      AtomSet
                      AtomSet
                      AtomSet
                  ::MxAtomId
                    AtomSet
                    MxAtomId::GetAtom
                      ::MxString
                        ::MxString
                          ::MxCore
                            ::MxCore
                      AtomSet
                      AtomSet
                      AtomSet
                  ::MxAtomId
                    AtomSet
                    MxAtomId::GetAtom
                      ::MxString
                        ::MxString
                          ::MxCore
                            ::MxCore
                      AtomSet
                      AtomSet
                      AtomSet
                  ::MxAtomId
                    AtomSet
                    MxAtomId::GetAtom
                      ::MxString
                        ::MxString
                          ::MxCore
                            ::MxCore
                      AtomSet
                      AtomSet
                      AtomSet
                  ::MxAtomId
                    AtomSet
                    MxAtomId::GetAtom
                      ::MxString
                        ::MxString
                          ::MxCore
                            ::MxCore
                      AtomSet
                      AtomSet
                      AtomSet
                  ::MxAtomId
                    AtomSet
                    MxAtomId::GetAtom
                      ::MxString
                        ::MxString
                          ::MxCore
                            ::MxCore
                      AtomSet
                      AtomSet
                      AtomSet
                  ::MxAtomId
                    AtomSet
                    MxAtomId::GetAtom
                      ::MxString
                        ::MxString
                          ::MxCore
                            ::MxCore
                      AtomSet
                      AtomSet
                      AtomSet
                  ::MxAtomId
                    AtomSet
                    MxAtomId::GetAtom
                      ::MxString
                        ::MxString
                          ::MxCore
                            ::MxCore
                      AtomSet
                      AtomSet
                      AtomSet
                  ::MxAtomId
                    AtomSet
                    MxAtomId::GetAtom
                      ::MxString
                        ::MxString
                          ::MxCore
                            ::MxCore
                      AtomSet
                      AtomSet
                      AtomSet
                  ::MxAtomId
                    AtomSet
                    MxAtomId::GetAtom
                      ::MxString
                        ::MxString
                          ::MxCore
                            ::MxCore
                      AtomSet
                      AtomSet
                      AtomSet
                  ::MxAtomId
                    AtomSet
                    MxAtomId::GetAtom
                      ::MxString
                        ::MxString
                          ::MxCore
                            ::MxCore
                      AtomSet
                      AtomSet
                      AtomSet
                  ::MxAtomId
                    AtomSet
                    MxAtomId::GetAtom
                      ::MxString
                        ::MxString
                          ::MxCore
                            ::MxCore
                      AtomSet
                      AtomSet
                      AtomSet
                  ::MxAtomId
                    AtomSet
                    MxAtomId::GetAtom
                      ::MxString
                        ::MxString
                          ::MxCore
                            ::MxCore
                      AtomSet
                      AtomSet
                      AtomSet
                  ::MxAtomId
                    AtomSet
                    MxAtomId::GetAtom
                      ::MxString
                        ::MxString
                          ::MxCore
                            ::MxCore
                      AtomSet
                      AtomSet
                      AtomSet
                  ::MxAtomId
                    AtomSet
                    MxAtomId::GetAtom
                      ::MxString
                        ::MxString
                          ::MxCore
                            ::MxCore
                      AtomSet
                      AtomSet
                      AtomSet
                  ::MxAtomId
                    AtomSet
                    MxAtomId::GetAtom
                      ::MxString
                        ::MxString
                          ::MxCore
                            ::MxCore
                      AtomSet
                      AtomSet
                      AtomSet
                  ::MxAtomId
                    AtomSet
                    MxAtomId::GetAtom
                      ::MxString
                        ::MxString
                          ::MxCore
                            ::MxCore
                      AtomSet
                      AtomSet
                      AtomSet
                  ::MxAtomId
                    AtomSet
                    MxAtomId::GetAtom
                      ::MxString
                        ::MxString
                          ::MxCore
                            ::MxCore
                      AtomSet
                      AtomSet
                      AtomSet
                  ::MxAtomId
                    AtomSet
                    MxAtomId::GetAtom
                      ::MxString
                        ::MxString
                          ::MxCore
                            ::MxCore
                      AtomSet
                      AtomSet
                      AtomSet
                  ::MxAtomId
                    AtomSet
                    MxAtomId::GetAtom
                      ::MxString
                        ::MxString
                          ::MxCore
                            ::MxCore
                      AtomSet
                      AtomSet
                      AtomSet
                  ::MxAtomId
                    AtomSet
                    MxAtomId::GetAtom
                      ::MxString
                        ::MxString
                          ::MxCore
                            ::MxCore
                      AtomSet
                      AtomSet
                      AtomSet
                ::MxCore
                  ::MxCore
                ::MxDSAction
                  ::MxDSAction
                    ::MxDSObject
                      ::MxDSObject
                        ::MxCore
                          ::MxCore
                        ::MxDSObject
                ::MxDSAction
                  ::MxDSAction
                    ::MxDSObject
                      ::MxDSObject
                        ::MxCore
                          ::MxCore
                        ::MxDSObject
                ::MxBackgroundAudioManager
                  ::MxBackgroundAudioManager
                    ::MxBackgroundAudioManager
                      NotificationManager
                      ::MxAutoLock
                ::MxTransitionManager
                  ::MxTransitionManager
                    ::MxCore
                      ::MxCore
                VideoManager
                ::MxAutoLock
  VariableTable
  ::MxCore
    ::MxCore
  MxVariableTable::SetVariable
    ::MxString
      ::MxString
        ::MxCore
          ::MxCore
    ::MxString
      ::MxString
        ::MxCore
          ::MxCore
  TickleManager
  VideoManager
  GameState
  GameState
  ::LegoFile
    ::LegoFile
  ::MxString
    ::MxString
      ::MxCore
        ::MxCore
  GameState
  ::LegoFile
    ::LegoFile
  ::MxString
    ::MxString
      ::MxCore
        ::MxCore
  Lego
  TickleManager
  Timer
  Timer
  Lego
  TickleManager
  Timer
  ::MxAutoLock
  ::MxAutoLock
  MxMediaManager::Tickle
    ::MxCore
      ::MxCore
  ::MxAutoLock
  MxMediaManager::Tickle
    ::MxCore
      ::MxCore
  ::MxAutoLock
  MxMediaManager::Tickle
    ::MxCore
      ::MxCore
  ::MxAutoLock
  LegoVideoManager::Tickle
    LegoVideoManager::Tickle
      ::MxCore
        ::MxCore
      MxRegion::VTable0x18
        ::MxCore
          ::MxCore
        ::MxRegionTopBottom
          ::MxCore
            ::MxCore
  Lego
  TickleManager
  Timer
  Timer
  Lego
  TickleManager
  Timer
  ::MxAutoLock
  ::MxAutoLock
  MxMediaManager::Tickle
    ::MxCore
      ::MxCore
  ::MxAutoLock
  MxMediaManager::Tickle
    ::MxCore
      ::MxCore
  ::MxAutoLock
  MxMediaManager::Tickle
    ::MxCore
      ::MxCore
  ::MxAutoLock
  LegoVideoManager::Tickle
    LegoVideoManager::Tickle
      ::MxCore
        ::MxCore
      MxRegion::VTable0x18
        ::MxCore
          ::MxCore
        ::MxRegionTopBottom
          ::MxCore
            ::MxCore
  Lego
  TickleManager
  Timer
  Timer
  Lego
  TickleManager
  Timer
  ::MxAutoLock
  ::MxAutoLock
  MxMediaManager::Tickle
    ::MxCore
      ::MxCore
  ::MxAutoLock
  MxMediaManager::Tickle
    ::MxCore
      ::MxCore
  ::MxAutoLock
  MxMediaManager::Tickle
    ::MxCore
      ::MxCore
  ::MxAutoLock
  LegoVideoManager::Tickle
    LegoVideoManager::Tickle
      ::MxCore
        ::MxCore
      MxRegion::VTable0x18
        ::MxCore
          ::MxCore
        ::MxRegionTopBottom
          ::MxCore
            ::MxCore
  Lego
  TickleManager
  Timer
  Timer
  Lego
  TickleManager
  Timer
  ::MxAutoLock
  ::MxAutoLock
  MxMediaManager::Tickle
    ::MxCore
      ::MxCore
  ::MxAutoLock
  MxMediaManager::Tickle
    ::MxCore
      ::MxCore
  ::MxAutoLock
  MxMediaManager::Tickle
    ::MxCore
      ::MxCore
  ::MxAutoLock
  LegoVideoManager::Tickle
    LegoVideoManager::Tickle
      ::MxCore
        ::MxCore
      MxRegion::VTable0x18
        ::MxCore
          ::MxCore
        ::MxRegionTopBottom
          ::MxCore
            ::MxCore
  Lego
  TickleManager
  Timer
  Timer
  Lego
  TickleManager
  Timer
  ::MxAutoLock
  ::MxAutoLock
  MxMediaManager::Tickle
    ::MxCore
      ::MxCore
  ::MxAutoLock
  MxMediaManager::Tickle
    ::MxCore
      ::MxCore
  ::MxAutoLock
  MxMediaManager::Tickle
    ::MxCore
      ::MxCore
  ::MxAutoLock
  LegoVideoManager::Tickle
    LegoVideoManager::Tickle
      ::MxCore
        ::MxCore
      MxRegion::VTable0x18
        ::MxCore
          ::MxCore
        ::MxRegionTopBottom
          ::MxCore
            ::MxCore
  Lego
  TickleManager
  Timer
  Timer
  Lego
  TickleManager
  Timer
  ::MxAutoLock
  ::MxAutoLock
  MxMediaManager::Tickle
    ::MxCore
      ::MxCore
  ::MxAutoLock
  MxMediaManager::Tickle
    ::MxCore
      ::MxCore
  ::MxAutoLock
  MxMediaManager::Tickle
    ::MxCore
      ::MxCore
  ::MxAutoLock
  LegoVideoManager::Tickle
    LegoVideoManager::Tickle
      ::MxCore
        ::MxCore
      MxRegion::VTable0x18
        ::MxCore
          ::MxCore
        ::MxRegionTopBottom
          ::MxCore
            ::MxCore
  Lego
  TickleManager
  Timer
  Timer
  Lego
  TickleManager
  Timer
  ::MxAutoLock
  ::MxAutoLock
  MxMediaManager::Tickle
    ::MxCore
      ::MxCore
  ::MxAutoLock
  MxMediaManager::Tickle
    ::MxCore
      ::MxCore
  ::MxAutoLock
  MxMediaManager::Tickle
    ::MxCore
      ::MxCore
  ::MxAutoLock
  LegoVideoManager::Tickle
    LegoVideoManager::Tickle
      ::MxCore
        ::MxCore
      MxRegion::VTable0x18
        ::MxCore
          ::MxCore
        ::MxRegionTopBottom
          ::MxCore
            ::MxCore
  Lego
  TickleManager
  Timer
  Timer
  Lego
  TickleManager
  Timer
  ::MxAutoLock
  ::MxAutoLock
  MxMediaManager::Tickle
    ::MxCore
      ::MxCore
  ::MxAutoLock
  MxMediaManager::Tickle
    ::MxCore
      ::MxCore
  ::MxAutoLock
  MxMediaManager::Tickle
    ::MxCore
      ::MxCore
  ::MxAutoLock
  LegoVideoManager::Tickle
    LegoVideoManager::Tickle
      ::MxCore
        ::MxCore
      MxRegion::VTable0x18
        ::MxCore
          ::MxCore
        ::MxRegionTopBottom
          ::MxCore
            ::MxCore
  Lego
  TickleManager
  Timer
  Timer
  Lego
  TickleManager
  Timer
  ::MxAutoLock
  ::MxAutoLock
  MxMediaManager::Tickle
    ::MxCore
      ::MxCore
  ::MxAutoLock
  MxMediaManager::Tickle
    ::MxCore
      ::MxCore
  ::MxAutoLock
  MxMediaManager::Tickle
    ::MxCore
      ::MxCore
  ::MxAutoLock
  LegoVideoManager::Tickle
    LegoVideoManager::Tickle
      ::MxCore
        ::MxCore
      MxRegion::VTable0x18
        ::MxCore
          ::MxCore
        ::MxRegionTopBottom
          ::MxCore
            ::MxCore
  Lego
  TickleManager
  Timer
  Timer
  Lego
  TickleManager
  Timer
  ::MxAutoLock
  ::MxAutoLock
  MxMediaManager::Tickle
    ::MxCore
      ::MxCore
  ::MxAutoLock
  MxMediaManager::Tickle
    ::MxCore
      ::MxCore
  ::MxAutoLock
  MxMediaManager::Tickle
    ::MxCore
      ::MxCore
  ::MxAutoLock
  LegoVideoManager::Tickle
    LegoVideoManager::Tickle
      ::MxCore
        ::MxCore
      MxRegion::VTable0x18
        ::MxCore
          ::MxCore
        ::MxRegionTopBottom
          ::MxCore
            ::MxCore
  Lego
  TickleManager
  Timer
  Timer
  Lego
  TickleManager
  Timer
  ::MxAutoLock
  ::MxAutoLock
  MxMediaManager::Tickle
    ::MxCore
      ::MxCore
  ::MxAutoLock
  MxMediaManager::Tickle
    ::MxCore
      ::MxCore
  ::MxAutoLock
  MxMediaManager::Tickle
    ::MxCore
      ::MxCore
  ::MxAutoLock
  LegoVideoManager::Tickle
    LegoVideoManager::Tickle
      ::MxCore
        ::MxCore
      MxRegion::VTable0x18
        ::MxCore
          ::MxCore
        ::MxRegionTopBottom
          ::MxCore
            ::MxCore
  Lego
  TickleManager
  Timer
  Timer
  Lego
  TickleManager
  Timer
  ::MxAutoLock
  ::MxAutoLock
  MxMediaManager::Tickle
    ::MxCore
      ::MxCore
  ::MxAutoLock
  MxMediaManager::Tickle
    ::MxCore
      ::MxCore
  ::MxAutoLock
  MxMediaManager::Tickle
    ::MxCore
      ::MxCore
  ::MxAutoLock
  LegoVideoManager::Tickle
    LegoVideoManager::Tickle
      ::MxCore
        ::MxCore
      MxRegion::VTable0x18
        ::MxCore
          ::MxCore
        ::MxRegionTopBottom
          ::MxCore
            ::MxCore
  Lego
  TickleManager
  Timer
  Timer
  Lego
  TickleManager
  Timer
  ::MxAutoLock
  ::MxAutoLock
  MxMediaManager::Tickle
    ::MxCore
      ::MxCore
  ::MxAutoLock
  MxMediaManager::Tickle
    ::MxCore
      ::MxCore
  ::MxAutoLock
  MxMediaManager::Tickle
    ::MxCore
      ::MxCore
  ::MxAutoLock
  LegoVideoManager::Tickle
    LegoVideoManager::Tickle
      ::MxCore
        ::MxCore
      MxRegion::VTable0x18
        ::MxCore
          ::MxCore
        ::MxRegionTopBottom
          ::MxCore
            ::MxCore
  Lego
  TickleManager
  Timer
  Timer
  Lego
  TickleManager
  Timer
  ::MxAutoLock
  ::MxAutoLock
  MxMediaManager::Tickle
    ::MxCore
      ::MxCore
  ::MxAutoLock
  MxMediaManager::Tickle
    ::MxCore
      ::MxCore
  ::MxAutoLock
  MxMediaManager::Tickle
    ::MxCore
      ::MxCore
  ::MxAutoLock
  LegoVideoManager::Tickle
    LegoVideoManager::Tickle
      ::MxCore
        ::MxCore
      MxRegion::VTable0x18
        ::MxCore
          ::MxCore
        ::MxRegionTopBottom
          ::MxCore
            ::MxCore
  Lego
  TickleManager
  Timer
  Timer
  Lego
  TickleManager
  Timer
  ::MxAutoLock
  ::MxAutoLock
  MxMediaManager::Tickle
    ::MxCore
      ::MxCore
  ::MxAutoLock
  MxMediaManager::Tickle
    ::MxCore
      ::MxCore
  ::MxAutoLock
  MxMediaManager::Tickle
    ::MxCore
      ::MxCore
  ::MxAutoLock
  LegoVideoManager::Tickle
    LegoVideoManager::Tickle
      ::MxCore
        ::MxCore
      MxRegion::VTable0x18
        ::MxCore
          ::MxCore
        ::MxRegionTopBottom
          ::MxCore
            ::MxCore
  Lego
  TickleManager
  Timer
  Timer
  Lego
  TickleManager
  Timer
  ::MxAutoLock
  ::MxAutoLock
  MxMediaManager::Tickle
    ::MxCore
      ::MxCore
  ::MxAutoLock
  MxMediaManager::Tickle
    ::MxCore
      ::MxCore
  ::MxAutoLock
  MxMediaManager::Tickle
    ::MxCore
      ::MxCore
  ::MxAutoLock
  LegoVideoManager::Tickle
    LegoVideoManager::Tickle
      ::MxCore
        ::MxCore
      MxRegion::VTable0x18
        ::MxCore
          ::MxCore
        ::MxRegionTopBottom
          ::MxCore
            ::MxCore
  Lego
  TickleManager
  Timer
  Timer
  Lego
  TickleManager
  Timer
  ::MxAutoLock
  ::MxAutoLock
  MxMediaManager::Tickle
    ::MxCore
      ::MxCore
  ::MxAutoLock
  MxMediaManager::Tickle
    ::MxCore
      ::MxCore
  ::MxAutoLock
  MxMediaManager::Tickle
    ::MxCore
      ::MxCore
  ::MxAutoLock
  LegoVideoManager::Tickle
    LegoVideoManager::Tickle
      ::MxCore
        ::MxCore
      MxRegion::VTable0x18
        ::MxCore
          ::MxCore
        ::MxRegionTopBottom
          ::MxCore
            ::MxCore
  Lego
  TickleManager
  Timer
  Timer
  Lego
  TickleManager
  Timer
  ::MxAutoLock
  ::MxAutoLock
  MxMediaManager::Tickle
    ::MxCore
      ::MxCore
  ::MxAutoLock
  MxMediaManager::Tickle
    ::MxCore
      ::MxCore
  ::MxAutoLock
  MxMediaManager::Tickle
    ::MxCore
      ::MxCore
  ::MxAutoLock
  LegoVideoManager::Tickle
    LegoVideoManager::Tickle
      ::MxCore
        ::MxCore
      MxRegion::VTable0x18
        ::MxCore
          ::MxCore
        ::MxRegionTopBottom
          ::MxCore
            ::MxCore
  Lego
  TickleManager
  Timer
  Timer
  Lego
  TickleManager
  Timer
  ::MxAutoLock
  ::MxAutoLock
  MxMediaManager::Tickle
    ::MxCore
      ::MxCore
  ::MxAutoLock
  MxMediaManager::Tickle
    ::MxCore
      ::MxCore
  ::MxAutoLock
  MxMediaManager::Tickle
    ::MxCore
      ::MxCore
  ::MxAutoLock
  LegoVideoManager::Tickle
    LegoVideoManager::Tickle
      ::MxCore
        ::MxCore
      MxRegion::VTable0x18
        ::MxCore
          ::MxCore
        ::MxRegionTopBottom
          ::MxCore
            ::MxCore
  Lego
  TickleManager
  Timer
  Timer
  Lego
  TickleManager
  Timer
  ::MxAutoLock
  ::MxAutoLock
  MxMediaManager::Tickle
    ::MxCore
      ::MxCore
  ::MxAutoLock
  MxMediaManager::Tickle
    ::MxCore
      ::MxCore
  ::MxAutoLock
  MxMediaManager::Tickle
    ::MxCore
      ::MxCore
  ::MxAutoLock
  LegoVideoManager::Tickle
    LegoVideoManager::Tickle
      ::MxCore
        ::MxCore
      MxRegion::VTable0x18
        ::MxCore
          ::MxCore
        ::MxRegionTopBottom
          ::MxCore
            ::MxCore
  Lego
  TickleManager
  Timer
  Timer
  Lego
  TickleManager
  Timer
  ::MxAutoLock
  ::MxAutoLock
  MxMediaManager::Tickle
    ::MxCore
      ::MxCore
  ::MxAutoLock
  MxMediaManager::Tickle
    ::MxCore
      ::MxCore
  ::MxAutoLock
  MxMediaManager::Tickle
    ::MxCore
      ::MxCore
  ::MxAutoLock
  LegoVideoManager::Tickle
    LegoVideoManager::Tickle
      ::MxCore
        ::MxCore
      MxRegion::VTable0x18
        ::MxCore
          ::MxCore
        ::MxRegionTopBottom
          ::MxCore
            ::MxCore
  Lego
  TickleManager
  Timer
  Timer
  Lego
  TickleManager
  Timer
  ::MxAutoLock
  ::MxAutoLock
  MxMediaManager::Tickle
    ::MxCore
      ::MxCore
  ::MxAutoLock
  MxMediaManager::Tickle
    ::MxCore
      ::MxCore
  ::MxAutoLock
  MxMediaManager::Tickle
    ::MxCore
      ::MxCore
  ::MxAutoLock
  LegoVideoManager::Tickle
    LegoVideoManager::Tickle
      ::MxCore
        ::MxCore
      MxRegion::VTable0x18
        ::MxCore
          ::MxCore
        ::MxRegionTopBottom
          ::MxCore
            ::MxCore
  Lego
  TickleManager
  Timer
  Timer
  Lego
  TickleManager
  Timer
  ::MxAutoLock
  ::MxAutoLock
  MxMediaManager::Tickle
    ::MxCore
      ::MxCore
  ::MxAutoLock
  MxMediaManager::Tickle
    ::MxCore
      ::MxCore
  ::MxAutoLock
  MxMediaManager::Tickle
    ::MxCore
      ::MxCore
  ::MxAutoLock
  LegoVideoManager::Tickle
    LegoVideoManager::Tickle
      ::MxCore
        ::MxCore
      MxRegion::VTable0x18
        ::MxCore
          ::MxCore
        ::MxRegionTopBottom
          ::MxCore
            ::MxCore
  Lego
  TickleManager
  Timer
  Timer
  Lego
  TickleManager
  Timer
  ::MxAutoLock
  ::MxAutoLock
  MxMediaManager::Tickle
    ::MxCore
      ::MxCore
  ::MxAutoLock
  MxMediaManager::Tickle
    ::MxCore
      ::MxCore
  ::MxAutoLock
  MxMediaManager::Tickle
    ::MxCore
      ::MxCore
  ::MxAutoLock
  LegoVideoManager::Tickle
    LegoVideoManager::Tickle
      ::MxCore
        ::MxCore
      MxRegion::VTable0x18
        ::MxCore
          ::MxCore
        ::MxRegionTopBottom
          ::MxCore
            ::MxCore
  Lego
  TickleManager
  Timer
  Timer
  Lego
  TickleManager
  Timer
  ::MxAutoLock
  ::MxAutoLock
  MxMediaManager::Tickle
    ::MxCore
      ::MxCore
  ::MxAutoLock
  MxMediaManager::Tickle
    ::MxCore
      ::MxCore
  ::MxAutoLock
  MxMediaManager::Tickle
    ::MxCore
      ::MxCore
  ::MxAutoLock
  LegoVideoManager::Tickle
    LegoVideoManager::Tickle
      ::MxCore
        ::MxCore
      MxRegion::VTable0x18
        ::MxCore
          ::MxCore
        ::MxRegionTopBottom
          ::MxCore
            ::MxCore
  Lego
  TickleManager
  Timer
  Timer
  Lego
  TickleManager
  Timer
  ::MxAutoLock
  ::MxAutoLock
  MxMediaManager::Tickle
    ::MxCore
      ::MxCore
  ::MxAutoLock
  MxMediaManager::Tickle
    ::MxCore
      ::MxCore
  ::MxAutoLock
  MxMediaManager::Tickle
    ::MxCore
      ::MxCore
  ::MxAutoLock
  LegoVideoManager::Tickle
    LegoVideoManager::Tickle
      ::MxCore
        ::MxCore
      MxRegion::VTable0x18
        ::MxCore
          ::MxCore
        ::MxRegionTopBottom
          ::MxCore
            ::MxCore
  Lego
  TickleManager
  Timer
  Timer
  Lego
  TickleManager
  Timer
  ::MxAutoLock
  ::MxAutoLock
  MxMediaManager::Tickle
    ::MxCore
      ::MxCore
  ::MxAutoLock
  MxMediaManager::Tickle
    ::MxCore
      ::MxCore
  ::MxAutoLock
  MxMediaManager::Tickle
    ::MxCore
      ::MxCore
  ::MxAutoLock
  LegoVideoManager::Tickle
    LegoVideoManager::Tickle
      ::MxCore
        ::MxCore
      MxRegion::VTable0x18
        ::MxCore
          ::MxCore
        ::MxRegionTopBottom
          ::MxCore
            ::MxCore
  Lego
  TickleManager
  Timer
  Timer
  Lego
  TickleManager
  Timer
  ::MxAutoLock
  ::MxAutoLock
  MxMediaManager::Tickle
    ::MxCore
      ::MxCore
  ::MxAutoLock
  MxMediaManager::Tickle
    ::MxCore
      ::MxCore
  ::MxAutoLock
  MxMediaManager::Tickle
    ::MxCore
      ::MxCore
  ::MxAutoLock
  LegoVideoManager::Tickle
    LegoVideoManager::Tickle
      ::MxCore
        ::MxCore
      MxRegion::VTable0x18
        ::MxCore
          ::MxCore
        ::MxRegionTopBottom
          ::MxCore
            ::MxCore
  Lego
  TickleManager
  Timer
  Timer
  Lego
  TickleManager
  Timer
  ::MxAutoLock
  ::MxAutoLock
  MxMediaManager::Tickle
    ::MxCore
      ::MxCore
  ::MxAutoLock
  MxMediaManager::Tickle
    ::MxCore
      ::MxCore
  ::MxAutoLock
  MxMediaManager::Tickle
    ::MxCore
      ::MxCore
  ::MxAutoLock
  LegoVideoManager::Tickle
    LegoVideoManager::Tickle
      ::MxCore
        ::MxCore
      MxRegion::VTable0x18
        ::MxCore
          ::MxCore
        ::MxRegionTopBottom
          ::MxCore
            ::MxCore
  Lego
  TickleManager
  Timer
  Timer
  Lego
  TickleManager
  Timer
  ::MxAutoLock
  ::MxAutoLock
  MxMediaManager::Tickle
    ::MxCore
      ::MxCore
  ::MxAutoLock
  MxMediaManager::Tickle
    ::MxCore
      ::MxCore
  ::MxAutoLock
  MxMediaManager::Tickle
    ::MxCore
      ::MxCore
  ::MxAutoLock
  LegoVideoManager::Tickle
    LegoVideoManager::Tickle
      ::MxCore
        ::MxCore
      MxRegion::VTable0x18
        ::MxCore
          ::MxCore
        ::MxRegionTopBottom
          ::MxCore
            ::MxCore
  Lego
  TickleManager
  Timer
  Timer
  Lego
  TickleManager
  Timer
  ::MxAutoLock
  ::MxAutoLock
  MxMediaManager::Tickle
    ::MxCore
      ::MxCore
  ::MxAutoLock
  MxMediaManager::Tickle
    ::MxCore
      ::MxCore
  ::MxAutoLock
  MxMediaManager::Tickle
    ::MxCore
      ::MxCore
  ::MxAutoLock
  LegoVideoManager::Tickle
    LegoVideoManager::Tickle
      ::MxCore
        ::MxCore
      MxRegion::VTable0x18
        ::MxCore
          ::MxCore
        ::MxRegionTopBottom
          ::MxCore
            ::MxCore
  Lego
  TickleManager
  Timer
  Timer
  Lego
  TickleManager
  Timer
  ::MxAutoLock
  ::MxAutoLock
  MxMediaManager::Tickle
    ::MxCore
      ::MxCore
  ::MxAutoLock
  MxMediaManager::Tickle
    ::MxCore
      ::MxCore
  ::MxAutoLock
  MxMediaManager::Tickle
    ::MxCore
      ::MxCore
  ::MxAutoLock
  LegoVideoManager::Tickle
    LegoVideoManager::Tickle
      ::MxCore
        ::MxCore
      MxRegion::VTable0x18
        ::MxCore
          ::MxCore
        ::MxRegionTopBottom
          ::MxCore
            ::MxCore
  Lego
  TickleManager
  Timer
  Timer
  Lego
  TickleManager
  Timer
  ::MxAutoLock
  ::MxAutoLock
  MxMediaManager::Tickle
    ::MxCore
      ::MxCore
  ::MxAutoLock
  MxMediaManager::Tickle
    ::MxCore
      ::MxCore
  ::MxAutoLock
  MxMediaManager::Tickle
    ::MxCore
      ::MxCore
  ::MxAutoLock
  LegoVideoManager::Tickle
    LegoVideoManager::Tickle
      ::MxCore
        ::MxCore
      MxRegion::VTable0x18
        ::MxCore
          ::MxCore
        ::MxRegionTopBottom
          ::MxCore
            ::MxCore
  Lego
  TickleManager
  Timer
  Timer
  Lego
  TickleManager
  Timer
  ::MxAutoLock
  ::MxAutoLock
  MxMediaManager::Tickle
    ::MxCore
      ::MxCore
  ::MxAutoLock
  MxMediaManager::Tickle
    ::MxCore
      ::MxCore
  ::MxAutoLock
  MxMediaManager::Tickle
    ::MxCore
      ::MxCore
  ::MxAutoLock
  LegoVideoManager::Tickle
    LegoVideoManager::Tickle
      ::MxCore
        ::MxCore
      MxRegion::VTable0x18
        ::MxCore
          ::MxCore
        ::MxRegionTopBottom
          ::MxCore
            ::MxCore
  Lego
  TickleManager
  Timer
  Timer
  Lego
  TickleManager
  Timer
  ::MxAutoLock
  ::MxAutoLock
  MxMediaManager::Tickle
    ::MxCore
      ::MxCore
  ::MxAutoLock
  MxMediaManager::Tickle
    ::MxCore
      ::MxCore
  ::MxAutoLock
  MxMediaManager::Tickle
    ::MxCore
      ::MxCore
  ::MxAutoLock
  LegoVideoManager::Tickle
    LegoVideoManager::Tickle
      ::MxCore
        ::MxCore
      MxRegion::VTable0x18
        ::MxCore
          ::MxCore
        ::MxRegionTopBottom
          ::MxCore
            ::MxCore
  Lego
  TickleManager
  Timer
  Timer
  Lego
  TickleManager
  Timer
  ::MxAutoLock
  ::MxAutoLock
  MxMediaManager::Tickle
    ::MxCore
      ::MxCore
  ::MxAutoLock
  MxMediaManager::Tickle
    ::MxCore
      ::MxCore
  ::MxAutoLock
  MxMediaManager::Tickle
    ::MxCore
      ::MxCore
  ::MxAutoLock
  LegoVideoManager::Tickle
    LegoVideoManager::Tickle
      ::MxCore
        ::MxCore
      MxRegion::VTable0x18
        ::MxCore
          ::MxCore
        ::MxRegionTopBottom
          ::MxCore
            ::MxCore
  Lego
  TickleManager
  Timer
  Timer
  Lego
  TickleManager
  Timer
  ::MxAutoLock
  ::MxAutoLock
  MxMediaManager::Tickle
    ::MxCore
      ::MxCore
  ::MxAutoLock
  MxMediaManager::Tickle
    ::MxCore
      ::MxCore
  ::MxAutoLock
  MxMediaManager::Tickle
    ::MxCore
      ::MxCore
  ::MxAutoLock
  LegoVideoManager::Tickle
    LegoVideoManager::Tickle
      ::MxCore
        ::MxCore
      MxRegion::VTable0x18
        ::MxCore
          ::MxCore
        ::MxRegionTopBottom
          ::MxCore
            ::MxCore
  Lego
  TickleManager
  Timer
  Timer
  Lego
  TickleManager
  Timer
  ::MxAutoLock
  ::MxAutoLock
  MxMediaManager::Tickle
    ::MxCore
      ::MxCore
  ::MxAutoLock
  MxMediaManager::Tickle
    ::MxCore
      ::MxCore
  ::MxAutoLock
  MxMediaManager::Tickle
    ::MxCore
      ::MxCore
  ::MxAutoLock
  LegoVideoManager::Tickle
    LegoVideoManager::Tickle
      ::MxCore
        ::MxCore
      MxRegion::VTable0x18
        ::MxCore
          ::MxCore
        ::MxRegionTopBottom
          ::MxCore
            ::MxCore
  Lego
  TickleManager
  Timer
  Timer
  Lego
  TickleManager
  Timer
  ::MxAutoLock
  ::MxAutoLock
  MxMediaManager::Tickle
    ::MxCore
      ::MxCore
  ::MxAutoLock
  MxMediaManager::Tickle
    ::MxCore
      ::MxCore
  ::MxAutoLock
  MxMediaManager::Tickle
    ::MxCore
      ::MxCore
  ::MxAutoLock
  LegoVideoManager::Tickle
    LegoVideoManager::Tickle
      ::MxCore
        ::MxCore
      MxRegion::VTable0x18
        ::MxCore
          ::MxCore
        ::MxRegionTopBottom
          ::MxCore
            ::MxCore
  Lego
  TickleManager
  Timer
  Timer
  Lego
  TickleManager
  Timer
  ::MxAutoLock
  ::MxAutoLock
  MxMediaManager::Tickle
    ::MxCore
      ::MxCore
  ::MxAutoLock
  MxMediaManager::Tickle
    ::MxCore
      ::MxCore
  ::MxAutoLock
  MxMediaManager::Tickle
    ::MxCore
      ::MxCore
  ::MxAutoLock
  LegoVideoManager::Tickle
    LegoVideoManager::Tickle
      ::MxCore
        ::MxCore
      MxRegion::VTable0x18
        ::MxCore
          ::MxCore
        ::MxRegionTopBottom
          ::MxCore
            ::MxCore
  Lego
  TickleManager
  Timer
  Timer
  Lego
  TickleManager
  Timer
  ::MxAutoLock
  ::MxAutoLock
  MxMediaManager::Tickle
    ::MxCore
      ::MxCore
  ::MxAutoLock
  MxMediaManager::Tickle
    ::MxCore
      ::MxCore
  ::MxAutoLock
  MxMediaManager::Tickle
    ::MxCore
      ::MxCore
  ::MxAutoLock
  LegoVideoManager::Tickle
    LegoVideoManager::Tickle
      ::MxCore
        ::MxCore
      MxRegion::VTable0x18
        ::MxCore
          ::MxCore
        ::MxRegionTopBottom
          ::MxCore
            ::MxCore
  Lego
  TickleManager
  Timer
  Timer
  Lego
  TickleManager
  Timer
  ::MxAutoLock
  ::MxAutoLock
  MxMediaManager::Tickle
    ::MxCore
      ::MxCore
  ::MxAutoLock
  MxMediaManager::Tickle
    ::MxCore
      ::MxCore
  ::MxAutoLock
  MxMediaManager::Tickle
    ::MxCore
      ::MxCore
  ::MxAutoLock
  LegoVideoManager::Tickle
    LegoVideoManager::Tickle
      ::MxCore
        ::MxCore
      MxRegion::VTable0x18
        ::MxCore
          ::MxCore
        ::MxRegionTopBottom
          ::MxCore
            ::MxCore
  Lego
  TickleManager
  Timer
  Timer
  Lego
  TickleManager
  Timer
  ::MxAutoLock
  ::MxAutoLock
  MxMediaManager::Tickle
    ::MxCore
      ::MxCore
  ::MxAutoLock
  MxMediaManager::Tickle
    ::MxCore
      ::MxCore
  ::MxAutoLock
  MxMediaManager::Tickle
    ::MxCore
      ::MxCore
  ::MxAutoLock
  LegoVideoManager::Tickle
    LegoVideoManager::Tickle
      ::MxCore
        ::MxCore
      MxRegion::VTable0x18
        ::MxCore
          ::MxCore
        ::MxRegionTopBottom
          ::MxCore
            ::MxCore
  Lego
  TickleManager
  Timer
  Timer
  Lego
  TickleManager
  Timer
  ::MxAutoLock
  ::MxAutoLock
  MxMediaManager::Tickle
    ::MxCore
      ::MxCore
  ::MxAutoLock
  MxMediaManager::Tickle
    ::MxCore
      ::MxCore
  ::MxAutoLock
  MxMediaManager::Tickle
    ::MxCore
      ::MxCore
  ::MxAutoLock
  LegoVideoManager::Tickle
    LegoVideoManager::Tickle
      ::MxCore
        ::MxCore
      MxRegion::VTable0x18
        ::MxCore
          ::MxCore
        ::MxRegionTopBottom
          ::MxCore
            ::MxCore
  Lego
  TickleManager
  Timer
  Timer
  Lego
  TickleManager
  Timer
  ::MxAutoLock
  ::MxAutoLock
  MxMediaManager::Tickle
    ::MxCore
      ::MxCore
  ::MxAutoLock
  MxMediaManager::Tickle
    ::MxCore
      ::MxCore
  ::MxAutoLock
  MxMediaManager::Tickle
    ::MxCore
      ::MxCore
  ::MxAutoLock
  LegoVideoManager::Tickle
    LegoVideoManager::Tickle
      ::MxCore
        ::MxCore
      MxRegion::VTable0x18
        ::MxCore
          ::MxCore
        ::MxRegionTopBottom
          ::MxCore
            ::MxCore
  Lego
  TickleManager
  Timer
  Timer
  Lego
  TickleManager
  Timer
  ::MxAutoLock
  ::MxAutoLock
  MxMediaManager::Tickle
    ::MxCore
      ::MxCore
  ::MxAutoLock
  MxMediaManager::Tickle
    ::MxCore
      ::MxCore
  ::MxAutoLock
  MxMediaManager::Tickle
    ::MxCore
      ::MxCore
  ::MxAutoLock
  LegoVideoManager::Tickle
    LegoVideoManager::Tickle
      ::MxCore
        ::MxCore
      MxRegion::VTable0x18
        ::MxCore
          ::MxCore
        ::MxRegionTopBottom
          ::MxCore
            ::MxCore
  Lego
  TickleManager
  Timer
  Timer
  Lego
  TickleManager
  Timer
  ::MxAutoLock
  ::MxAutoLock
  MxMediaManager::Tickle
    ::MxCore
      ::MxCore
  ::MxAutoLock
  MxMediaManager::Tickle
    ::MxCore
      ::MxCore
  ::MxAutoLock
  MxMediaManager::Tickle
    ::MxCore
      ::MxCore
  ::MxAutoLock
  LegoVideoManager::Tickle
    LegoVideoManager::Tickle
      ::MxCore
        ::MxCore
      MxRegion::VTable0x18
        ::MxCore
          ::MxCore
        ::MxRegionTopBottom
          ::MxCore
            ::MxCore
  Lego
  TickleManager
  Timer
  Timer
  Lego
  TickleManager
  Timer
  ::MxAutoLock
  ::MxAutoLock
  MxMediaManager::Tickle
    ::MxCore
      ::MxCore
  ::MxAutoLock
  MxMediaManager::Tickle
    ::MxCore
      ::MxCore
  ::MxAutoLock
  MxMediaManager::Tickle
    ::MxCore
      ::MxCore
  ::MxAutoLock
  LegoVideoManager::Tickle
    LegoVideoManager::Tickle
      ::MxCore
        ::MxCore
      MxRegion::VTable0x18
        ::MxCore
          ::MxCore
        ::MxRegionTopBottom
          ::MxCore
            ::MxCore
  Lego
  TickleManager
  Timer
  Timer
  Lego
  TickleManager
  Timer
  ::MxAutoLock
  ::MxAutoLock
  MxMediaManager::Tickle
    ::MxCore
      ::MxCore
  ::MxAutoLock
  MxMediaManager::Tickle
    ::MxCore
      ::MxCore
  ::MxAutoLock
  MxMediaManager::Tickle
    ::MxCore
      ::MxCore
  ::MxAutoLock
  LegoVideoManager::Tickle
    LegoVideoManager::Tickle
      ::MxCore
        ::MxCore
      MxRegion::VTable0x18
        ::MxCore
          ::MxCore
        ::MxRegionTopBottom
          ::MxCore
            ::MxCore
  Lego
  TickleManager
  Timer
  Timer
  Lego
  TickleManager
  Timer
  ::MxAutoLock
  ::MxAutoLock
  MxMediaManager::Tickle
    ::MxCore
      ::MxCore
  ::MxAutoLock
  MxMediaManager::Tickle
    ::MxCore
      ::MxCore
  ::MxAutoLock
  MxMediaManager::Tickle
    ::MxCore
      ::MxCore
  ::MxAutoLock
  LegoVideoManager::Tickle
    LegoVideoManager::Tickle
      ::MxCore
        ::MxCore
      MxRegion::VTable0x18
        ::MxCore
          ::MxCore
        ::MxRegionTopBottom
          ::MxCore
            ::MxCore
  Lego
  TickleManager
  Timer
  Timer
  Lego
  TickleManager
  Timer
  ::MxAutoLock
  ::MxAutoLock
  MxMediaManager::Tickle
    ::MxCore
      ::MxCore
  ::MxAutoLock
  MxMediaManager::Tickle
    ::MxCore
      ::MxCore
  ::MxAutoLock
  MxMediaManager::Tickle
    ::MxCore
      ::MxCore
  ::MxAutoLock
  LegoVideoManager::Tickle
    LegoVideoManager::Tickle
      ::MxCore
        ::MxCore
      MxRegion::VTable0x18
        ::MxCore
          ::MxCore
        ::MxRegionTopBottom
          ::MxCore
            ::MxCore
  Lego
  TickleManager
  Timer
  Timer
  Lego
  TickleManager
  Timer
  ::MxAutoLock
  ::MxAutoLock
  MxMediaManager::Tickle
    ::MxCore
      ::MxCore
  ::MxAutoLock
  MxMediaManager::Tickle
    ::MxCore
      ::MxCore
  ::MxAutoLock
  MxMediaManager::Tickle
    ::MxCore
      ::MxCore
  ::MxAutoLock
  LegoVideoManager::Tickle
    LegoVideoManager::Tickle
      ::MxCore
        ::MxCore
      MxRegion::VTable0x18
        ::MxCore
          ::MxCore
        ::MxRegionTopBottom
          ::MxCore
            ::MxCore
  Lego
  TickleManager
  Timer
  Timer
  Lego
  TickleManager
  Timer
  ::MxAutoLock
  ::MxAutoLock
  MxMediaManager::Tickle
    ::MxCore
      ::MxCore
  ::MxAutoLock
  MxMediaManager::Tickle
    ::MxCore
      ::MxCore
  ::MxAutoLock
  MxMediaManager::Tickle
    ::MxCore
      ::MxCore
  ::MxAutoLock
  LegoVideoManager::Tickle
    LegoVideoManager::Tickle
      ::MxCore
        ::MxCore
      MxRegion::VTable0x18
        ::MxCore
          ::MxCore
        ::MxRegionTopBottom
          ::MxCore
            ::MxCore
  Lego
  TickleManager
  Timer
  Timer
  Lego
  TickleManager
  Timer
  ::MxAutoLock
  ::MxAutoLock
  MxMediaManager::Tickle
    ::MxCore
      ::MxCore
  ::MxAutoLock
  MxMediaManager::Tickle
    ::MxCore
      ::MxCore
  ::MxAutoLock
  MxMediaManager::Tickle
    ::MxCore
      ::MxCore
  ::MxAutoLock
  LegoVideoManager::Tickle
    LegoVideoManager::Tickle
      ::MxCore
        ::MxCore
      MxRegion::VTable0x18
        ::MxCore
          ::MxCore
        ::MxRegionTopBottom
          ::MxCore
            ::MxCore
  Lego
  TickleManager
  Timer
  Timer
  Lego
  TickleManager
  Timer
  ::MxAutoLock
  ::MxAutoLock
  MxMediaManager::Tickle
    ::MxCore
      ::MxCore
  ::MxAutoLock
  MxMediaManager::Tickle
    ::MxCore
      ::MxCore
  ::MxAutoLock
  MxMediaManager::Tickle
    ::MxCore
      ::MxCore
  ::MxAutoLock
  LegoVideoManager::Tickle
    LegoVideoManager::Tickle
      ::MxCore
        ::MxCore
      MxRegion::VTable0x18
        ::MxCore
          ::MxCore
        ::MxRegionTopBottom
          ::MxCore
            ::MxCore
  Lego
  TickleManager
  Timer
  Timer
  Lego
  TickleManager
  Timer
  ::MxAutoLock
  ::MxAutoLock
  MxMediaManager::Tickle
    ::MxCore
      ::MxCore
  ::MxAutoLock
  MxMediaManager::Tickle
    ::MxCore
      ::MxCore
  ::MxAutoLock
  MxMediaManager::Tickle
    ::MxCore
      ::MxCore
  ::MxAutoLock
  LegoVideoManager::Tickle
    LegoVideoManager::Tickle
      ::MxCore
        ::MxCore
      MxRegion::VTable0x18
        ::MxCore
          ::MxCore
        ::MxRegionTopBottom
          ::MxCore
            ::MxCore
  Lego
  TickleManager
  Timer
  Timer
  Lego
  TickleManager
  Timer
  ::MxAutoLock
  ::MxAutoLock
  MxMediaManager::Tickle
    ::MxCore
      ::MxCore
  ::MxAutoLock
  MxMediaManager::Tickle
    ::MxCore
      ::MxCore
  ::MxAutoLock
  MxMediaManager::Tickle
    ::MxCore
      ::MxCore
  ::MxAutoLock
  LegoVideoManager::Tickle
    LegoVideoManager::Tickle
      ::MxCore
        ::MxCore
      MxRegion::VTable0x18
        ::MxCore
          ::MxCore
        ::MxRegionTopBottom
          ::MxCore
            ::MxCore
  Lego
  TickleManager
  Timer
  Timer
  Lego
  TickleManager
  Timer
  ::MxAutoLock
  ::MxAutoLock
  MxMediaManager::Tickle
    ::MxCore
      ::MxCore
  ::MxAutoLock
  MxMediaManager::Tickle
    ::MxCore
      ::MxCore
  ::MxAutoLock
  MxMediaManager::Tickle
    ::MxCore
      ::MxCore
  ::MxAutoLock
  LegoVideoManager::Tickle
    LegoVideoManager::Tickle
      ::MxCore
        ::MxCore
      MxRegion::VTable0x18
        ::MxCore
          ::MxCore
        ::MxRegionTopBottom
          ::MxCore
            ::MxCore
  Lego
  TickleManager
  Timer
  Timer
  Lego
  TickleManager
  Timer
  ::MxAutoLock
  ::MxAutoLock
  MxMediaManager::Tickle
    ::MxCore
      ::MxCore
  ::MxAutoLock
  MxMediaManager::Tickle
    ::MxCore
      ::MxCore
  ::MxAutoLock
  MxMediaManager::Tickle
    ::MxCore
      ::MxCore
  ::MxAutoLock
  LegoVideoManager::Tickle
    LegoVideoManager::Tickle
      ::MxCore
        ::MxCore
      MxRegion::VTable0x18
        ::MxCore
          ::MxCore
        ::MxRegionTopBottom
          ::MxCore
            ::MxCore
  Lego
  TickleManager
  Timer
  Timer
  Lego
  TickleManager
  Timer
  ::MxAutoLock
  ::MxAutoLock
  MxMediaManager::Tickle
    ::MxCore
      ::MxCore
  ::MxAutoLock
  MxMediaManager::Tickle
    ::MxCore
      ::MxCore
  ::MxAutoLock
  MxMediaManager::Tickle
    ::MxCore
      ::MxCore
  ::MxAutoLock
  LegoVideoManager::Tickle
    LegoVideoManager::Tickle
      ::MxCore
        ::MxCore
      MxRegion::VTable0x18
        ::MxCore
          ::MxCore
        ::MxRegionTopBottom
          ::MxCore
            ::MxCore
  Lego
  TickleManager
  Timer
  Timer
  Lego
  TickleManager
  Timer
  ::MxAutoLock
  ::MxAutoLock
  MxMediaManager::Tickle
    ::MxCore
      ::MxCore
  ::MxAutoLock
  MxMediaManager::Tickle
    ::MxCore
      ::MxCore
  ::MxAutoLock
  MxMediaManager::Tickle
    ::MxCore
      ::MxCore
  ::MxAutoLock
  LegoVideoManager::Tickle
    LegoVideoManager::Tickle
      ::MxCore
        ::MxCore
      MxRegion::VTable0x18
        ::MxCore
          ::MxCore
        ::MxRegionTopBottom
          ::MxCore
            ::MxCore
  Lego
  TickleManager
  Timer
  Timer
  Lego
  TickleManager
  Timer
  ::MxAutoLock
  ::MxAutoLock
  MxMediaManager::Tickle
    ::MxCore
      ::MxCore
  ::MxAutoLock
  MxMediaManager::Tickle
    ::MxCore
      ::MxCore
  ::MxAutoLock
  MxMediaManager::Tickle
    ::MxCore
      ::MxCore
  ::MxAutoLock
  LegoVideoManager::Tickle
    LegoVideoManager::Tickle
      ::MxCore
        ::MxCore
      MxRegion::VTable0x18
        ::MxCore
          ::MxCore
        ::MxRegionTopBottom
          ::MxCore
            ::MxCore
  Lego
  TickleManager
  Timer
  Timer
  Lego
  TickleManager
  Timer
  ::MxAutoLock
  ::MxAutoLock
  MxMediaManager::Tickle
    ::MxCore
      ::MxCore
  ::MxAutoLock
  MxMediaManager::Tickle
    ::MxCore
      ::MxCore
  ::MxAutoLock
  MxMediaManager::Tickle
    ::MxCore
      ::MxCore
  ::MxAutoLock
  LegoVideoManager::Tickle
    LegoVideoManager::Tickle
      ::MxCore
        ::MxCore
      MxRegion::VTable0x18
        ::MxCore
          ::MxCore
        ::MxRegionTopBottom
          ::MxCore
            ::MxCore
  Lego
  TickleManager
  Timer
  Timer
  Lego
  TickleManager
  Timer
  ::MxAutoLock
  ::MxAutoLock
  MxMediaManager::Tickle
    ::MxCore
      ::MxCore
  ::MxAutoLock
  MxMediaManager::Tickle
    ::MxCore
      ::MxCore
  ::MxAutoLock
  MxMediaManager::Tickle
    ::MxCore
      ::MxCore
  ::MxAutoLock
  LegoVideoManager::Tickle
    LegoVideoManager::Tickle
      ::MxCore
        ::MxCore
      MxRegion::VTable0x18
        ::MxCore
          ::MxCore
        ::MxRegionTopBottom
          ::MxCore
            ::MxCore
  Lego
  TickleManager
  Timer
  Timer
  Lego
  TickleManager
  Timer
  ::MxAutoLock
  ::MxAutoLock
  MxMediaManager::Tickle
    ::MxCore
      ::MxCore
  ::MxAutoLock
  MxMediaManager::Tickle
    ::MxCore
      ::MxCore
  ::MxAutoLock
  MxMediaManager::Tickle
    ::MxCore
      ::MxCore
  ::MxAutoLock
  LegoVideoManager::Tickle
    LegoVideoManager::Tickle
      ::MxCore
        ::MxCore
      MxRegion::VTable0x18
        ::MxCore
          ::MxCore
        ::MxRegionTopBottom
          ::MxCore
            ::MxCore
  Lego
  TickleManager
  Timer
  Timer
  Lego
  TickleManager
  Timer
  ::MxAutoLock
  ::MxAutoLock
  MxMediaManager::Tickle
    ::MxCore
      ::MxCore
  ::MxAutoLock
  MxMediaManager::Tickle
    ::MxCore
      ::MxCore
  ::MxAutoLock
  MxMediaManager::Tickle
    ::MxCore
      ::MxCore
  ::MxAutoLock
  LegoVideoManager::Tickle
    LegoVideoManager::Tickle
      ::MxCore
        ::MxCore
      MxRegion::VTable0x18
        ::MxCore
          ::MxCore
        ::MxRegionTopBottom
          ::MxCore
            ::MxCore
  Lego
  TickleManager
  Timer
  Timer
  Lego
  TickleManager
  Timer
  ::MxAutoLock
  ::MxAutoLock
  MxMediaManager::Tickle
    ::MxCore
      ::MxCore
  ::MxAutoLock
  MxMediaManager::Tickle
    ::MxCore
      ::MxCore
  ::MxAutoLock
  MxMediaManager::Tickle
    ::MxCore
      ::MxCore
  ::MxAutoLock
  LegoVideoManager::Tickle
    LegoVideoManager::Tickle
      ::MxCore
        ::MxCore
      MxRegion::VTable0x18
        ::MxCore
          ::MxCore
        ::MxRegionTopBottom
          ::MxCore
            ::MxCore
  Lego
  TickleManager
  Timer
  Timer
  Lego
  TickleManager
  Timer
  ::MxAutoLock
  ::MxAutoLock
  MxMediaManager::Tickle
    ::MxCore
      ::MxCore
  ::MxAutoLock
  MxMediaManager::Tickle
    ::MxCore
      ::MxCore
  ::MxAutoLock
  MxMediaManager::Tickle
    ::MxCore
      ::MxCore
  ::MxAutoLock
  LegoVideoManager::Tickle
    LegoVideoManager::Tickle
      ::MxCore
        ::MxCore
      MxRegion::VTable0x18
        ::MxCore
          ::MxCore
        ::MxRegionTopBottom
          ::MxCore
            ::MxCore
  Lego
  TickleManager
  Timer
  Timer
  Lego
  TickleManager
  Timer
  ::MxAutoLock
  ::MxAutoLock
  MxMediaManager::Tickle
    ::MxCore
      ::MxCore
  ::MxAutoLock
  MxMediaManager::Tickle
    ::MxCore
      ::MxCore
  ::MxAutoLock
  MxMediaManager::Tickle
    ::MxCore
      ::MxCore
  ::MxAutoLock
  LegoVideoManager::Tickle
    LegoVideoManager::Tickle
      ::MxCore
        ::MxCore
      MxRegion::VTable0x18
        ::MxCore
          ::MxCore
        ::MxRegionTopBottom
          ::MxCore
            ::MxCore
  Lego
  TickleManager
  Timer
  Timer
  Lego
  TickleManager
  Timer
  ::MxAutoLock
  ::MxAutoLock
  MxMediaManager::Tickle
    ::MxCore
      ::MxCore
  ::MxAutoLock
  MxMediaManager::Tickle
    ::MxCore
      ::MxCore
  ::MxAutoLock
  MxMediaManager::Tickle
    ::MxCore
      ::MxCore
  ::MxAutoLock
  LegoVideoManager::Tickle
    LegoVideoManager::Tickle
      ::MxCore
        ::MxCore
      MxRegion::VTable0x18
        ::MxCore
          ::MxCore
        ::MxRegionTopBottom
          ::MxCore
            ::MxCore
  Lego
  TickleManager
  Timer
  Timer
  Lego
  TickleManager
  Timer
  ::MxAutoLock
  ::MxAutoLock
  MxMediaManager::Tickle
    ::MxCore
      ::MxCore
  ::MxAutoLock
  MxMediaManager::Tickle
    ::MxCore
      ::MxCore
  ::MxAutoLock
  MxMediaManager::Tickle
    ::MxCore
      ::MxCore
  ::MxAutoLock
  LegoVideoManager::Tickle
    LegoVideoManager::Tickle
      ::MxCore
        ::MxCore
      MxRegion::VTable0x18
        ::MxCore
          ::MxCore
        ::MxRegionTopBottom
          ::MxCore
            ::MxCore
  Lego
  TickleManager
  Timer
  Timer
  Lego
  TickleManager
  Timer
  ::MxAutoLock
  ::MxAutoLock
  MxMediaManager::Tickle
    ::MxCore
      ::MxCore
  ::MxAutoLock
  MxMediaManager::Tickle
    ::MxCore
      ::MxCore
  ::MxAutoLock
  MxMediaManager::Tickle
    ::MxCore
      ::MxCore
  ::MxAutoLock
  LegoVideoManager::Tickle
    LegoVideoManager::Tickle
      ::MxCore
        ::MxCore
      MxRegion::VTable0x18
        ::MxCore
          ::MxCore
        ::MxRegionTopBottom
          ::MxCore
            ::MxCore
  Lego
  TickleManager
  Timer
  Timer
  Lego
  TickleManager
  Timer
  ::MxAutoLock
  ::MxAutoLock
  MxMediaManager::Tickle
    ::MxCore
      ::MxCore
  ::MxAutoLock
  MxMediaManager::Tickle
    ::MxCore
      ::MxCore
  ::MxAutoLock
  MxMediaManager::Tickle
    ::MxCore
      ::MxCore
  ::MxAutoLock
  LegoVideoManager::Tickle
    LegoVideoManager::Tickle
      ::MxCore
        ::MxCore
      MxRegion::VTable0x18
        ::MxCore
          ::MxCore
        ::MxRegionTopBottom
          ::MxCore
            ::MxCore
  Lego
  TickleManager
  Timer
  Timer
  Lego
  TickleManager
  Timer
  ::MxAutoLock
  ::MxAutoLock
  MxMediaManager::Tickle
    ::MxCore
      ::MxCore
  ::MxAutoLock
  MxMediaManager::Tickle
    ::MxCore
      ::MxCore
  ::MxAutoLock
  MxMediaManager::Tickle
    ::MxCore
      ::MxCore
  ::MxAutoLock
  LegoVideoManager::Tickle
    LegoVideoManager::Tickle
      ::MxCore
        ::MxCore
      MxRegion::VTable0x18
        ::MxCore
          ::MxCore
        ::MxRegionTopBottom
          ::MxCore
            ::MxCore
  Lego
  TickleManager
  Timer
  Timer
  Lego
  TickleManager
  Timer
  ::MxAutoLock
  ::MxAutoLock
  MxMediaManager::Tickle
    ::MxCore
      ::MxCore
  ::MxAutoLock
  MxMediaManager::Tickle
    ::MxCore
      ::MxCore
  ::MxAutoLock
  MxMediaManager::Tickle
    ::MxCore
      ::MxCore
  ::MxAutoLock
  LegoVideoManager::Tickle
    LegoVideoManager::Tickle
      ::MxCore
        ::MxCore
      MxRegion::VTable0x18
        ::MxCore
          ::MxCore
        ::MxRegionTopBottom
          ::MxCore
            ::MxCore
  Lego
  TickleManager
  Timer
  Timer
  Lego
  TickleManager
  Timer
  ::MxAutoLock
  ::MxAutoLock
  MxMediaManager::Tickle
    ::MxCore
      ::MxCore
  ::MxAutoLock
  MxMediaManager::Tickle
    ::MxCore
      ::MxCore
  ::MxAutoLock
  MxMediaManager::Tickle
    ::MxCore
      ::MxCore
  ::MxAutoLock
  LegoVideoManager::Tickle
    LegoVideoManager::Tickle
      ::MxCore
        ::MxCore
      MxRegion::VTable0x18
        ::MxCore
          ::MxCore
        ::MxRegionTopBottom
          ::MxCore
            ::MxCore
  Lego
  TickleManager
  Timer
  Timer
  Lego
  TickleManager
  Timer
  ::MxAutoLock
  ::MxAutoLock
  MxMediaManager::Tickle
    ::MxCore
      ::MxCore
  ::MxAutoLock
  MxMediaManager::Tickle
    ::MxCore
      ::MxCore
  ::MxAutoLock
  MxMediaManager::Tickle
    ::MxCore
      ::MxCore
  ::MxAutoLock
  LegoVideoManager::Tickle
    LegoVideoManager::Tickle
      ::MxCore
        ::MxCore
      MxRegion::VTable0x18
        ::MxCore
          ::MxCore
        ::MxRegionTopBottom
          ::MxCore
            ::MxCore
  Lego
  TickleManager
  Timer
  Timer
  Lego
  TickleManager
  Timer
  ::MxAutoLock
  ::MxAutoLock
  MxMediaManager::Tickle
    ::MxCore
      ::MxCore
  ::MxAutoLock
  MxMediaManager::Tickle
    ::MxCore
      ::MxCore
  ::MxAutoLock
  MxMediaManager::Tickle
    ::MxCore
      ::MxCore
  ::MxAutoLock
  LegoVideoManager::Tickle
    LegoVideoManager::Tickle
      ::MxCore
        ::MxCore
      MxRegion::VTable0x18
        ::MxCore
          ::MxCore
        ::MxRegionTopBottom
          ::MxCore
            ::MxCore
  Lego
  TickleManager
  Timer
  Timer
  Lego
  TickleManager
  Timer
  ::MxAutoLock
  ::MxAutoLock
  MxMediaManager::Tickle
    ::MxCore
      ::MxCore
  ::MxAutoLock
  MxMediaManager::Tickle
    ::MxCore
      ::MxCore
  ::MxAutoLock
  MxMediaManager::Tickle
    ::MxCore
      ::MxCore
  ::MxAutoLock
  LegoVideoManager::Tickle
    LegoVideoManager::Tickle
      ::MxCore
        ::MxCore
      MxRegion::VTable0x18
        ::MxCore
          ::MxCore
        ::MxRegionTopBottom
          ::MxCore
            ::MxCore
  Lego
  TickleManager
  Timer
  Timer
  Lego
  TickleManager
  Timer
  ::MxAutoLock
  ::MxAutoLock
  MxMediaManager::Tickle
    ::MxCore
      ::MxCore
  ::MxAutoLock
  MxMediaManager::Tickle
    ::MxCore
      ::MxCore
  ::MxAutoLock
  MxMediaManager::Tickle
    ::MxCore
      ::MxCore
  ::MxAutoLock
  LegoVideoManager::Tickle
    LegoVideoManager::Tickle
      ::MxCore
        ::MxCore
      MxRegion::VTable0x18
        ::MxCore
          ::MxCore
        ::MxRegionTopBottom
          ::MxCore
            ::MxCore
  Lego
  TickleManager
  Timer
  Timer
  Lego
  TickleManager
  Timer
  ::MxAutoLock
  ::MxAutoLock
  MxMediaManager::Tickle
    ::MxCore
      ::MxCore
  ::MxAutoLock
  MxMediaManager::Tickle
    ::MxCore
      ::MxCore
  ::MxAutoLock
  MxMediaManager::Tickle
    ::MxCore
      ::MxCore
  ::MxAutoLock
  LegoVideoManager::Tickle
    LegoVideoManager::Tickle
      ::MxCore
        ::MxCore
      MxRegion::VTable0x18
        ::MxCore
          ::MxCore
        ::MxRegionTopBottom
          ::MxCore
            ::MxCore
  Lego
  TickleManager
  Timer
  Timer
  Lego
  TickleManager
  Timer
  ::MxAutoLock
  ::MxAutoLock
  MxMediaManager::Tickle
    ::MxCore
      ::MxCore
  ::MxAutoLock
  MxMediaManager::Tickle
    ::MxCore
      ::MxCore
  ::MxAutoLock
  MxMediaManager::Tickle
    ::MxCore
      ::MxCore
  ::MxAutoLock
  LegoVideoManager::Tickle
    LegoVideoManager::Tickle
      ::MxCore
        ::MxCore
      MxRegion::VTable0x18
        ::MxCore
          ::MxCore
        ::MxRegionTopBottom
          ::MxCore
            ::MxCore
  Lego
  TickleManager
  Timer
  Timer
  Lego
  TickleManager
  Timer
  ::MxAutoLock
  ::MxAutoLock
  MxMediaManager::Tickle
    ::MxCore
      ::MxCore
  ::MxAutoLock
  MxMediaManager::Tickle
    ::MxCore
      ::MxCore
  ::MxAutoLock
  MxMediaManager::Tickle
    ::MxCore
      ::MxCore
  ::MxAutoLock
  LegoVideoManager::Tickle
    LegoVideoManager::Tickle
      ::MxCore
        ::MxCore
      MxRegion::VTable0x18
        ::MxCore
          ::MxCore
        ::MxRegionTopBottom
          ::MxCore
            ::MxCore
  Lego
  TickleManager
  Timer
  Timer
  Lego
  TickleManager
  Timer
  ::MxAutoLock
  ::MxAutoLock
  MxMediaManager::Tickle
    ::MxCore
      ::MxCore
  ::MxAutoLock
  MxMediaManager::Tickle
    ::MxCore
      ::MxCore
  ::MxAutoLock
  MxMediaManager::Tickle
    ::MxCore
      ::MxCore
  ::MxAutoLock
  LegoVideoManager::Tickle
    LegoVideoManager::Tickle
      ::MxCore
        ::MxCore
      MxRegion::VTable0x18
        ::MxCore
          ::MxCore
        ::MxRegionTopBottom
          ::MxCore
            ::MxCore
  Lego
  TickleManager
  Timer
  Timer
  Lego
  TickleManager
  Timer
  ::MxAutoLock
  ::MxAutoLock
  MxMediaManager::Tickle
    ::MxCore
      ::MxCore
  ::MxAutoLock
  MxMediaManager::Tickle
    ::MxCore
      ::MxCore
  ::MxAutoLock
  MxMediaManager::Tickle
    ::MxCore
      ::MxCore
  ::MxAutoLock
  LegoVideoManager::Tickle
    LegoVideoManager::Tickle
      ::MxCore
        ::MxCore
      MxRegion::VTable0x18
        ::MxCore
          ::MxCore
        ::MxRegionTopBottom
          ::MxCore
            ::MxCore
  Lego
  TickleManager
  Timer
  Timer
  Lego
  TickleManager
  Timer
  ::MxAutoLock
  ::MxAutoLock
  MxMediaManager::Tickle
    ::MxCore
      ::MxCore
  ::MxAutoLock
  MxMediaManager::Tickle
    ::MxCore
      ::MxCore
  ::MxAutoLock
  MxMediaManager::Tickle
    ::MxCore
      ::MxCore
  ::MxAutoLock
  LegoVideoManager::Tickle
    LegoVideoManager::Tickle
      ::MxCore
        ::MxCore
      MxRegion::VTable0x18
        ::MxCore
          ::MxCore
        ::MxRegionTopBottom
          ::MxCore
            ::MxCore
  Lego
  TickleManager
  Timer
  Timer
  Lego
  TickleManager
  Timer
  ::MxAutoLock
  ::MxAutoLock
  MxMediaManager::Tickle
    ::MxCore
      ::MxCore
  ::MxAutoLock
  MxMediaManager::Tickle
    ::MxCore
      ::MxCore
  ::MxAutoLock
  MxMediaManager::Tickle
    ::MxCore
      ::MxCore
  ::MxAutoLock
  LegoVideoManager::Tickle
    LegoVideoManager::Tickle
      ::MxCore
        ::MxCore
      MxRegion::VTable0x18
        ::MxCore
          ::MxCore
        ::MxRegionTopBottom
          ::MxCore
            ::MxCore
  Lego
  TickleManager
  Timer
  Timer
  Lego
  TickleManager
  Timer
  ::MxAutoLock
  ::MxAutoLock
  MxMediaManager::Tickle
    ::MxCore
      ::MxCore
  ::MxAutoLock
  MxMediaManager::Tickle
    ::MxCore
      ::MxCore
  ::MxAutoLock
  MxMediaManager::Tickle
    ::MxCore
      ::MxCore
  ::MxAutoLock
  LegoVideoManager::Tickle
    LegoVideoManager::Tickle
      ::MxCore
        ::MxCore
      MxRegion::VTable0x18
        ::MxCore
          ::MxCore
        ::MxRegionTopBottom
          ::MxCore
            ::MxCore
  Lego
  TickleManager
  Timer
  Timer
  Lego
  TickleManager
  Timer
  ::MxAutoLock
  ::MxAutoLock
  MxMediaManager::Tickle
    ::MxCore
      ::MxCore
  ::MxAutoLock
  MxMediaManager::Tickle
    ::MxCore
      ::MxCore
  ::MxAutoLock
  MxMediaManager::Tickle
    ::MxCore
      ::MxCore
  ::MxAutoLock
  LegoVideoManager::Tickle
    LegoVideoManager::Tickle
      ::MxCore
        ::MxCore
      MxRegion::VTable0x18
        ::MxCore
          ::MxCore
        ::MxRegionTopBottom
          ::MxCore
            ::MxCore
  Lego
  TickleManager
  Timer
  Timer
  Lego
  TickleManager
  Timer
  ::MxAutoLock
  ::MxAutoLock
  MxMediaManager::Tickle
    ::MxCore
      ::MxCore
  ::MxAutoLock
  MxMediaManager::Tickle
    ::MxCore
      ::MxCore
  ::MxAutoLock
  MxMediaManager::Tickle
    ::MxCore
      ::MxCore
  ::MxAutoLock
  LegoVideoManager::Tickle
    LegoVideoManager::Tickle
      ::MxCore
        ::MxCore
      MxRegion::VTable0x18
        ::MxCore
          ::MxCore
        ::MxRegionTopBottom
          ::MxCore
            ::MxCore
  Lego
  TickleManager
  Timer
  Timer
  Lego
  TickleManager
  Timer
  ::MxAutoLock
  ::MxAutoLock
  MxMediaManager::Tickle
    ::MxCore
      ::MxCore
  ::MxAutoLock
  MxMediaManager::Tickle
    ::MxCore
      ::MxCore
  ::MxAutoLock
  MxMediaManager::Tickle
    ::MxCore
      ::MxCore
  ::MxAutoLock
  LegoVideoManager::Tickle
    LegoVideoManager::Tickle
      ::MxCore
        ::MxCore
      MxRegion::VTable0x18
        ::MxCore
          ::MxCore
        ::MxRegionTopBottom
          ::MxCore
            ::MxCore
  Lego
  TickleManager
  Timer
  Timer
  Lego
  TickleManager
  Timer
  ::MxAutoLock
  ::MxAutoLock
  MxMediaManager::Tickle
    ::MxCore
      ::MxCore
  ::MxAutoLock
  MxMediaManager::Tickle
    ::MxCore
      ::MxCore
  ::MxAutoLock
  MxMediaManager::Tickle
    ::MxCore
      ::MxCore
  ::MxAutoLock
  LegoVideoManager::Tickle
    LegoVideoManager::Tickle
      ::MxCore
        ::MxCore
      MxRegion::VTable0x18
        ::MxCore
          ::MxCore
        ::MxRegionTopBottom
          ::MxCore
            ::MxCore
  Lego
  TickleManager
  Timer
  Timer
  Lego
  TickleManager
  Timer
  ::MxAutoLock
  ::MxAutoLock
  MxMediaManager::Tickle
    ::MxCore
      ::MxCore
  ::MxAutoLock
  MxMediaManager::Tickle
    ::MxCore
      ::MxCore
  ::MxAutoLock
  MxMediaManager::Tickle
    ::MxCore
      ::MxCore
  ::MxAutoLock
  LegoVideoManager::Tickle
    LegoVideoManager::Tickle
      ::MxCore
        ::MxCore
      MxRegion::VTable0x18
        ::MxCore
          ::MxCore
        ::MxRegionTopBottom
          ::MxCore
            ::MxCore
  Lego
  TickleManager
  Timer
  Timer
  Lego
  TickleManager
  Timer
  ::MxAutoLock
  ::MxAutoLock
  MxMediaManager::Tickle
    ::MxCore
      ::MxCore
  ::MxAutoLock
  MxMediaManager::Tickle
    ::MxCore
      ::MxCore
  ::MxAutoLock
  MxMediaManager::Tickle
    ::MxCore
      ::MxCore
  ::MxAutoLock
  LegoVideoManager::Tickle
    LegoVideoManager::Tickle
      ::MxCore
        ::MxCore
      MxRegion::VTable0x18
        ::MxCore
          ::MxCore
        ::MxRegionTopBottom
          ::MxCore
            ::MxCore
  Lego
  TickleManager
  Timer
  Timer
  Lego
  TickleManager
  Timer
  ::MxAutoLock
  ::MxAutoLock
  MxMediaManager::Tickle
    ::MxCore
      ::MxCore
  ::MxAutoLock
  MxMediaManager::Tickle
    ::MxCore
      ::MxCore
  ::MxAutoLock
  MxMediaManager::Tickle
    ::MxCore
      ::MxCore
  ::MxAutoLock
  LegoVideoManager::Tickle
    LegoVideoManager::Tickle
      ::MxCore
        ::MxCore
      MxRegion::VTable0x18
        ::MxCore
          ::MxCore
        ::MxRegionTopBottom
          ::MxCore
            ::MxCore
  Lego
  TickleManager
  Timer
  Timer
  Lego
  TickleManager
  Timer
  ::MxAutoLock
  ::MxAutoLock
  MxMediaManager::Tickle
    ::MxCore
      ::MxCore
  ::MxAutoLock
  MxMediaManager::Tickle
    ::MxCore
      ::MxCore
  ::MxAutoLock
  MxMediaManager::Tickle
    ::MxCore
      ::MxCore
  ::MxAutoLock
  LegoVideoManager::Tickle
    LegoVideoManager::Tickle
      ::MxCore
        ::MxCore
      MxRegion::VTable0x18
        ::MxCore
          ::MxCore
        ::MxRegionTopBottom
          ::MxCore
            ::MxCore
  Lego
  TickleManager
  Timer
  Timer
  Lego
  TickleManager
  Timer
  ::MxAutoLock
  ::MxAutoLock
  MxMediaManager::Tickle
    ::MxCore
      ::MxCore
  ::MxAutoLock
  MxMediaManager::Tickle
    ::MxCore
      ::MxCore
  ::MxAutoLock
  MxMediaManager::Tickle
    ::MxCore
      ::MxCore
  ::MxAutoLock
  LegoVideoManager::Tickle
    LegoVideoManager::Tickle
      ::MxCore
        ::MxCore
      MxRegion::VTable0x18
        ::MxCore
          ::MxCore
        ::MxRegionTopBottom
          ::MxCore
            ::MxCore
  Lego
  TickleManager
  Timer
  Timer
  Lego
  TickleManager
  Timer
  ::MxAutoLock
  ::MxAutoLock
  MxMediaManager::Tickle
    ::MxCore
      ::MxCore
  ::MxAutoLock
  MxMediaManager::Tickle
    ::MxCore
      ::MxCore
  ::MxAutoLock
  MxMediaManager::Tickle
    ::MxCore
      ::MxCore
  ::MxAutoLock
  LegoVideoManager::Tickle
    LegoVideoManager::Tickle
      ::MxCore
        ::MxCore
      MxRegion::VTable0x18
        ::MxCore
          ::MxCore
        ::MxRegionTopBottom
          ::MxCore
            ::MxCore
  Lego
  TickleManager
  Timer
  Timer
  Lego
  TickleManager
  Timer
  ::MxAutoLock
  ::MxAutoLock
  MxMediaManager::Tickle
    ::MxCore
      ::MxCore
  ::MxAutoLock
  MxMediaManager::Tickle
    ::MxCore
      ::MxCore
  ::MxAutoLock
  MxMediaManager::Tickle
    ::MxCore
      ::MxCore
  ::MxAutoLock
  LegoVideoManager::Tickle
    LegoVideoManager::Tickle
      ::MxCore
        ::MxCore
      MxRegion::VTable0x18
        ::MxCore
          ::MxCore
        ::MxRegionTopBottom
          ::MxCore
            ::MxCore
  Lego
  TickleManager
  Timer
  Timer
  Lego
  TickleManager
  Timer
  ::MxAutoLock
  ::MxAutoLock
  MxMediaManager::Tickle
    ::MxCore
      ::MxCore
  ::MxAutoLock
  MxMediaManager::Tickle
    ::MxCore
      ::MxCore
  ::MxAutoLock
  MxMediaManager::Tickle
    ::MxCore
      ::MxCore
  ::MxAutoLock
  LegoVideoManager::Tickle
    LegoVideoManager::Tickle
      ::MxCore
        ::MxCore
      MxRegion::VTable0x18
        ::MxCore
          ::MxCore
        ::MxRegionTopBottom
          ::MxCore
            ::MxCore
  Lego
  TickleManager
  Timer
  Timer
  Lego
  TickleManager
  Timer
  ::MxAutoLock
  ::MxAutoLock
  MxMediaManager::Tickle
    ::MxCore
      ::MxCore
  ::MxAutoLock
  MxMediaManager::Tickle
    ::MxCore
      ::MxCore
  ::MxAutoLock
  MxMediaManager::Tickle
    ::MxCore
      ::MxCore
  ::MxAutoLock
  LegoVideoManager::Tickle
    LegoVideoManager::Tickle
      ::MxCore
        ::MxCore
      MxRegion::VTable0x18
        ::MxCore
          ::MxCore
        ::MxRegionTopBottom
          ::MxCore
            ::MxCore
  Lego
  TickleManager
  Timer
  Timer
  Lego
  TickleManager
  Timer
  ::MxAutoLock
  ::MxAutoLock
  MxMediaManager::Tickle
    ::MxCore
      ::MxCore
  ::MxAutoLock
  MxMediaManager::Tickle
    ::MxCore
      ::MxCore
  ::MxAutoLock
  MxMediaManager::Tickle
    ::MxCore
      ::MxCore
  ::MxAutoLock
  LegoVideoManager::Tickle
    LegoVideoManager::Tickle
      ::MxCore
        ::MxCore
      MxRegion::VTable0x18
        ::MxCore
          ::MxCore
        ::MxRegionTopBottom
          ::MxCore
            ::MxCore
  Lego
  TickleManager
  Timer
  Timer
  Lego
  TickleManager
  Timer
  ::MxAutoLock
  ::MxAutoLock
  MxMediaManager::Tickle
    ::MxCore
      ::MxCore
  ::MxAutoLock
  MxMediaManager::Tickle
    ::MxCore
      ::MxCore
  ::MxAutoLock
  MxMediaManager::Tickle
    ::MxCore
      ::MxCore
  ::MxAutoLock
  LegoVideoManager::Tickle
    LegoVideoManager::Tickle
      ::MxCore
        ::MxCore
      MxRegion::VTable0x18
        ::MxCore
          ::MxCore
        ::MxRegionTopBottom
          ::MxCore
            ::MxCore
  Lego
  TickleManager
  Timer
  Timer
  Lego
  TickleManager
  Timer
  ::MxAutoLock
  ::MxAutoLock
  MxMediaManager::Tickle
    ::MxCore
      ::MxCore
  ::MxAutoLock
  MxMediaManager::Tickle
    ::MxCore
      ::MxCore
  ::MxAutoLock
  MxMediaManager::Tickle
    ::MxCore
      ::MxCore
  ::MxAutoLock
  LegoVideoManager::Tickle
    LegoVideoManager::Tickle
      ::MxCore
        ::MxCore
      MxRegion::VTable0x18
        ::MxCore
          ::MxCore
        ::MxRegionTopBottom
          ::MxCore
            ::MxCore
  Lego
  TickleManager
  Timer
  Timer
  Lego
  TickleManager
  Timer
  ::MxAutoLock
  ::MxAutoLock
  MxMediaManager::Tickle
    ::MxCore
      ::MxCore
  ::MxAutoLock
  MxMediaManager::Tickle
    ::MxCore
      ::MxCore
  ::MxAutoLock
  MxMediaManager::Tickle
    ::MxCore
      ::MxCore
  ::MxAutoLock
  LegoVideoManager::Tickle
    LegoVideoManager::Tickle
      ::MxCore
        ::MxCore
      MxRegion::VTable0x18
        ::MxCore
          ::MxCore
        ::MxRegionTopBottom
          ::MxCore
            ::MxCore
  Lego
  TickleManager
  Timer
  Timer
  Lego
  TickleManager
  Timer
  ::MxAutoLock
  ::MxAutoLock
  MxMediaManager::Tickle
    ::MxCore
      ::MxCore
  ::MxAutoLock
  MxMediaManager::Tickle
    ::MxCore
      ::MxCore
  ::MxAutoLock
  MxMediaManager::Tickle
    ::MxCore
      ::MxCore
  ::MxAutoLock
  LegoVideoManager::Tickle
    LegoVideoManager::Tickle
      ::MxCore
        ::MxCore
      MxRegion::VTable0x18
        ::MxCore
          ::MxCore
        ::MxRegionTopBottom
          ::MxCore
            ::MxCore
  Lego
  TickleManager
  Timer
  Timer
  Lego
  TickleManager
  Timer
  ::MxAutoLock
  ::MxAutoLock
  MxMediaManager::Tickle
    ::MxCore
      ::MxCore
  ::MxAutoLock
  MxMediaManager::Tickle
    ::MxCore
      ::MxCore
  ::MxAutoLock
  MxMediaManager::Tickle
    ::MxCore
      ::MxCore
  ::MxAutoLock
  LegoVideoManager::Tickle
    LegoVideoManager::Tickle
      ::MxCore
        ::MxCore
      MxRegion::VTable0x18
        ::MxCore
          ::MxCore
        ::MxRegionTopBottom
          ::MxCore
            ::MxCore
  Lego
  TickleManager
  Timer
  Timer
  Lego
  TickleManager
  Timer
  ::MxAutoLock
  ::MxAutoLock
  MxMediaManager::Tickle
    ::MxCore
      ::MxCore
  ::MxAutoLock
  MxMediaManager::Tickle
    ::MxCore
      ::MxCore
  ::MxAutoLock
  MxMediaManager::Tickle
    ::MxCore
      ::MxCore
  ::MxAutoLock
  LegoVideoManager::Tickle
    LegoVideoManager::Tickle
      ::MxCore
        ::MxCore
      MxRegion::VTable0x18
        ::MxCore
          ::MxCore
        ::MxRegionTopBottom
          ::MxCore
            ::MxCore
  Lego
  TickleManager
  Timer
  Timer
  Lego
  TickleManager
  Timer
  ::MxAutoLock
  ::MxAutoLock
  MxMediaManager::Tickle
    ::MxCore
      ::MxCore
  ::MxAutoLock
  MxMediaManager::Tickle
    ::MxCore
      ::MxCore
  ::MxAutoLock
  MxMediaManager::Tickle
    ::MxCore
      ::MxCore
  ::MxAutoLock
  LegoVideoManager::Tickle
    LegoVideoManager::Tickle
      ::MxCore
        ::MxCore
      MxRegion::VTable0x18
        ::MxCore
          ::MxCore
        ::MxRegionTopBottom
          ::MxCore
            ::MxCore
  Lego
  TickleManager
  Timer
  Timer
  Lego
  TickleManager
  Timer
  ::MxAutoLock
  ::MxAutoLock
  MxMediaManager::Tickle
    ::MxCore
      ::MxCore
  ::MxAutoLock
  MxMediaManager::Tickle
    ::MxCore
      ::MxCore
  ::MxAutoLock
  MxMediaManager::Tickle
    ::MxCore
      ::MxCore
  ::MxAutoLock
  LegoVideoManager::Tickle
    LegoVideoManager::Tickle
      ::MxCore
        ::MxCore
      MxRegion::VTable0x18
        ::MxCore
          ::MxCore
        ::MxRegionTopBottom
          ::MxCore
            ::MxCore
  Lego
  TickleManager
  Timer
  Timer
  Lego
  TickleManager
  Timer
  ::MxAutoLock
  ::MxAutoLock
  MxMediaManager::Tickle
    ::MxCore
      ::MxCore
  ::MxAutoLock
  MxMediaManager::Tickle
    ::MxCore
      ::MxCore
  ::MxAutoLock
  MxMediaManager::Tickle
    ::MxCore
      ::MxCore
  ::MxAutoLock
  LegoVideoManager::Tickle
    LegoVideoManager::Tickle
      ::MxCore
        ::MxCore
      MxRegion::VTable0x18
        ::MxCore
          ::MxCore
        ::MxRegionTopBottom
          ::MxCore
            ::MxCore
  Lego
  TickleManager
  Timer
  Timer
  Lego
  TickleManager
  Timer
  ::MxAutoLock
  ::MxAutoLock
  MxMediaManager::Tickle
    ::MxCore
      ::MxCore
  ::MxAutoLock
  MxMediaManager::Tickle
    ::MxCore
      ::MxCore
  ::MxAutoLock
  MxMediaManager::Tickle
    ::MxCore
      ::MxCore
  ::MxAutoLock
  LegoVideoManager::Tickle
    LegoVideoManager::Tickle
      ::MxCore
        ::MxCore
      MxRegion::VTable0x18
        ::MxCore
          ::MxCore
        ::MxRegionTopBottom
          ::MxCore
            ::MxCore
  Lego
  TickleManager
  Timer
  Timer
  Lego
  TickleManager
  Timer
  ::MxAutoLock
  ::MxAutoLock
  MxMediaManager::Tickle
    ::MxCore
      ::MxCore
  ::MxAutoLock
  MxMediaManager::Tickle
    ::MxCore
      ::MxCore
  ::MxAutoLock
  MxMediaManager::Tickle
    ::MxCore
      ::MxCore
  ::MxAutoLock
  LegoVideoManager::Tickle
    LegoVideoManager::Tickle
      ::MxCore
        ::MxCore
      MxRegion::VTable0x18
        ::MxCore
          ::MxCore
        ::MxRegionTopBottom
          ::MxCore
            ::MxCore
  Lego
  TickleManager
  Timer
  Timer
  Lego
  TickleManager
  Timer
  ::MxAutoLock
  ::MxAutoLock
  MxMediaManager::Tickle
    ::MxCore
      ::MxCore
  ::MxAutoLock
  MxMediaManager::Tickle
    ::MxCore
      ::MxCore
  ::MxAutoLock
  MxMediaManager::Tickle
    ::MxCore
      ::MxCore
  ::MxAutoLock
  LegoVideoManager::Tickle
    LegoVideoManager::Tickle
      ::MxCore
        ::MxCore
      MxRegion::VTable0x18
        ::MxCore
          ::MxCore
        ::MxRegionTopBottom
          ::MxCore
            ::MxCore
  Lego
  TickleManager
  Timer
  Timer
  Lego
  TickleManager
  Timer
  ::MxAutoLock
  ::MxAutoLock
  MxMediaManager::Tickle
    ::MxCore
      ::MxCore
  ::MxAutoLock
  MxMediaManager::Tickle
    ::MxCore
      ::MxCore
  ::MxAutoLock
  MxMediaManager::Tickle
    ::MxCore
      ::MxCore
  ::MxAutoLock
  LegoVideoManager::Tickle
    LegoVideoManager::Tickle
      ::MxCore
        ::MxCore
      MxRegion::VTable0x18
        ::MxCore
          ::MxCore
        ::MxRegionTopBottom
          ::MxCore
            ::MxCore
  Lego
  TickleManager
  Timer
  Timer
  Lego
  TickleManager
  Timer
  ::MxAutoLock
  ::MxAutoLock
  MxMediaManager::Tickle
    ::MxCore
      ::MxCore
  ::MxAutoLock
  MxMediaManager::Tickle
    ::MxCore
      ::MxCore
  ::MxAutoLock
  MxMediaManager::Tickle
    ::MxCore
      ::MxCore
  ::MxAutoLock
  LegoVideoManager::Tickle
    LegoVideoManager::Tickle
      ::MxCore
        ::MxCore
      MxRegion::VTable0x18
        ::MxCore
          ::MxCore
        ::MxRegionTopBottom
          ::MxCore
            ::MxCore
  Lego
  TickleManager
  Timer
  Timer
  Lego
  TickleManager
  Timer
  ::MxAutoLock
  ::MxAutoLock
  MxMediaManager::Tickle
    ::MxCore
      ::MxCore
  ::MxAutoLock
  MxMediaManager::Tickle
    ::MxCore
      ::MxCore
  ::MxAutoLock
  MxMediaManager::Tickle
    ::MxCore
      ::MxCore
  ::MxAutoLock
  LegoVideoManager::Tickle
    LegoVideoManager::Tickle
      ::MxCore
        ::MxCore
      MxRegion::VTable0x18
        ::MxCore
          ::MxCore
        ::MxRegionTopBottom
          ::MxCore
            ::MxCore
  Lego
  TickleManager
  Timer
  Timer
  Lego
  TickleManager
  Timer
  ::MxAutoLock
  ::MxAutoLock
  MxMediaManager::Tickle
    ::MxCore
      ::MxCore
  ::MxAutoLock
  MxMediaManager::Tickle
    ::MxCore
      ::MxCore
  ::MxAutoLock
  MxMediaManager::Tickle
    ::MxCore
      ::MxCore
  ::MxAutoLock
  LegoVideoManager::Tickle
    LegoVideoManager::Tickle
      ::MxCore
        ::MxCore
      MxRegion::VTable0x18
        ::MxCore
          ::MxCore
        ::MxRegionTopBottom
          ::MxCore
            ::MxCore
  Lego
  TickleManager
  Timer
  Timer
  Lego
  TickleManager
  Timer
  ::MxAutoLock
  ::MxAutoLock
  MxMediaManager::Tickle
    ::MxCore
      ::MxCore
  ::MxAutoLock
  MxMediaManager::Tickle
    ::MxCore
      ::MxCore
  ::MxAutoLock
  MxMediaManager::Tickle
    ::MxCore
      ::MxCore
  ::MxAutoLock
  LegoVideoManager::Tickle
    LegoVideoManager::Tickle
      ::MxCore
        ::MxCore
      MxRegion::VTable0x18
        ::MxCore
          ::MxCore
        ::MxRegionTopBottom
          ::MxCore
            ::MxCore
  Lego
  TickleManager
  Timer
  Timer
  Lego
  TickleManager
  Timer
  ::MxAutoLock
  ::MxAutoLock
  MxMediaManager::Tickle
    ::MxCore
      ::MxCore
  ::MxAutoLock
  MxMediaManager::Tickle
    ::MxCore
      ::MxCore
  ::MxAutoLock
  MxMediaManager::Tickle
    ::MxCore
      ::MxCore
  ::MxAutoLock
  LegoVideoManager::Tickle
    LegoVideoManager::Tickle
      ::MxCore
        ::MxCore
      MxRegion::VTable0x18
        ::MxCore
          ::MxCore
        ::MxRegionTopBottom
          ::MxCore
            ::MxCore
  Lego
  TickleManager
  Timer
  Timer
  Lego
  TickleManager
  Timer
  ::MxAutoLock
  ::MxAutoLock
  MxMediaManager::Tickle
    ::MxCore
      ::MxCore
  ::MxAutoLock
  MxMediaManager::Tickle
    ::MxCore
      ::MxCore
  ::MxAutoLock
  MxMediaManager::Tickle
    ::MxCore
      ::MxCore
  ::MxAutoLock
  LegoVideoManager::Tickle
    LegoVideoManager::Tickle
      ::MxCore
        ::MxCore
      MxRegion::VTable0x18
        ::MxCore
          ::MxCore
        ::MxRegionTopBottom
          ::MxCore
            ::MxCore
  Lego
  TickleManager
  Timer
  Timer
  Lego
  TickleManager
  Timer
  ::MxAutoLock
  ::MxAutoLock
  MxMediaManager::Tickle
    ::MxCore
      ::MxCore
  ::MxAutoLock
  MxMediaManager::Tickle
    ::MxCore
      ::MxCore
  ::MxAutoLock
  MxMediaManager::Tickle
    ::MxCore
      ::MxCore
  ::MxAutoLock
  LegoVideoManager::Tickle
    LegoVideoManager::Tickle
      ::MxCore
        ::MxCore
      MxRegion::VTable0x18
        ::MxCore
          ::MxCore
        ::MxRegionTopBottom
          ::MxCore
            ::MxCore
  Lego
  TickleManager
  Timer
  Timer
  Lego
  TickleManager
  Timer
  ::MxAutoLock
  ::MxAutoLock
  MxMediaManager::Tickle
    ::MxCore
      ::MxCore
  ::MxAutoLock
  MxMediaManager::Tickle
    ::MxCore
      ::MxCore
  ::MxAutoLock
  MxMediaManager::Tickle
    ::MxCore
      ::MxCore
  ::MxAutoLock
  LegoVideoManager::Tickle
    LegoVideoManager::Tickle
      ::MxCore
        ::MxCore
      MxRegion::VTable0x18
        ::MxCore
          ::MxCore
        ::MxRegionTopBottom
          ::MxCore
            ::MxCore
  Lego
  TickleManager
  Timer
  Timer
  Lego
  TickleManager
  Timer
  ::MxAutoLock
  ::MxAutoLock
  MxMediaManager::Tickle
    ::MxCore
      ::MxCore
  ::MxAutoLock
  MxMediaManager::Tickle
    ::MxCore
      ::MxCore
  ::MxAutoLock
  MxMediaManager::Tickle
    ::MxCore
      ::MxCore
  ::MxAutoLock
  LegoVideoManager::Tickle
    LegoVideoManager::Tickle
      ::MxCore
        ::MxCore
      MxRegion::VTable0x18
        ::MxCore
          ::MxCore
        ::MxRegionTopBottom
          ::MxCore
            ::MxCore
  Lego
  TickleManager
  Timer
  Timer
  Lego
  TickleManager
  Timer
  ::MxAutoLock
  ::MxAutoLock
  MxMediaManager::Tickle
    ::MxCore
      ::MxCore
  ::MxAutoLock
  MxMediaManager::Tickle
    ::MxCore
      ::MxCore
  ::MxAutoLock
  MxMediaManager::Tickle
    ::MxCore
      ::MxCore
  ::MxAutoLock
  LegoVideoManager::Tickle
    LegoVideoManager::Tickle
      ::MxCore
        ::MxCore
      MxRegion::VTable0x18
        ::MxCore
          ::MxCore
        ::MxRegionTopBottom
          ::MxCore
            ::MxCore
  Lego
  TickleManager
  Timer
  Timer
  Lego
  TickleManager
  Timer
  ::MxAutoLock
  ::MxAutoLock
  MxMediaManager::Tickle
    ::MxCore
      ::MxCore
  ::MxAutoLock
  MxMediaManager::Tickle
    ::MxCore
      ::MxCore
  ::MxAutoLock
  MxMediaManager::Tickle
    ::MxCore
      ::MxCore
  ::MxAutoLock
  LegoVideoManager::Tickle
    LegoVideoManager::Tickle
      ::MxCore
        ::MxCore
      MxRegion::VTable0x18
        ::MxCore
          ::MxCore
        ::MxRegionTopBottom
          ::MxCore
            ::MxCore
  Lego
  TickleManager
  Timer
  Timer
  Lego
  TickleManager
  Timer
  ::MxAutoLock
  ::MxAutoLock
  MxMediaManager::Tickle
    ::MxCore
      ::MxCore
  ::MxAutoLock
  MxMediaManager::Tickle
    ::MxCore
      ::MxCore
  ::MxAutoLock
  MxMediaManager::Tickle
    ::MxCore
      ::MxCore
  ::MxAutoLock
  LegoVideoManager::Tickle
    LegoVideoManager::Tickle
      ::MxCore
        ::MxCore
      MxRegion::VTable0x18
        ::MxCore
          ::MxCore
        ::MxRegionTopBottom
          ::MxCore
            ::MxCore
  Lego
  TickleManager
  Timer
  Timer
  Lego
  TickleManager
  Timer
  ::MxAutoLock
  ::MxAutoLock
  MxMediaManager::Tickle
    ::MxCore
      ::MxCore
  ::MxAutoLock
  MxMediaManager::Tickle
    ::MxCore
      ::MxCore
  ::MxAutoLock
  MxMediaManager::Tickle
    ::MxCore
      ::MxCore
  ::MxAutoLock
  LegoVideoManager::Tickle
    LegoVideoManager::Tickle
      ::MxCore
        ::MxCore
      MxRegion::VTable0x18
        ::MxCore
          ::MxCore
        ::MxRegionTopBottom
          ::MxCore
            ::MxCore
  Lego
  TickleManager
  Timer
  Timer
  Lego
  TickleManager
  Timer
  ::MxAutoLock
  ::MxAutoLock
  MxMediaManager::Tickle
    ::MxCore
      ::MxCore
  ::MxAutoLock
  MxMediaManager::Tickle
    ::MxCore
      ::MxCore
  ::MxAutoLock
  MxMediaManager::Tickle
    ::MxCore
      ::MxCore
  ::MxAutoLock
  LegoVideoManager::Tickle
    LegoVideoManager::Tickle
      ::MxCore
        ::MxCore
      MxRegion::VTable0x18
        ::MxCore
          ::MxCore
        ::MxRegionTopBottom
          ::MxCore
            ::MxCore
  Lego
  TickleManager
  Timer
  Timer
  Lego
  TickleManager
  Timer
  ::MxAutoLock
  ::MxAutoLock
  MxMediaManager::Tickle
    ::MxCore
      ::MxCore
  ::MxAutoLock
  MxMediaManager::Tickle
    ::MxCore
      ::MxCore
  ::MxAutoLock
  MxMediaManager::Tickle
    ::MxCore
      ::MxCore
  ::MxAutoLock
  LegoVideoManager::Tickle
    LegoVideoManager::Tickle
      ::MxCore
        ::MxCore
      MxRegion::VTable0x18
        ::MxCore
          ::MxCore
        ::MxRegionTopBottom
          ::MxCore
            ::MxCore
  Lego
  TickleManager
  Timer
  Timer
  Lego
  TickleManager
  Timer
  ::MxAutoLock
  ::MxAutoLock
  MxMediaManager::Tickle
    ::MxCore
      ::MxCore
  ::MxAutoLock
  MxMediaManager::Tickle
    ::MxCore
      ::MxCore
  ::MxAutoLock
  MxMediaManager::Tickle
    ::MxCore
      ::MxCore
  ::MxAutoLock
  LegoVideoManager::Tickle
    LegoVideoManager::Tickle
      ::MxCore
        ::MxCore
      MxRegion::VTable0x18
        ::MxCore
          ::MxCore
        ::MxRegionTopBottom
          ::MxCore
            ::MxCore
  Lego
  TickleManager
  Timer
  Timer
  Lego
  TickleManager
  Timer
  ::MxAutoLock
  ::MxAutoLock
  MxMediaManager::Tickle
    ::MxCore
      ::MxCore
  ::MxAutoLock
  MxMediaManager::Tickle
    ::MxCore
      ::MxCore
  ::MxAutoLock
  MxMediaManager::Tickle
    ::MxCore
      ::MxCore
  ::MxAutoLock
  LegoVideoManager::Tickle
    LegoVideoManager::Tickle
      ::MxCore
        ::MxCore
      MxRegion::VTable0x18
        ::MxCore
          ::MxCore
        ::MxRegionTopBottom
          ::MxCore
            ::MxCore
  Lego
  TickleManager
  Timer
  Timer
  Lego
  TickleManager
  Timer
  ::MxAutoLock
  ::MxAutoLock
  MxMediaManager::Tickle
    ::MxCore
      ::MxCore
  ::MxAutoLock
  MxMediaManager::Tickle
    ::MxCore
      ::MxCore
  ::MxAutoLock
  MxMediaManager::Tickle
    ::MxCore
      ::MxCore
  ::MxAutoLock
  LegoVideoManager::Tickle
    LegoVideoManager::Tickle
      ::MxCore
        ::MxCore
      MxRegion::VTable0x18
        ::MxCore
          ::MxCore
        ::MxRegionTopBottom
          ::MxCore
            ::MxCore
  Lego
  TickleManager
  Timer
  Timer
  Lego
  TickleManager
  Timer
  ::MxAutoLock
  ::MxAutoLock
  MxMediaManager::Tickle
    ::MxCore
      ::MxCore
  ::MxAutoLock
  MxMediaManager::Tickle
    ::MxCore
      ::MxCore
  ::MxAutoLock
  MxMediaManager::Tickle
    ::MxCore
      ::MxCore
  ::MxAutoLock
  LegoVideoManager::Tickle
    LegoVideoManager::Tickle
      ::MxCore
        ::MxCore
      MxRegion::VTable0x18
        ::MxCore
          ::MxCore
        ::MxRegionTopBottom
          ::MxCore
            ::MxCore
  Lego
  TickleManager
  Timer
  Timer
  Lego
  TickleManager
  Timer
  ::MxAutoLock
  ::MxAutoLock
  MxMediaManager::Tickle
    ::MxCore
      ::MxCore
  ::MxAutoLock
  MxMediaManager::Tickle
    ::MxCore
      ::MxCore
  ::MxAutoLock
  MxMediaManager::Tickle
    ::MxCore
      ::MxCore
  ::MxAutoLock
  LegoVideoManager::Tickle
    LegoVideoManager::Tickle
      ::MxCore
        ::MxCore
      MxRegion::VTable0x18
        ::MxCore
          ::MxCore
        ::MxRegionTopBottom
          ::MxCore
            ::MxCore
  Lego
  TickleManager
  Timer
  Timer
  Lego
  TickleManager
  Timer
  ::MxAutoLock
  ::MxAutoLock
  MxMediaManager::Tickle
    ::MxCore
      ::MxCore
  ::MxAutoLock
  MxMediaManager::Tickle
    ::MxCore
      ::MxCore
  ::MxAutoLock
  MxMediaManager::Tickle
    ::MxCore
      ::MxCore
  ::MxAutoLock
  LegoVideoManager::Tickle
    LegoVideoManager::Tickle
      ::MxCore
        ::MxCore
      MxRegion::VTable0x18
        ::MxCore
          ::MxCore
        ::MxRegionTopBottom
          ::MxCore
            ::MxCore
  Lego
  TickleManager
  Timer
  Timer
  Lego
  TickleManager
  Timer
  ::MxAutoLock
  ::MxAutoLock
  MxMediaManager::Tickle
    ::MxCore
      ::MxCore
  ::MxAutoLock
  MxMediaManager::Tickle
    ::MxCore
      ::MxCore
  ::MxAutoLock
  MxMediaManager::Tickle
    ::MxCore
      ::MxCore
  ::MxAutoLock
  LegoVideoManager::Tickle
    LegoVideoManager::Tickle
      ::MxCore
        ::MxCore
      MxRegion::VTable0x18
        ::MxCore
          ::MxCore
        ::MxRegionTopBottom
          ::MxCore
            ::MxCore
  Lego
  TickleManager
  Timer
  Timer
  Lego
  TickleManager
  Timer
  ::MxAutoLock
  ::MxAutoLock
  MxMediaManager::Tickle
    ::MxCore
      ::MxCore
  ::MxAutoLock
  MxMediaManager::Tickle
    ::MxCore
      ::MxCore
  ::MxAutoLock
  MxMediaManager::Tickle
    ::MxCore
      ::MxCore
  ::MxAutoLock
  LegoVideoManager::Tickle
    LegoVideoManager::Tickle
      ::MxCore
        ::MxCore
      MxRegion::VTable0x18
        ::MxCore
          ::MxCore
        ::MxRegionTopBottom
          ::MxCore
            ::MxCore
  Lego
  TickleManager
  Timer
  Timer
  Lego
  TickleManager
  Timer
  ::MxAutoLock
  ::MxAutoLock
  MxMediaManager::Tickle
    ::MxCore
      ::MxCore
  ::MxAutoLock
  MxMediaManager::Tickle
    ::MxCore
      ::MxCore
  ::MxAutoLock
  MxMediaManager::Tickle
    ::MxCore
      ::MxCore
  ::MxAutoLock
  LegoVideoManager::Tickle
    LegoVideoManager::Tickle
      ::MxCore
        ::MxCore
      MxRegion::VTable0x18
        ::MxCore
          ::MxCore
        ::MxRegionTopBottom
          ::MxCore
            ::MxCore
  Lego
  TickleManager
  Timer
  Timer
  Lego
  TickleManager
  Timer
  ::MxAutoLock
  ::MxAutoLock
  MxMediaManager::Tickle
    ::MxCore
      ::MxCore
  ::MxAutoLock
  MxMediaManager::Tickle
    ::MxCore
      ::MxCore
  ::MxAutoLock
  MxMediaManager::Tickle
    ::MxCore
      ::MxCore
  ::MxAutoLock
  LegoVideoManager::Tickle
    LegoVideoManager::Tickle
      ::MxCore
        ::MxCore
      MxRegion::VTable0x18
        ::MxCore
          ::MxCore
        ::MxRegionTopBottom
          ::MxCore
            ::MxCore
  Lego
  TickleManager
  Timer
  Timer
  Lego
  TickleManager
  Timer
  ::MxAutoLock
  ::MxAutoLock
  MxMediaManager::Tickle
    ::MxCore
      ::MxCore
  ::MxAutoLock
  MxMediaManager::Tickle
    ::MxCore
      ::MxCore
  ::MxAutoLock
  MxMediaManager::Tickle
    ::MxCore
      ::MxCore
  ::MxAutoLock
  LegoVideoManager::Tickle
    LegoVideoManager::Tickle
      ::MxCore
        ::MxCore
      MxRegion::VTable0x18
        ::MxCore
          ::MxCore
        ::MxRegionTopBottom
          ::MxCore
            ::MxCore
  Lego
  TickleManager
  Timer
  Timer
  Lego
  TickleManager
  Timer
  ::MxAutoLock
  ::MxAutoLock
  MxMediaManager::Tickle
    ::MxCore
      ::MxCore
  ::MxAutoLock
  MxMediaManager::Tickle
    ::MxCore
      ::MxCore
  ::MxAutoLock
  MxMediaManager::Tickle
    ::MxCore
      ::MxCore
  ::MxAutoLock
  LegoVideoManager::Tickle
    LegoVideoManager::Tickle
      ::MxCore
        ::MxCore
      MxRegion::VTable0x18
        ::MxCore
          ::MxCore
        ::MxRegionTopBottom
          ::MxCore
            ::MxCore
  Lego
  TickleManager
  Timer
  Timer
  Lego
  TickleManager
  Timer
  ::MxAutoLock
  ::MxAutoLock
  MxMediaManager::Tickle
    ::MxCore
      ::MxCore
  ::MxAutoLock
  MxMediaManager::Tickle
    ::MxCore
      ::MxCore
  ::MxAutoLock
  MxMediaManager::Tickle
    ::MxCore
      ::MxCore
  ::MxAutoLock
  LegoVideoManager::Tickle
    LegoVideoManager::Tickle
      ::MxCore
        ::MxCore
      MxRegion::VTable0x18
        ::MxCore
          ::MxCore
        ::MxRegionTopBottom
          ::MxCore
            ::MxCore
  Lego
  TickleManager
  Timer
  Timer
  Lego
  TickleManager
  Timer
  ::MxAutoLock
  ::MxAutoLock
  MxMediaManager::Tickle
    ::MxCore
      ::MxCore
  ::MxAutoLock
  MxMediaManager::Tickle
    ::MxCore
      ::MxCore
  ::MxAutoLock
  MxMediaManager::Tickle
    ::MxCore
      ::MxCore
  ::MxAutoLock
  LegoVideoManager::Tickle
    LegoVideoManager::Tickle
      ::MxCore
        ::MxCore
      MxRegion::VTable0x18
        ::MxCore
          ::MxCore
        ::MxRegionTopBottom
          ::MxCore
            ::MxCore
  Lego
  TickleManager
  Timer
  Timer
  Lego
  TickleManager
  Timer
  ::MxAutoLock
  ::MxAutoLock
  MxMediaManager::Tickle
    ::MxCore
      ::MxCore
  ::MxAutoLock
  MxMediaManager::Tickle
    ::MxCore
      ::MxCore
  ::MxAutoLock
  MxMediaManager::Tickle
    ::MxCore
      ::MxCore
  ::MxAutoLock
  LegoVideoManager::Tickle
    LegoVideoManager::Tickle
      ::MxCore
        ::MxCore
      MxRegion::VTable0x18
        ::MxCore
          ::MxCore
        ::MxRegionTopBottom
          ::MxCore
            ::MxCore
  Lego
  TickleManager
  Timer
  Timer
  Lego
  TickleManager
  Timer
  ::MxAutoLock
  ::MxAutoLock
  MxMediaManager::Tickle
    ::MxCore
      ::MxCore
  ::MxAutoLock
  MxMediaManager::Tickle
    ::MxCore
      ::MxCore
  ::MxAutoLock
  MxMediaManager::Tickle
    ::MxCore
      ::MxCore
  ::MxAutoLock
  LegoVideoManager::Tickle
    LegoVideoManager::Tickle
      ::MxCore
        ::MxCore
      MxRegion::VTable0x18
        ::MxCore
          ::MxCore
        ::MxRegionTopBottom
          ::MxCore
            ::MxCore
  Lego
  TickleManager
  Timer
  Timer
  Lego
  TickleManager
  Timer
  ::MxAutoLock
  ::MxAutoLock
  MxMediaManager::Tickle
    ::MxCore
      ::MxCore
  ::MxAutoLock
  MxMediaManager::Tickle
    ::MxCore
      ::MxCore
  ::MxAutoLock
  MxMediaManager::Tickle
    ::MxCore
      ::MxCore
  ::MxAutoLock
  LegoVideoManager::Tickle
    LegoVideoManager::Tickle
      ::MxCore
        ::MxCore
      MxRegion::VTable0x18
        ::MxCore
          ::MxCore
        ::MxRegionTopBottom
          ::MxCore
            ::MxCore
  Lego
  TickleManager
  Timer
  Timer
  Lego
  TickleManager
  Timer
  ::MxAutoLock
  ::MxAutoLock
  MxMediaManager::Tickle
    ::MxCore
      ::MxCore
  ::MxAutoLock
  MxMediaManager::Tickle
    ::MxCore
      ::MxCore
  ::MxAutoLock
  MxMediaManager::Tickle
    ::MxCore
      ::MxCore
  ::MxAutoLock
  LegoVideoManager::Tickle
    LegoVideoManager::Tickle
      ::MxCore
        ::MxCore
      MxRegion::VTable0x18
        ::MxCore
          ::MxCore
        ::MxRegionTopBottom
          ::MxCore
            ::MxCore
  Lego
  TickleManager
  Timer
  Timer
  Lego
  TickleManager
  Timer
  ::MxAutoLock
  ::MxAutoLock
  MxMediaManager::Tickle
    ::MxCore
      ::MxCore
  ::MxAutoLock
  MxMediaManager::Tickle
    ::MxCore
      ::MxCore
  ::MxAutoLock
  MxMediaManager::Tickle
    ::MxCore
      ::MxCore
  ::MxAutoLock
  LegoVideoManager::Tickle
    LegoVideoManager::Tickle
      ::MxCore
        ::MxCore
      MxRegion::VTable0x18
        ::MxCore
          ::MxCore
        ::MxRegionTopBottom
          ::MxCore
            ::MxCore
  Lego
  TickleManager
  Timer
  Timer
  Lego
  TickleManager
  Timer
  ::MxAutoLock
  ::MxAutoLock
  MxMediaManager::Tickle
    ::MxCore
      ::MxCore
  ::MxAutoLock
  MxMediaManager::Tickle
    ::MxCore
      ::MxCore
  ::MxAutoLock
  MxMediaManager::Tickle
    ::MxCore
      ::MxCore
  ::MxAutoLock
  LegoVideoManager::Tickle
    LegoVideoManager::Tickle
      ::MxCore
        ::MxCore
      MxRegion::VTable0x18
        ::MxCore
          ::MxCore
        ::MxRegionTopBottom
          ::MxCore
            ::MxCore
  Lego
  TickleManager
  Timer
  Timer
  Lego
  TickleManager
  Timer
  ::MxAutoLock
  ::MxAutoLock
  MxMediaManager::Tickle
    ::MxCore
      ::MxCore
  ::MxAutoLock
  MxMediaManager::Tickle
    ::MxCore
      ::MxCore
  ::MxAutoLock
  MxMediaManager::Tickle
    ::MxCore
      ::MxCore
  ::MxAutoLock
  LegoVideoManager::Tickle
    LegoVideoManager::Tickle
      ::MxCore
        ::MxCore
      MxRegion::VTable0x18
        ::MxCore
          ::MxCore
        ::MxRegionTopBottom
          ::MxCore
            ::MxCore
  Lego
  TickleManager
  Timer
  Timer
  Lego
  TickleManager
  Timer
  ::MxAutoLock
  ::MxAutoLock
  MxMediaManager::Tickle
    ::MxCore
      ::MxCore
  ::MxAutoLock
  MxMediaManager::Tickle
    ::MxCore
      ::MxCore
  ::MxAutoLock
  MxMediaManager::Tickle
    ::MxCore
      ::MxCore
  ::MxAutoLock
  LegoVideoManager::Tickle
    LegoVideoManager::Tickle
      ::MxCore
        ::MxCore
      MxRegion::VTable0x18
        ::MxCore
          ::MxCore
        ::MxRegionTopBottom
          ::MxCore
            ::MxCore
  Lego
  TickleManager
  Timer
  Timer
  Lego
  TickleManager
  Timer
  ::MxAutoLock
  ::MxAutoLock
  MxMediaManager::Tickle
    ::MxCore
      ::MxCore
  ::MxAutoLock
  MxMediaManager::Tickle
    ::MxCore
      ::MxCore
  ::MxAutoLock
  MxMediaManager::Tickle
    ::MxCore
      ::MxCore
  ::MxAutoLock
  LegoVideoManager::Tickle
    LegoVideoManager::Tickle
      ::MxCore
        ::MxCore
      MxRegion::VTable0x18
        ::MxCore
          ::MxCore
        ::MxRegionTopBottom
          ::MxCore
            ::MxCore
  Lego
  TickleManager
  Timer
  Timer
  Lego
  TickleManager
  Timer
  ::MxAutoLock
  ::MxAutoLock
  MxMediaManager::Tickle
    ::MxCore
      ::MxCore
  ::MxAutoLock
  MxMediaManager::Tickle
    ::MxCore
      ::MxCore
  ::MxAutoLock
  MxMediaManager::Tickle
    ::MxCore
      ::MxCore
  ::MxAutoLock
  LegoVideoManager::Tickle
    LegoVideoManager::Tickle
      ::MxCore
        ::MxCore
      MxRegion::VTable0x18
        ::MxCore
          ::MxCore
        ::MxRegionTopBottom
          ::MxCore
            ::MxCore
  Lego
  TickleManager
  Timer
  Timer
  Lego
  TickleManager
  Timer
  ::MxAutoLock
  ::MxAutoLock
  MxMediaManager::Tickle
    ::MxCore
      ::MxCore
  ::MxAutoLock
  MxMediaManager::Tickle
    ::MxCore
      ::MxCore
  ::MxAutoLock
  MxMediaManager::Tickle
    ::MxCore
      ::MxCore
  ::MxAutoLock
  LegoVideoManager::Tickle
    LegoVideoManager::Tickle
      ::MxCore
        ::MxCore
      MxRegion::VTable0x18
        ::MxCore
          ::MxCore
        ::MxRegionTopBottom
          ::MxCore
            ::MxCore
  Lego
  TickleManager
  Timer
  Timer
  Lego
  TickleManager
  Timer
  ::MxAutoLock
  ::MxAutoLock
  MxMediaManager::Tickle
    ::MxCore
      ::MxCore
  ::MxAutoLock
  MxMediaManager::Tickle
    ::MxCore
      ::MxCore
  ::MxAutoLock
  MxMediaManager::Tickle
    ::MxCore
      ::MxCore
  ::MxAutoLock
  LegoVideoManager::Tickle
    LegoVideoManager::Tickle
      ::MxCore
        ::MxCore
      MxRegion::VTable0x18
        ::MxCore
          ::MxCore
        ::MxRegionTopBottom
          ::MxCore
            ::MxCore
  Lego
  TickleManager
  Timer
  Timer
  Lego
  TickleManager
  Timer
  ::MxAutoLock
  ::MxAutoLock
  MxMediaManager::Tickle
    ::MxCore
      ::MxCore
  ::MxAutoLock
  MxMediaManager::Tickle
    ::MxCore
      ::MxCore
  ::MxAutoLock
  MxMediaManager::Tickle
    ::MxCore
      ::MxCore
  ::MxAutoLock
  LegoVideoManager::Tickle
    LegoVideoManager::Tickle
      ::MxCore
        ::MxCore
      MxRegion::VTable0x18
        ::MxCore
          ::MxCore
        ::MxRegionTopBottom
          ::MxCore
            ::MxCore
  Lego
  TickleManager
  Timer
  Timer
  Lego
  TickleManager
  Timer
  ::MxAutoLock
  ::MxAutoLock
  MxMediaManager::Tickle
    ::MxCore
      ::MxCore
  ::MxAutoLock
  MxMediaManager::Tickle
    ::MxCore
      ::MxCore
  ::MxAutoLock
  MxMediaManager::Tickle
    ::MxCore
      ::MxCore
  ::MxAutoLock
  LegoVideoManager::Tickle
    LegoVideoManager::Tickle
      ::MxCore
        ::MxCore
      MxRegion::VTable0x18
        ::MxCore
          ::MxCore
        ::MxRegionTopBottom
          ::MxCore
            ::MxCore
  Lego
  TickleManager
  Timer
  Timer
  Lego
  TickleManager
  Timer
  ::MxAutoLock
  ::MxAutoLock
  MxMediaManager::Tickle
    ::MxCore
      ::MxCore
  ::MxAutoLock
  MxMediaManager::Tickle
    ::MxCore
      ::MxCore
  ::MxAutoLock
  MxMediaManager::Tickle
    ::MxCore
      ::MxCore
  ::MxAutoLock
  LegoVideoManager::Tickle
    LegoVideoManager::Tickle
      ::MxCore
        ::MxCore
      MxRegion::VTable0x18
        ::MxCore
          ::MxCore
        ::MxRegionTopBottom
          ::MxCore
            ::MxCore
  Lego
  TickleManager
  Timer
  Timer
  Lego
  TickleManager
  Timer
  ::MxAutoLock
  ::MxAutoLock
  MxMediaManager::Tickle
    ::MxCore
      ::MxCore
  ::MxAutoLock
  MxMediaManager::Tickle
    ::MxCore
      ::MxCore
  ::MxAutoLock
  MxMediaManager::Tickle
    ::MxCore
      ::MxCore
  ::MxAutoLock
  LegoVideoManager::Tickle
    LegoVideoManager::Tickle
      ::MxCore
        ::MxCore
      MxRegion::VTable0x18
        ::MxCore
          ::MxCore
        ::MxRegionTopBottom
          ::MxCore
            ::MxCore
  Lego
  TickleManager
  Timer
  Timer
  Lego
  TickleManager
  Timer
  ::MxAutoLock
  ::MxAutoLock
  MxMediaManager::Tickle
    ::MxCore
      ::MxCore
  ::MxAutoLock
  MxMediaManager::Tickle
    ::MxCore
      ::MxCore
  ::MxAutoLock
  MxMediaManager::Tickle
    ::MxCore
      ::MxCore
  ::MxAutoLock
  LegoVideoManager::Tickle
    LegoVideoManager::Tickle
      ::MxCore
        ::MxCore
      MxRegion::VTable0x18
        ::MxCore
          ::MxCore
        ::MxRegionTopBottom
          ::MxCore
            ::MxCore
  Lego
  TickleManager
  Timer
  Timer
  Lego
  TickleManager
  Timer
  ::MxAutoLock
  ::MxAutoLock
  MxMediaManager::Tickle
    ::MxCore
      ::MxCore
  ::MxAutoLock
  MxMediaManager::Tickle
    ::MxCore
      ::MxCore
  ::MxAutoLock
  MxMediaManager::Tickle
    ::MxCore
      ::MxCore
  ::MxAutoLock
  LegoVideoManager::Tickle
    LegoVideoManager::Tickle
      ::MxCore
        ::MxCore
      MxRegion::VTable0x18
        ::MxCore
          ::MxCore
        ::MxRegionTopBottom
          ::MxCore
            ::MxCore
  Lego
  TickleManager
  Timer
  Timer
  Lego
  TickleManager
  Timer
  ::MxAutoLock
  ::MxAutoLock
  MxMediaManager::Tickle
    ::MxCore
      ::MxCore
  ::MxAutoLock
  MxMediaManager::Tickle
    ::MxCore
      ::MxCore
  ::MxAutoLock
  MxMediaManager::Tickle
    ::MxCore
      ::MxCore
  ::MxAutoLock
  LegoVideoManager::Tickle
    LegoVideoManager::Tickle
      ::MxCore
        ::MxCore
      MxRegion::VTable0x18
        ::MxCore
          ::MxCore
        ::MxRegionTopBottom
          ::MxCore
            ::MxCore
  Lego
  TickleManager
  Timer
  Timer
  Lego
  TickleManager
  Timer
  ::MxAutoLock
  ::MxAutoLock
  MxMediaManager::Tickle
    ::MxCore
      ::MxCore
  ::MxAutoLock
  MxMediaManager::Tickle
    ::MxCore
      ::MxCore
  ::MxAutoLock
  MxMediaManager::Tickle
    ::MxCore
      ::MxCore
  ::MxAutoLock
  LegoVideoManager::Tickle
    LegoVideoManager::Tickle
      ::MxCore
        ::MxCore
      MxRegion::VTable0x18
        ::MxCore
          ::MxCore
        ::MxRegionTopBottom
          ::MxCore
            ::MxCore
  Lego
  TickleManager
  Timer
  Timer
  Lego
  TickleManager
  Timer
  ::MxAutoLock
  ::MxAutoLock
  MxMediaManager::Tickle
    ::MxCore
      ::MxCore
  ::MxAutoLock
  MxMediaManager::Tickle
    ::MxCore
      ::MxCore
  ::MxAutoLock
  MxMediaManager::Tickle
    ::MxCore
      ::MxCore
  ::MxAutoLock
  LegoVideoManager::Tickle
    LegoVideoManager::Tickle
      ::MxCore
        ::MxCore
      MxRegion::VTable0x18
        ::MxCore
          ::MxCore
        ::MxRegionTopBottom
          ::MxCore
            ::MxCore
  Lego
  TickleManager
  Timer
  Timer
  Lego
  TickleManager
  Timer
  ::MxAutoLock
  ::MxAutoLock
  MxMediaManager::Tickle
    ::MxCore
      ::MxCore
  ::MxAutoLock
  MxMediaManager::Tickle
    ::MxCore
      ::MxCore
  ::MxAutoLock
  MxMediaManager::Tickle
    ::MxCore
      ::MxCore
  ::MxAutoLock
  LegoVideoManager::Tickle
    LegoVideoManager::Tickle
      ::MxCore
        ::MxCore
      MxRegion::VTable0x18
        ::MxCore
          ::MxCore
        ::MxRegionTopBottom
          ::MxCore
            ::MxCore
  Lego
  TickleManager
  Timer
  Timer
  Lego
  TickleManager
  Timer
  ::MxAutoLock
  ::MxAutoLock
  MxMediaManager::Tickle
    ::MxCore
      ::MxCore
  ::MxAutoLock
  MxMediaManager::Tickle
    ::MxCore
      ::MxCore
  ::MxAutoLock
  MxMediaManager::Tickle
    ::MxCore
      ::MxCore
  ::MxAutoLock
  LegoVideoManager::Tickle
    LegoVideoManager::Tickle
      ::MxCore
        ::MxCore
      MxRegion::VTable0x18
        ::MxCore
          ::MxCore
        ::MxRegionTopBottom
          ::MxCore
            ::MxCore
  Lego
  TickleManager
  Timer
  Timer
  Lego
  TickleManager
  Timer
  ::MxAutoLock
  ::MxAutoLock
  MxMediaManager::Tickle
    ::MxCore
      ::MxCore
  ::MxAutoLock
  MxMediaManager::Tickle
    ::MxCore
      ::MxCore
  ::MxAutoLock
  MxMediaManager::Tickle
    ::MxCore
      ::MxCore
  ::MxAutoLock
  LegoVideoManager::Tickle
    LegoVideoManager::Tickle
      ::MxCore
        ::MxCore
      MxRegion::VTable0x18
        ::MxCore
          ::MxCore
        ::MxRegionTopBottom
          ::MxCore
            ::MxCore
  Lego
  TickleManager
  Timer
  Timer
  Lego
  TickleManager
  Timer
  ::MxAutoLock
  ::MxAutoLock
  MxMediaManager::Tickle
    ::MxCore
      ::MxCore
  ::MxAutoLock
  MxMediaManager::Tickle
    ::MxCore
      ::MxCore
  ::MxAutoLock
  MxMediaManager::Tickle
    ::MxCore
      ::MxCore
  ::MxAutoLock
  LegoVideoManager::Tickle
    LegoVideoManager::Tickle
      ::MxCore
        ::MxCore
      MxRegion::VTable0x18
        ::MxCore
          ::MxCore
        ::MxRegionTopBottom
          ::MxCore
            ::MxCore
  Lego
  TickleManager
  Timer
  Timer
  Lego
  TickleManager
  Timer
  ::MxAutoLock
  ::MxAutoLock
  MxMediaManager::Tickle
    ::MxCore
      ::MxCore
  ::MxAutoLock
  MxMediaManager::Tickle
    ::MxCore
      ::MxCore
  ::MxAutoLock
  MxMediaManager::Tickle
    ::MxCore
      ::MxCore
  ::MxAutoLock
  LegoVideoManager::Tickle
    LegoVideoManager::Tickle
      ::MxCore
        ::MxCore
      MxRegion::VTable0x18
        ::MxCore
          ::MxCore
        ::MxRegionTopBottom
          ::MxCore
            ::MxCore
  Lego
  TickleManager
  Timer
  Timer
  Lego
  TickleManager
  Timer
  ::MxAutoLock
  ::MxAutoLock
  MxMediaManager::Tickle
    ::MxCore
      ::MxCore
  ::MxAutoLock
  MxMediaManager::Tickle
    ::MxCore
      ::MxCore
  ::MxAutoLock
  MxMediaManager::Tickle
    ::MxCore
      ::MxCore
  ::MxAutoLock
  LegoVideoManager::Tickle
    LegoVideoManager::Tickle
      ::MxCore
        ::MxCore
      MxRegion::VTable0x18
        ::MxCore
          ::MxCore
        ::MxRegionTopBottom
          ::MxCore
            ::MxCore
  Lego
  TickleManager
  Timer
  Timer
  Lego
  TickleManager
  Timer
  ::MxAutoLock
  ::MxAutoLock
  MxMediaManager::Tickle
    ::MxCore
      ::MxCore
  ::MxAutoLock
  MxMediaManager::Tickle
    ::MxCore
      ::MxCore
  ::MxAutoLock
  MxMediaManager::Tickle
    ::MxCore
      ::MxCore
  ::MxAutoLock
  LegoVideoManager::Tickle
    LegoVideoManager::Tickle
      ::MxCore
        ::MxCore
      MxRegion::VTable0x18
        ::MxCore
          ::MxCore
        ::MxRegionTopBottom
          ::MxCore
            ::MxCore
  Lego
  TickleManager
  Timer
  Timer
  Lego
  TickleManager
  Timer
  ::MxAutoLock
  ::MxAutoLock
  MxMediaManager::Tickle
    ::MxCore
      ::MxCore
  ::MxAutoLock
  MxMediaManager::Tickle
    ::MxCore
      ::MxCore
  ::MxAutoLock
  MxMediaManager::Tickle
    ::MxCore
      ::MxCore
  ::MxAutoLock
  LegoVideoManager::Tickle
    LegoVideoManager::Tickle
      ::MxCore
        ::MxCore
      MxRegion::VTable0x18
        ::MxCore
          ::MxCore
        ::MxRegionTopBottom
          ::MxCore
            ::MxCore
  Lego
  TickleManager
  Timer
  Timer
  Lego
  TickleManager
  Timer
  ::MxAutoLock
  ::MxAutoLock
  MxMediaManager::Tickle
    ::MxCore
      ::MxCore
  ::MxAutoLock
  MxMediaManager::Tickle
    ::MxCore
      ::MxCore
  ::MxAutoLock
  MxMediaManager::Tickle
    ::MxCore
      ::MxCore
  ::MxAutoLock
  LegoVideoManager::Tickle
    LegoVideoManager::Tickle
      ::MxCore
        ::MxCore
      MxRegion::VTable0x18
        ::MxCore
          ::MxCore
        ::MxRegionTopBottom
          ::MxCore
            ::MxCore
  Lego
  TickleManager
  Timer
  Timer
  Lego
  TickleManager
  Timer
  ::MxAutoLock
  ::MxAutoLock
  MxMediaManager::Tickle
    ::MxCore
      ::MxCore
  ::MxAutoLock
  MxMediaManager::Tickle
    ::MxCore
      ::MxCore
  ::MxAutoLock
  MxMediaManager::Tickle
    ::MxCore
      ::MxCore
  ::MxAutoLock
  LegoVideoManager::Tickle
    LegoVideoManager::Tickle
      ::MxCore
        ::MxCore
      MxRegion::VTable0x18
        ::MxCore
          ::MxCore
        ::MxRegionTopBottom
          ::MxCore
            ::MxCore
  Lego
  TickleManager
  Timer
  Timer
  Lego
  TickleManager
  Timer
  ::MxAutoLock
  ::MxAutoLock
  MxMediaManager::Tickle
    ::MxCore
      ::MxCore
  ::MxAutoLock
  MxMediaManager::Tickle
    ::MxCore
      ::MxCore
  ::MxAutoLock
  MxMediaManager::Tickle
    ::MxCore
      ::MxCore
  ::MxAutoLock
  LegoVideoManager::Tickle
    LegoVideoManager::Tickle
      ::MxCore
        ::MxCore
      MxRegion::VTable0x18
        ::MxCore
          ::MxCore
        ::MxRegionTopBottom
          ::MxCore
            ::MxCore
  Lego
  TickleManager
  Timer
  Timer
  Lego
  TickleManager
  Timer
  ::MxAutoLock
  ::MxAutoLock
  MxMediaManager::Tickle
    ::MxCore
      ::MxCore
  ::MxAutoLock
  MxMediaManager::Tickle
    ::MxCore
      ::MxCore
  ::MxAutoLock
  MxMediaManager::Tickle
    ::MxCore
      ::MxCore
  ::MxAutoLock
  LegoVideoManager::Tickle
    LegoVideoManager::Tickle
      ::MxCore
        ::MxCore
      MxRegion::VTable0x18
        ::MxCore
          ::MxCore
        ::MxRegionTopBottom
          ::MxCore
            ::MxCore
  Lego
  TickleManager
  Timer
  Timer
  Lego
  TickleManager
  Timer
  ::MxAutoLock
  ::MxAutoLock
  MxMediaManager::Tickle
    ::MxCore
      ::MxCore
  ::MxAutoLock
  MxMediaManager::Tickle
    ::MxCore
      ::MxCore
  ::MxAutoLock
  MxMediaManager::Tickle
    ::MxCore
      ::MxCore
  ::MxAutoLock
  LegoVideoManager::Tickle
    LegoVideoManager::Tickle
      ::MxCore
        ::MxCore
      MxRegion::VTable0x18
        ::MxCore
          ::MxCore
        ::MxRegionTopBottom
          ::MxCore
            ::MxCore
  Lego
  TickleManager
  Timer
  Timer
  Lego
  TickleManager
  Timer
  ::MxAutoLock
  ::MxAutoLock
  MxMediaManager::Tickle
    ::MxCore
      ::MxCore
  ::MxAutoLock
  MxMediaManager::Tickle
    ::MxCore
      ::MxCore
  ::MxAutoLock
  MxMediaManager::Tickle
    ::MxCore
      ::MxCore
  ::MxAutoLock
  LegoVideoManager::Tickle
    LegoVideoManager::Tickle
      ::MxCore
        ::MxCore
      MxRegion::VTable0x18
        ::MxCore
          ::MxCore
        ::MxRegionTopBottom
          ::MxCore
            ::MxCore
  Lego
  TickleManager
  Timer
  Timer
  Lego
  TickleManager
  Timer
  ::MxAutoLock
  ::MxAutoLock
  MxMediaManager::Tickle
    ::MxCore
      ::MxCore
  ::MxAutoLock
  MxMediaManager::Tickle
    ::MxCore
      ::MxCore
  ::MxAutoLock
  MxMediaManager::Tickle
    ::MxCore
      ::MxCore
  ::MxAutoLock
  LegoVideoManager::Tickle
    LegoVideoManager::Tickle
      ::MxCore
        ::MxCore
      MxRegion::VTable0x18
        ::MxCore
          ::MxCore
        ::MxRegionTopBottom
          ::MxCore
            ::MxCore
  Lego
  TickleManager
  Timer
  Timer
  Lego
  TickleManager
  Timer
  ::MxAutoLock
  ::MxAutoLock
  MxMediaManager::Tickle
    ::MxCore
      ::MxCore
  ::MxAutoLock
  MxMediaManager::Tickle
    ::MxCore
      ::MxCore
  ::MxAutoLock
  MxMediaManager::Tickle
    ::MxCore
      ::MxCore
  ::MxAutoLock
  LegoVideoManager::Tickle
    LegoVideoManager::Tickle
      ::MxCore
        ::MxCore
      MxRegion::VTable0x18
        ::MxCore
          ::MxCore
        ::MxRegionTopBottom
          ::MxCore
            ::MxCore
  Lego
  TickleManager
  Timer
  Timer
  Lego
  TickleManager
  Timer
  ::MxAutoLock
  ::MxAutoLock
  MxMediaManager::Tickle
    ::MxCore
      ::MxCore
  ::MxAutoLock
  MxMediaManager::Tickle
    ::MxCore
      ::MxCore
  ::MxAutoLock
  MxMediaManager::Tickle
    ::MxCore
      ::MxCore
  ::MxAutoLock
  LegoVideoManager::Tickle
    LegoVideoManager::Tickle
      ::MxCore
        ::MxCore
      MxRegion::VTable0x18
        ::MxCore
          ::MxCore
        ::MxRegionTopBottom
          ::MxCore
            ::MxCore
  Lego
  TickleManager
  Timer
  Timer
  Lego
  TickleManager
  Timer
  ::MxAutoLock
  ::MxAutoLock
  MxMediaManager::Tickle
    ::MxCore
      ::MxCore
  ::MxAutoLock
  MxMediaManager::Tickle
    ::MxCore
      ::MxCore
  ::MxAutoLock
  MxMediaManager::Tickle
    ::MxCore
      ::MxCore
  ::MxAutoLock
  LegoVideoManager::Tickle
    LegoVideoManager::Tickle
      ::MxCore
        ::MxCore
      MxRegion::VTable0x18
        ::MxCore
          ::MxCore
        ::MxRegionTopBottom
          ::MxCore
            ::MxCore
  Lego
  TickleManager
  Timer
  Timer
  Lego
  TickleManager
  Timer
  ::MxAutoLock
  ::MxAutoLock
  MxMediaManager::Tickle
    ::MxCore
      ::MxCore
  ::MxAutoLock
  MxMediaManager::Tickle
    ::MxCore
      ::MxCore
  ::MxAutoLock
  MxMediaManager::Tickle
    ::MxCore
      ::MxCore
  ::MxAutoLock
  LegoVideoManager::Tickle
    LegoVideoManager::Tickle
      ::MxCore
        ::MxCore
      MxRegion::VTable0x18
        ::MxCore
          ::MxCore
        ::MxRegionTopBottom
          ::MxCore
            ::MxCore
  Lego
  TickleManager
  Timer
  Timer
  Lego
  TickleManager
  Timer
  ::MxAutoLock
  ::MxAutoLock
  MxMediaManager::Tickle
    ::MxCore
      ::MxCore
  ::MxAutoLock
  MxMediaManager::Tickle
    ::MxCore
      ::MxCore
  ::MxAutoLock
  MxMediaManager::Tickle
    ::MxCore
      ::MxCore
  ::MxAutoLock
  LegoVideoManager::Tickle
    LegoVideoManager::Tickle
      ::MxCore
        ::MxCore
      MxRegion::VTable0x18
        ::MxCore
          ::MxCore
        ::MxRegionTopBottom
          ::MxCore
            ::MxCore
  Lego
  TickleManager
  Timer
  Timer
  Lego
  TickleManager
  Timer
  ::MxAutoLock
  ::MxAutoLock
  MxMediaManager::Tickle
    ::MxCore
      ::MxCore
  ::MxAutoLock
  MxMediaManager::Tickle
    ::MxCore
      ::MxCore
  ::MxAutoLock
  MxMediaManager::Tickle
    ::MxCore
      ::MxCore
  ::MxAutoLock
  LegoVideoManager::Tickle
    LegoVideoManager::Tickle
      ::MxCore
        ::MxCore
      MxRegion::VTable0x18
        ::MxCore
          ::MxCore
        ::MxRegionTopBottom
          ::MxCore
            ::MxCore
  Lego
  TickleManager
  Timer
  Timer
  Lego
  TickleManager
  Timer
  ::MxAutoLock
  ::MxAutoLock
  MxMediaManager::Tickle
    ::MxCore
      ::MxCore
  ::MxAutoLock
  MxMediaManager::Tickle
    ::MxCore
      ::MxCore
  ::MxAutoLock
  MxMediaManager::Tickle
    ::MxCore
      ::MxCore
  ::MxAutoLock
  LegoVideoManager::Tickle
    LegoVideoManager::Tickle
      ::MxCore
        ::MxCore
      MxRegion::VTable0x18
        ::MxCore
          ::MxCore
        ::MxRegionTopBottom
          ::MxCore
            ::MxCore
  Lego
  TickleManager
  Timer
  Timer
  Lego
  TickleManager
  Timer
  ::MxAutoLock
  ::MxAutoLock
  MxMediaManager::Tickle
    ::MxCore
      ::MxCore
  ::MxAutoLock
  MxMediaManager::Tickle
    ::MxCore
      ::MxCore
  ::MxAutoLock
  MxMediaManager::Tickle
    ::MxCore
      ::MxCore
  ::MxAutoLock
  LegoVideoManager::Tickle
    LegoVideoManager::Tickle
      ::MxCore
        ::MxCore
      MxRegion::VTable0x18
        ::MxCore
          ::MxCore
        ::MxRegionTopBottom
          ::MxCore
            ::MxCore
  Lego
  TickleManager
  Timer
  Timer
  Lego
  TickleManager
  Timer
  ::MxAutoLock
  ::MxAutoLock
  MxMediaManager::Tickle
    ::MxCore
      ::MxCore
  ::MxAutoLock
  MxMediaManager::Tickle
    ::MxCore
      ::MxCore
  ::MxAutoLock
  MxMediaManager::Tickle
    ::MxCore
      ::MxCore
  ::MxAutoLock
  LegoVideoManager::Tickle
    LegoVideoManager::Tickle
      ::MxCore
        ::MxCore
      MxRegion::VTable0x18
        ::MxCore
          ::MxCore
        ::MxRegionTopBottom
          ::MxCore
            ::MxCore
  Lego
  TickleManager
  Timer
  Timer
  Lego
  TickleManager
  Timer
  ::MxAutoLock
  ::MxAutoLock
  MxMediaManager::Tickle
    ::MxCore
      ::MxCore
  ::MxAutoLock
  MxMediaManager::Tickle
    ::MxCore
      ::MxCore
  ::MxAutoLock
  MxMediaManager::Tickle
    ::MxCore
      ::MxCore
  ::MxAutoLock
  LegoVideoManager::Tickle
    LegoVideoManager::Tickle
      ::MxCore
        ::MxCore
      MxRegion::VTable0x18
        ::MxCore
          ::MxCore
        ::MxRegionTopBottom
          ::MxCore
            ::MxCore
  Lego
  TickleManager
  Timer
  Timer
  Lego
  TickleManager
  Timer
  ::MxAutoLock
  ::MxAutoLock
  MxMediaManager::Tickle
    ::MxCore
      ::MxCore
  ::MxAutoLock
  MxMediaManager::Tickle
    ::MxCore
      ::MxCore
  ::MxAutoLock
  MxMediaManager::Tickle
    ::MxCore
      ::MxCore
  ::MxAutoLock
  LegoVideoManager::Tickle
    LegoVideoManager::Tickle
      ::MxCore
        ::MxCore
      MxRegion::VTable0x18
        ::MxCore
          ::MxCore
        ::MxRegionTopBottom
          ::MxCore
            ::MxCore
  Lego
  TickleManager
  Timer
  Timer
  Lego
  TickleManager
  Timer
  ::MxAutoLock
  ::MxAutoLock
  MxMediaManager::Tickle
    ::MxCore
      ::MxCore
  ::MxAutoLock
  MxMediaManager::Tickle
    ::MxCore
      ::MxCore
  ::MxAutoLock
  MxMediaManager::Tickle
    ::MxCore
      ::MxCore
  ::MxAutoLock
  LegoVideoManager::Tickle
    LegoVideoManager::Tickle
      ::MxCore
        ::MxCore
      MxRegion::VTable0x18
        ::MxCore
          ::MxCore
        ::MxRegionTopBottom
          ::MxCore
            ::MxCore
  Lego
  TickleManager
  Timer
  Timer
  Lego
  TickleManager
  Timer
  ::MxAutoLock
  ::MxAutoLock
  MxMediaManager::Tickle
    ::MxCore
      ::MxCore
  ::MxAutoLock
  MxMediaManager::Tickle
    ::MxCore
      ::MxCore
  ::MxAutoLock
  MxMediaManager::Tickle
    ::MxCore
      ::MxCore
  ::MxAutoLock
  LegoVideoManager::Tickle
    LegoVideoManager::Tickle
      ::MxCore
        ::MxCore
      MxRegion::VTable0x18
        ::MxCore
          ::MxCore
        ::MxRegionTopBottom
          ::MxCore
            ::MxCore
  Lego
  TickleManager
  Timer
  Timer
  Lego
  TickleManager
  Timer
  ::MxAutoLock
  ::MxAutoLock
  MxMediaManager::Tickle
    ::MxCore
      ::MxCore
  ::MxAutoLock
  MxMediaManager::Tickle
    ::MxCore
      ::MxCore
  ::MxAutoLock
  MxMediaManager::Tickle
    ::MxCore
      ::MxCore
  ::MxAutoLock
  LegoVideoManager::Tickle
    LegoVideoManager::Tickle
      ::MxCore
        ::MxCore
      MxRegion::VTable0x18
        ::MxCore
          ::MxCore
        ::MxRegionTopBottom
          ::MxCore
            ::MxCore
  Lego
  TickleManager
  Timer
  Timer
  Lego
  TickleManager
  Timer
  ::MxAutoLock
  ::MxAutoLock
  MxMediaManager::Tickle
    ::MxCore
      ::MxCore
  ::MxAutoLock
  MxMediaManager::Tickle
    ::MxCore
      ::MxCore
  ::MxAutoLock
  MxMediaManager::Tickle
    ::MxCore
      ::MxCore
  ::MxAutoLock
  LegoVideoManager::Tickle
    LegoVideoManager::Tickle
      ::MxCore
        ::MxCore
      MxRegion::VTable0x18
        ::MxCore
          ::MxCore
        ::MxRegionTopBottom
          ::MxCore
            ::MxCore
  Lego
  TickleManager
  Timer
  Timer
  Lego
  TickleManager
  Timer
  ::MxAutoLock
  ::MxAutoLock
  MxMediaManager::Tickle
    ::MxCore
      ::MxCore
  ::MxAutoLock
  MxMediaManager::Tickle
    ::MxCore
      ::MxCore
  ::MxAutoLock
  MxMediaManager::Tickle
    ::MxCore
      ::MxCore
  ::MxAutoLock
  LegoVideoManager::Tickle
    LegoVideoManager::Tickle
      ::MxCore
        ::MxCore
      MxRegion::VTable0x18
        ::MxCore
          ::MxCore
        ::MxRegionTopBottom
          ::MxCore
            ::MxCore
  Lego
  TickleManager
  Timer
  Timer
  Lego
  TickleManager
  Timer
  ::MxAutoLock
  ::MxAutoLock
  MxMediaManager::Tickle
    ::MxCore
      ::MxCore
  ::MxAutoLock
  MxMediaManager::Tickle
    ::MxCore
      ::MxCore
  ::MxAutoLock
  MxMediaManager::Tickle
    ::MxCore
      ::MxCore
  ::MxAutoLock
  LegoVideoManager::Tickle
    LegoVideoManager::Tickle
      ::MxCore
        ::MxCore
      MxRegion::VTable0x18
        ::MxCore
          ::MxCore
        ::MxRegionTopBottom
          ::MxCore
            ::MxCore
  Lego
  TickleManager
  Timer
  Timer
  Lego
  TickleManager
  Timer
  ::MxAutoLock
  ::MxAutoLock
  MxMediaManager::Tickle
    ::MxCore
      ::MxCore
  ::MxAutoLock
  MxMediaManager::Tickle
    ::MxCore
      ::MxCore
  ::MxAutoLock
  MxMediaManager::Tickle
    ::MxCore
      ::MxCore
  ::MxAutoLock
  LegoVideoManager::Tickle
    LegoVideoManager::Tickle
      ::MxCore
        ::MxCore
      MxRegion::VTable0x18
        ::MxCore
          ::MxCore
        ::MxRegionTopBottom
          ::MxCore
            ::MxCore
  Lego
  TickleManager
  Timer
  Timer
  Lego
  TickleManager
  Timer
  ::MxAutoLock
  ::MxAutoLock
  MxMediaManager::Tickle
    ::MxCore
      ::MxCore
  ::MxAutoLock
  MxMediaManager::Tickle
    ::MxCore
      ::MxCore
  ::MxAutoLock
  MxMediaManager::Tickle
    ::MxCore
      ::MxCore
  ::MxAutoLock
  LegoVideoManager::Tickle
    LegoVideoManager::Tickle
      ::MxCore
        ::MxCore
      MxRegion::VTable0x18
        ::MxCore
          ::MxCore
        ::MxRegionTopBottom
          ::MxCore
            ::MxCore
  Lego
  TickleManager
  Timer
  Timer
  Lego
  TickleManager
  Timer
  ::MxAutoLock
  ::MxAutoLock
  MxMediaManager::Tickle
    ::MxCore
      ::MxCore
  ::MxAutoLock
  MxMediaManager::Tickle
    ::MxCore
      ::MxCore
  ::MxAutoLock
  MxMediaManager::Tickle
    ::MxCore
      ::MxCore
  ::MxAutoLock
  LegoVideoManager::Tickle
    LegoVideoManager::Tickle
      ::MxCore
        ::MxCore
      MxRegion::VTable0x18
        ::MxCore
          ::MxCore
        ::MxRegionTopBottom
          ::MxCore
            ::MxCore
  Streamer
  DebugHeapState
  ::MxDiskStreamController
    ::MxDiskStreamController
      ::MxStreamController
        ::MxStreamController
          ::MxCore
            ::MxCore
          ::MxCriticalSection
            ::MxCriticalSection
              ::MxAtomId
        ::MxCriticalSection
          ::MxCriticalSection
    ::MxAutoLock
    ::MxAutoLock
    ::MxAtomId
      AtomSet
      MxAtomId::GetAtom
        ::MxString
          ::MxString
            ::MxCore
              ::MxCore
        AtomSet
        AtomSet
    AtomSet
    MxAtomId::GetAtom
      ::MxString
        ::MxString
          ::MxCore
            ::MxCore
      AtomSet
      AtomSet
    AtomSet
    ::MxString
      ::MxString
        ::MxCore
          ::MxCore
    AtomSet
    AtomSet
    ::MxDiskStreamProvider
      ::MxDiskStreamProvider
        ::MxCore
          ::MxCore
        ::MxDiskStreamProvider
          ::MxThread
            ::MxThread
              ::MxSemaphore
          ::MxSemaphore
          ::MxCriticalSection
            ::MxCriticalSection
    ::MxString
      ::MxString
        ::MxCore
          ::MxCore
    ::MxString
      ::MxString
        ::MxCore
          ::MxCore
    ::MxString
      ::MxString
        ::MxCore
          ::MxCore
    ::MxString
      ::MxString
        ::MxCore
          ::MxCore
    ::MxString
      ::MxString
        ::MxCore
          ::MxCore
    ::MxString
      ::MxString
        ::MxCore
          ::MxCore
    ::MxDSFile
      ::MxDSFile
        ::MxCore
          ::MxCore
        ::MxString
          ::MxString
            ::MxCore
              ::MxCore
        ::MXIOINFO
          ::MXIOINFO
    MxThread::Start
    TickleManager
    DebugHeapState
    AtomSet
    MxAtomId::GetAtom
      ::MxString
        ::MxString
          ::MxCore
            ::MxCore
      AtomSet
      AtomSet
    TickleManager
    BackgroundAudioManager
    Streamer
    DebugHeapState
    ::MxDiskStreamController
      ::MxDiskStreamController
        ::MxStreamController
          ::MxStreamController
            ::MxCore
              ::MxCore
            ::MxCriticalSection
              ::MxCriticalSection
                ::MxAtomId
          ::MxCriticalSection
            ::MxCriticalSection
      ::MxAutoLock
      ::MxAutoLock
      ::MxAtomId
        AtomSet
        MxAtomId::GetAtom
          ::MxString
            ::MxString
              ::MxCore
                ::MxCore
          AtomSet
          AtomSet
      AtomSet
      MxAtomId::GetAtom
        ::MxString
          ::MxString
            ::MxCore
              ::MxCore
        AtomSet
        AtomSet
      AtomSet
      ::MxString
        ::MxString
          ::MxCore
            ::MxCore
      AtomSet
      AtomSet
      ::MxDiskStreamProvider
        ::MxDiskStreamProvider
          ::MxCore
            ::MxCore
          ::MxDiskStreamProvider
            ::MxThread
              ::MxThread
                ::MxSemaphore
            ::MxSemaphore
            ::MxCriticalSection
              ::MxCriticalSection
      ::MxString
        ::MxString
          ::MxCore
            ::MxCore
      ::MxString
        ::MxString
          ::MxCore
            ::MxCore
      ::MxString
        ::MxString
          ::MxCore
            ::MxCore
      ::MxString
        ::MxString
          ::MxCore
            ::MxCore
      ::MxString
        ::MxString
          ::MxCore
            ::MxCore
      ::MxString
        ::MxString
          ::MxCore
            ::MxCore
      ::MxDSFile
        ::MxDSFile
          ::MxCore
            ::MxCore
          ::MxString
            ::MxString
              ::MxCore
                ::MxCore
          ::MXIOINFO
            ::MXIOINFO
      MxThread::Start
      TickleManager
      DebugHeapState
      ::MxDSAction
        ::MxDSAction
          ::MxDSObject
            ::MxDSObject
              ::MxCore
                ::MxCore
              ::MxDSObject
      AtomSet
      MxAtomId::GetAtom
        ::MxString
          ::MxString
            ::MxCore
              ::MxCore
        AtomSet
        AtomSet
      AtomSet
      ::MxString
        ::MxString
          ::MxCore
            ::MxCore
      AtomSet
      AtomSet
      Start
        LegoOmni::Start
          MxOmni::Start
            ::MxAutoLock
            ::MxAutoLock
            ::MxAutoLock
            ::MxDSAction
              ::MxDSAction
                ::MxDSObject
                  ::MxDSObject
                    ::MxCore
                      ::MxCore
                    ::MxDSObject
            ::MxDSStreamingAction
              AtomSet
              MxAtomId::GetAtom
                ::MxString
                  ::MxString
                    ::MxCore
                      ::MxCore
                AtomSet
                AtomSet
            Timer
            MxStreamController::FUN_100c1800
              ::MxCore
                ::MxCore
          AtomSet
          MxAtomId::GetAtom
            ::MxString
              ::MxString
                ::MxCore
                  ::MxCore
            AtomSet
            AtomSet
          AtomSet
          ::MxString
            ::MxString
              ::MxCore
                ::MxCore
          AtomSet
          AtomSet
      AtomSet
      ::MxString
        ::MxString
          ::MxCore
            ::MxCore
      AtomSet
      AtomSet
      Lego
      TickleManager
      Timer
      Timer
      Lego
      TickleManager
      Timer
      ::MxAutoLock
      ::MxAutoLock
      MxMediaManager::Tickle
        ::MxCore
          ::MxCore
      ::MxAutoLock
      MxMediaManager::Tickle
        ::MxCore
          ::MxCore
      ::MxAutoLock
      MxMediaManager::Tickle
        ::MxCore
          ::MxCore
      ::MxAutoLock
      LegoVideoManager::Tickle
        LegoVideoManager::Tickle
          ::MxCore
            ::MxCore
          MxRegion::VTable0x18
            ::MxCore
              ::MxCore
            ::MxRegionTopBottom
              ::MxCore
                ::MxCore
      ::MxAutoLock
      ::MxAutoLock
      ::MxAutoLock
      ::MxAutoLock
      ::MxAutoLock
      ::MxAutoLock
      ::MxAutoLock
      ::MxDSBuffer
        ::MxDSBuffer
          ::MxCore
            ::MxCore
      Streamer
      ::MxAutoLock
      ::MxDSAction
        ::MxDSAction
          ::MxDSObject
            ::MxDSObject
              ::MxCore
                ::MxCore
              ::MxDSObject
      ::MxDSStreamingAction
        AtomSet
        MxAtomId::GetAtom
          ::MxString
            ::MxString
              ::MxCore
                ::MxCore
          AtomSet
          AtomSet
      ::MxAutoLock
      ::MxAutoLock
      ::MxAutoLock
      ::MxAutoLock
      Lego
      TickleManager
      Timer
      Timer
      Lego
      TickleManager
      Timer
      ::MxAutoLock
      ::MxAutoLock
      MxMediaManager::Tickle
        ::MxCore
          ::MxCore
      ::MxAutoLock
      MxMediaManager::Tickle
        ::MxCore
          ::MxCore
      ::MxAutoLock
      MxMediaManager::Tickle
        ::MxCore
          ::MxCore
      ::MxAutoLock
      LegoVideoManager::Tickle
        LegoVideoManager::Tickle
          ::MxCore
            ::MxCore
          MxRegion::VTable0x18
            ::MxCore
              ::MxCore
            ::MxRegionTopBottom
              ::MxCore
                ::MxCore
      ::MxAutoLock
      ::MxAutoLock
      ::MxAutoLock
      ::MxAutoLock
      ::MxAutoLock
      ::MxDSSerialAction
        ::MxDSSerialAction
          ::MxDSMultiAction
            ::MxDSMultiAction
              ::MxDSAction
                ::MxDSAction
                  ::MxDSObject
                    ::MxDSObject
                      ::MxCore
                        ::MxCore
                      ::MxDSObject
              ::MxDSMultiAction
                ::MxCore
                  ::MxCore
          ::MxDSSerialAction
            ::MxCore
              ::MxCore
      ::MxDSObjectAction
        ::MxDSObjectAction
          ::MxDSMediaAction
            ::MxDSMediaAction
              ::MxDSAction
                ::MxDSAction
                  ::MxDSObject
                    ::MxDSObject
                      ::MxCore
                        ::MxCore
                      ::MxDSObject
      ::MxDSParallelAction
        ::MxDSParallelAction
          ::MxDSMultiAction
            ::MxDSMultiAction
              ::MxDSAction
                ::MxDSAction
                  ::MxDSObject
                    ::MxDSObject
                      ::MxCore
                        ::MxCore
                      ::MxDSObject
              ::MxDSMultiAction
                ::MxCore
                  ::MxCore
      ::MxDSObjectAction
        ::MxDSObjectAction
          ::MxDSMediaAction
            ::MxDSMediaAction
              ::MxDSAction
                ::MxDSAction
                  ::MxDSObject
                    ::MxDSObject
                      ::MxCore
                        ::MxCore
                      ::MxDSObject
      ::MxDSParallelAction
        ::MxDSParallelAction
          ::MxDSMultiAction
            ::MxDSMultiAction
              ::MxDSAction
                ::MxDSAction
                  ::MxDSObject
                    ::MxDSObject
                      ::MxCore
                        ::MxCore
                      ::MxDSObject
              ::MxDSMultiAction
                ::MxCore
                  ::MxCore
      ::MxDSObjectAction
        ::MxDSObjectAction
          ::MxDSMediaAction
            ::MxDSMediaAction
              ::MxDSAction
                ::MxDSAction
                  ::MxDSObject
                    ::MxDSObject
                      ::MxCore
                        ::MxCore
                      ::MxDSObject
      ::MxDSParallelAction
        ::MxDSParallelAction
          ::MxDSMultiAction
            ::MxDSMultiAction
              ::MxDSAction
                ::MxDSAction
                  ::MxDSObject
                    ::MxDSObject
                      ::MxCore
                        ::MxCore
                      ::MxDSObject
              ::MxDSMultiAction
                ::MxCore
                  ::MxCore
      ::MxDSObjectAction
        ::MxDSObjectAction
          ::MxDSMediaAction
            ::MxDSMediaAction
              ::MxDSAction
                ::MxDSAction
                  ::MxDSObject
                    ::MxDSObject
                      ::MxCore
                        ::MxCore
                      ::MxDSObject
      ::MxDSParallelAction
        ::MxDSParallelAction
          ::MxDSMultiAction
            ::MxDSMultiAction
              ::MxDSAction
                ::MxDSAction
                  ::MxDSObject
                    ::MxDSObject
                      ::MxCore
                        ::MxCore
                      ::MxDSObject
              ::MxDSMultiAction
                ::MxCore
                  ::MxCore
      ::MxDSObjectAction
        ::MxDSObjectAction
          ::MxDSMediaAction
            ::MxDSMediaAction
              ::MxDSAction
                ::MxDSAction
                  ::MxDSObject
                    ::MxDSObject
                      ::MxCore
                        ::MxCore
                      ::MxDSObject
      ::MxDSParallelAction
        ::MxDSParallelAction
          ::MxDSMultiAction
            ::MxDSMultiAction
              ::MxDSAction
                ::MxDSAction
                  ::MxDSObject
                    ::MxDSObject
                      ::MxCore
                        ::MxCore
                      ::MxDSObject
              ::MxDSMultiAction
                ::MxCore
                  ::MxCore
      ::MxDSObjectAction
        ::MxDSObjectAction
          ::MxDSMediaAction
            ::MxDSMediaAction
              ::MxDSAction
                ::MxDSAction
                  ::MxDSObject
                    ::MxDSObject
                      ::MxCore
                        ::MxCore
                      ::MxDSObject
      ::MxDSParallelAction
        ::MxDSParallelAction
          ::MxDSMultiAction
            ::MxDSMultiAction
              ::MxDSAction
                ::MxDSAction
                  ::MxDSObject
                    ::MxDSObject
                      ::MxCore
                        ::MxCore
                      ::MxDSObject
              ::MxDSMultiAction
                ::MxCore
                  ::MxCore
      ::MxDSObjectAction
        ::MxDSObjectAction
          ::MxDSMediaAction
            ::MxDSMediaAction
              ::MxDSAction
                ::MxDSAction
                  ::MxDSObject
                    ::MxDSObject
                      ::MxCore
                        ::MxCore
                      ::MxDSObject
      ::MxDSParallelAction
        ::MxDSParallelAction
          ::MxDSMultiAction
            ::MxDSMultiAction
              ::MxDSAction
                ::MxDSAction
                  ::MxDSObject
                    ::MxDSObject
                      ::MxCore
                        ::MxCore
                      ::MxDSObject
              ::MxDSMultiAction
                ::MxCore
                  ::MxCore
      ::MxDSObjectAction
        ::MxDSObjectAction
          ::MxDSMediaAction
            ::MxDSMediaAction
              ::MxDSAction
                ::MxDSAction
                  ::MxDSObject
                    ::MxDSObject
                      ::MxCore
                        ::MxCore
                      ::MxDSObject
      ::MxDSParallelAction
        ::MxDSParallelAction
          ::MxDSMultiAction
            ::MxDSMultiAction
              ::MxDSAction
                ::MxDSAction
                  ::MxDSObject
                    ::MxDSObject
                      ::MxCore
                        ::MxCore
                      ::MxDSObject
              ::MxDSMultiAction
                ::MxCore
                  ::MxCore
      ::MxDSObjectAction
        ::MxDSObjectAction
          ::MxDSMediaAction
            ::MxDSMediaAction
              ::MxDSAction
                ::MxDSAction
                  ::MxDSObject
                    ::MxDSObject
                      ::MxCore
                        ::MxCore
                      ::MxDSObject
      ::MxDSParallelAction
        ::MxDSParallelAction
          ::MxDSMultiAction
            ::MxDSMultiAction
              ::MxDSAction
                ::MxDSAction
                  ::MxDSObject
                    ::MxDSObject
                      ::MxCore
                        ::MxCore
                      ::MxDSObject
              ::MxDSMultiAction
                ::MxCore
                  ::MxCore
      ::MxDSObjectAction
        ::MxDSObjectAction
          ::MxDSMediaAction
            ::MxDSMediaAction
              ::MxDSAction
                ::MxDSAction
                  ::MxDSObject
                    ::MxDSObject
                      ::MxCore
                        ::MxCore
                      ::MxDSObject
      ::MxDSParallelAction
        ::MxDSParallelAction
          ::MxDSMultiAction
            ::MxDSMultiAction
              ::MxDSAction
                ::MxDSAction
                  ::MxDSObject
                    ::MxDSObject
                      ::MxCore
                        ::MxCore
                      ::MxDSObject
              ::MxDSMultiAction
                ::MxCore
                  ::MxCore
      ::MxDSObjectAction
        ::MxDSObjectAction
          ::MxDSMediaAction
            ::MxDSMediaAction
              ::MxDSAction
                ::MxDSAction
                  ::MxDSObject
                    ::MxDSObject
                      ::MxCore
                        ::MxCore
                      ::MxDSObject
      ::MxDSParallelAction
        ::MxDSParallelAction
          ::MxDSMultiAction
            ::MxDSMultiAction
              ::MxDSAction
                ::MxDSAction
                  ::MxDSObject
                    ::MxDSObject
                      ::MxCore
                        ::MxCore
                      ::MxDSObject
              ::MxDSMultiAction
                ::MxCore
                  ::MxCore
      ::MxDSObjectAction
        ::MxDSObjectAction
          ::MxDSMediaAction
            ::MxDSMediaAction
              ::MxDSAction
                ::MxDSAction
                  ::MxDSObject
                    ::MxDSObject
                      ::MxCore
                        ::MxCore
                      ::MxDSObject
      ::MxDSParallelAction
        ::MxDSParallelAction
          ::MxDSMultiAction
            ::MxDSMultiAction
              ::MxDSAction
                ::MxDSAction
                  ::MxDSObject
                    ::MxDSObject
                      ::MxCore
                        ::MxCore
                      ::MxDSObject
              ::MxDSMultiAction
                ::MxCore
                  ::MxCore
      ::MxDSObjectAction
        ::MxDSObjectAction
          ::MxDSMediaAction
            ::MxDSMediaAction
              ::MxDSAction
                ::MxDSAction
                  ::MxDSObject
                    ::MxDSObject
                      ::MxCore
                        ::MxCore
                      ::MxDSObject
      ::MxDSParallelAction
        ::MxDSParallelAction
          ::MxDSMultiAction
            ::MxDSMultiAction
              ::MxDSAction
                ::MxDSAction
                  ::MxDSObject
                    ::MxDSObject
                      ::MxCore
                        ::MxCore
                      ::MxDSObject
              ::MxDSMultiAction
                ::MxCore
                  ::MxCore
      ::MxDSObjectAction
        ::MxDSObjectAction
          ::MxDSMediaAction
            ::MxDSMediaAction
              ::MxDSAction
                ::MxDSAction
                  ::MxDSObject
                    ::MxDSObject
                      ::MxCore
                        ::MxCore
                      ::MxDSObject
      ::MxDSParallelAction
        ::MxDSParallelAction
          ::MxDSMultiAction
            ::MxDSMultiAction
              ::MxDSAction
                ::MxDSAction
                  ::MxDSObject
                    ::MxDSObject
                      ::MxCore
                        ::MxCore
                      ::MxDSObject
              ::MxDSMultiAction
                ::MxCore
                  ::MxCore
      ::MxDSObjectAction
        ::MxDSObjectAction
          ::MxDSMediaAction
            ::MxDSMediaAction
              ::MxDSAction
                ::MxDSAction
                  ::MxDSObject
                    ::MxDSObject
                      ::MxCore
                        ::MxCore
                      ::MxDSObject
      ::MxDSParallelAction
        ::MxDSParallelAction
          ::MxDSMultiAction
            ::MxDSMultiAction
              ::MxDSAction
                ::MxDSAction
                  ::MxDSObject
                    ::MxDSObject
                      ::MxCore
                        ::MxCore
                      ::MxDSObject
              ::MxDSMultiAction
                ::MxCore
                  ::MxCore
      ::MxDSObjectAction
        ::MxDSObjectAction
          ::MxDSMediaAction
            ::MxDSMediaAction
              ::MxDSAction
                ::MxDSAction
                  ::MxDSObject
                    ::MxDSObject
                      ::MxCore
                        ::MxCore
                      ::MxDSObject
      ::MxDSParallelAction
        ::MxDSParallelAction
          ::MxDSMultiAction
            ::MxDSMultiAction
              ::MxDSAction
                ::MxDSAction
                  ::MxDSObject
                    ::MxDSObject
                      ::MxCore
                        ::MxCore
                      ::MxDSObject
              ::MxDSMultiAction
                ::MxCore
                  ::MxCore
      ::MxDSObjectAction
        ::MxDSObjectAction
          ::MxDSMediaAction
            ::MxDSMediaAction
              ::MxDSAction
                ::MxDSAction
                  ::MxDSObject
                    ::MxDSObject
                      ::MxCore
                        ::MxCore
                      ::MxDSObject
      ::MxDSParallelAction
        ::MxDSParallelAction
          ::MxDSMultiAction
            ::MxDSMultiAction
              ::MxDSAction
                ::MxDSAction
                  ::MxDSObject
                    ::MxDSObject
                      ::MxCore
                        ::MxCore
                      ::MxDSObject
              ::MxDSMultiAction
                ::MxCore
                  ::MxCore
      ::MxDSObjectAction
        ::MxDSObjectAction
          ::MxDSMediaAction
            ::MxDSMediaAction
              ::MxDSAction
                ::MxDSAction
                  ::MxDSObject
                    ::MxDSObject
                      ::MxCore
                        ::MxCore
                      ::MxDSObject
      ::MxDSSound
        ::MxDSSound
          ::MxDSMediaAction
            ::MxDSMediaAction
              ::MxDSAction
                ::MxDSAction
                  ::MxDSObject
                    ::MxDSObject
                      ::MxCore
                        ::MxCore
                      ::MxDSObject
      ::MxDSSound
        ::MxDSSound
          ::MxDSMediaAction
            ::MxDSMediaAction
              ::MxDSAction
                ::MxDSAction
                  ::MxDSObject
                    ::MxDSObject
                      ::MxCore
                        ::MxCore
                      ::MxDSObject
      ::MxDSObjectAction
        ::MxDSObjectAction
          ::MxDSMediaAction
            ::MxDSMediaAction
              ::MxDSAction
                ::MxDSAction
                  ::MxDSObject
                    ::MxDSObject
                      ::MxCore
                        ::MxCore
                      ::MxDSObject
      ::MxDSObjectAction
        ::MxDSObjectAction
          ::MxDSMediaAction
            ::MxDSMediaAction
              ::MxDSAction
                ::MxDSAction
                  ::MxDSObject
                    ::MxDSObject
                      ::MxCore
                        ::MxCore
                      ::MxDSObject
      ::MxDSObjectAction
        ::MxDSObjectAction
          ::MxDSMediaAction
            ::MxDSMediaAction
              ::MxDSAction
                ::MxDSAction
                  ::MxDSObject
                    ::MxDSObject
                      ::MxCore
                        ::MxCore
                      ::MxDSObject
      ::MxDSObjectAction
        ::MxDSObjectAction
          ::MxDSMediaAction
            ::MxDSMediaAction
              ::MxDSAction
                ::MxDSAction
                  ::MxDSObject
                    ::MxDSObject
                      ::MxCore
                        ::MxCore
                      ::MxDSObject
      ::MxDSObjectAction
        ::MxDSObjectAction
          ::MxDSMediaAction
            ::MxDSMediaAction
              ::MxDSAction
                ::MxDSAction
                  ::MxDSObject
                    ::MxDSObject
                      ::MxCore
                        ::MxCore
                      ::MxDSObject
      ::MxDSObjectAction
        ::MxDSObjectAction
          ::MxDSMediaAction
            ::MxDSMediaAction
              ::MxDSAction
                ::MxDSAction
                  ::MxDSObject
                    ::MxDSObject
                      ::MxCore
                        ::MxCore
                      ::MxDSObject
      ::MxDSObjectAction
        ::MxDSObjectAction
          ::MxDSMediaAction
            ::MxDSMediaAction
              ::MxDSAction
                ::MxDSAction
                  ::MxDSObject
                    ::MxDSObject
                      ::MxCore
                        ::MxCore
                      ::MxDSObject
      ::MxDSObjectAction
        ::MxDSObjectAction
          ::MxDSMediaAction
            ::MxDSMediaAction
              ::MxDSAction
                ::MxDSAction
                  ::MxDSObject
                    ::MxDSObject
                      ::MxCore
                        ::MxCore
                      ::MxDSObject
      ::MxDSObjectAction
        ::MxDSObjectAction
          ::MxDSMediaAction
            ::MxDSMediaAction
              ::MxDSAction
                ::MxDSAction
                  ::MxDSObject
                    ::MxDSObject
                      ::MxCore
                        ::MxCore
                      ::MxDSObject
      ::MxDSObjectAction
        ::MxDSObjectAction
          ::MxDSMediaAction
            ::MxDSMediaAction
              ::MxDSAction
                ::MxDSAction
                  ::MxDSObject
                    ::MxDSObject
                      ::MxCore
                        ::MxCore
                      ::MxDSObject
      ::MxDSObjectAction
        ::MxDSObjectAction
          ::MxDSMediaAction
            ::MxDSMediaAction
              ::MxDSAction
                ::MxDSAction
                  ::MxDSObject
                    ::MxDSObject
                      ::MxCore
                        ::MxCore
                      ::MxDSObject
      ::MxDSObjectAction
        ::MxDSObjectAction
          ::MxDSMediaAction
            ::MxDSMediaAction
              ::MxDSAction
                ::MxDSAction
                  ::MxDSObject
                    ::MxDSObject
                      ::MxCore
                        ::MxCore
                      ::MxDSObject
      ::MxDSObjectAction
        ::MxDSObjectAction
          ::MxDSMediaAction
            ::MxDSMediaAction
              ::MxDSAction
                ::MxDSAction
                  ::MxDSObject
                    ::MxDSObject
                      ::MxCore
                        ::MxCore
                      ::MxDSObject
      ::MxDSObjectAction
        ::MxDSObjectAction
          ::MxDSMediaAction
            ::MxDSMediaAction
              ::MxDSAction
                ::MxDSAction
                  ::MxDSObject
                    ::MxDSObject
                      ::MxCore
                        ::MxCore
                      ::MxDSObject
      ::MxDSObjectAction
        ::MxDSObjectAction
          ::MxDSMediaAction
            ::MxDSMediaAction
              ::MxDSAction
                ::MxDSAction
                  ::MxDSObject
                    ::MxDSObject
                      ::MxCore
                        ::MxCore
                      ::MxDSObject
      ::MxDSObjectAction
        ::MxDSObjectAction
          ::MxDSMediaAction
            ::MxDSMediaAction
              ::MxDSAction
                ::MxDSAction
                  ::MxDSObject
                    ::MxDSObject
                      ::MxCore
                        ::MxCore
                      ::MxDSObject
      ::MxDSObjectAction
        ::MxDSObjectAction
          ::MxDSMediaAction
            ::MxDSMediaAction
              ::MxDSAction
                ::MxDSAction
                  ::MxDSObject
                    ::MxDSObject
                      ::MxCore
                        ::MxCore
                      ::MxDSObject
      ::MxDSObjectAction
        ::MxDSObjectAction
          ::MxDSMediaAction
            ::MxDSMediaAction
              ::MxDSAction
                ::MxDSAction
                  ::MxDSObject
                    ::MxDSObject
                      ::MxCore
                        ::MxCore
                      ::MxDSObject
      ::MxDSObjectAction
        ::MxDSObjectAction
          ::MxDSMediaAction
            ::MxDSMediaAction
              ::MxDSAction
                ::MxDSAction
                  ::MxDSObject
                    ::MxDSObject
                      ::MxCore
                        ::MxCore
                      ::MxDSObject
      ::MxDSObjectAction
        ::MxDSObjectAction
          ::MxDSMediaAction
            ::MxDSMediaAction
              ::MxDSAction
                ::MxDSAction
                  ::MxDSObject
                    ::MxDSObject
                      ::MxCore
                        ::MxCore
                      ::MxDSObject
      ::MxDSObjectAction
        ::MxDSObjectAction
          ::MxDSMediaAction
            ::MxDSMediaAction
              ::MxDSAction
                ::MxDSAction
                  ::MxDSObject
                    ::MxDSObject
                      ::MxCore
                        ::MxCore
                      ::MxDSObject
      ::MxDSObjectAction
        ::MxDSObjectAction
          ::MxDSMediaAction
            ::MxDSMediaAction
              ::MxDSAction
                ::MxDSAction
                  ::MxDSObject
                    ::MxDSObject
                      ::MxCore
                        ::MxCore
                      ::MxDSObject
      ::MxDSObjectAction
        ::MxDSObjectAction
          ::MxDSMediaAction
            ::MxDSMediaAction
              ::MxDSAction
                ::MxDSAction
                  ::MxDSObject
                    ::MxDSObject
                      ::MxCore
                        ::MxCore
                      ::MxDSObject
      ::MxDSObjectAction
        ::MxDSObjectAction
          ::MxDSMediaAction
            ::MxDSMediaAction
              ::MxDSAction
                ::MxDSAction
                  ::MxDSObject
                    ::MxDSObject
                      ::MxCore
                        ::MxCore
                      ::MxDSObject
      ::MxDSObjectAction
        ::MxDSObjectAction
          ::MxDSMediaAction
            ::MxDSMediaAction
              ::MxDSAction
                ::MxDSAction
                  ::MxDSObject
                    ::MxDSObject
                      ::MxCore
                        ::MxCore
                      ::MxDSObject
      ::MxDSObjectAction
        ::MxDSObjectAction
          ::MxDSMediaAction
            ::MxDSMediaAction
              ::MxDSAction
                ::MxDSAction
                  ::MxDSObject
                    ::MxDSObject
                      ::MxCore
                        ::MxCore
                      ::MxDSObject
      ::MxDSObjectAction
        ::MxDSObjectAction
          ::MxDSMediaAction
            ::MxDSMediaAction
              ::MxDSAction
                ::MxDSAction
                  ::MxDSObject
                    ::MxDSObject
                      ::MxCore
                        ::MxCore
                      ::MxDSObject
      ::MxDSObjectAction
        ::MxDSObjectAction
          ::MxDSMediaAction
            ::MxDSMediaAction
              ::MxDSAction
                ::MxDSAction
                  ::MxDSObject
                    ::MxDSObject
                      ::MxCore
                        ::MxCore
                      ::MxDSObject
      ::MxDSObjectAction
        ::MxDSObjectAction
          ::MxDSMediaAction
            ::MxDSMediaAction
              ::MxDSAction
                ::MxDSAction
                  ::MxDSObject
                    ::MxDSObject
                      ::MxCore
                        ::MxCore
                      ::MxDSObject
      ::MxDSObjectAction
        ::MxDSObjectAction
          ::MxDSMediaAction
            ::MxDSMediaAction
              ::MxDSAction
                ::MxDSAction
                  ::MxDSObject
                    ::MxDSObject
                      ::MxCore
                        ::MxCore
                      ::MxDSObject
      ::MxDSObjectAction
        ::MxDSObjectAction
          ::MxDSMediaAction
            ::MxDSMediaAction
              ::MxDSAction
                ::MxDSAction
                  ::MxDSObject
                    ::MxDSObject
                      ::MxCore
                        ::MxCore
                      ::MxDSObject
      ::MxDSObjectAction
        ::MxDSObjectAction
          ::MxDSMediaAction
            ::MxDSMediaAction
              ::MxDSAction
                ::MxDSAction
                  ::MxDSObject
                    ::MxDSObject
                      ::MxCore
                        ::MxCore
                      ::MxDSObject
      ::MxDSObjectAction
        ::MxDSObjectAction
          ::MxDSMediaAction
            ::MxDSMediaAction
              ::MxDSAction
                ::MxDSAction
                  ::MxDSObject
                    ::MxDSObject
                      ::MxCore
                        ::MxCore
                      ::MxDSObject
      ::MxDSObjectAction
        ::MxDSObjectAction
          ::MxDSMediaAction
            ::MxDSMediaAction
              ::MxDSAction
                ::MxDSAction
                  ::MxDSObject
                    ::MxDSObject
                      ::MxCore
                        ::MxCore
                      ::MxDSObject
      ::MxDSObjectAction
        ::MxDSObjectAction
          ::MxDSMediaAction
            ::MxDSMediaAction
              ::MxDSAction
                ::MxDSAction
                  ::MxDSObject
                    ::MxDSObject
                      ::MxCore
                        ::MxCore
                      ::MxDSObject
      ::MxDSObjectAction
        ::MxDSObjectAction
          ::MxDSMediaAction
            ::MxDSMediaAction
              ::MxDSAction
                ::MxDSAction
                  ::MxDSObject
                    ::MxDSObject
                      ::MxCore
                        ::MxCore
                      ::MxDSObject
      ::MxDSObjectAction
        ::MxDSObjectAction
          ::MxDSMediaAction
            ::MxDSMediaAction
              ::MxDSAction
                ::MxDSAction
                  ::MxDSObject
                    ::MxDSObject
                      ::MxCore
                        ::MxCore
                      ::MxDSObject
      ::MxDSObjectAction
        ::MxDSObjectAction
          ::MxDSMediaAction
            ::MxDSMediaAction
              ::MxDSAction
                ::MxDSAction
                  ::MxDSObject
                    ::MxDSObject
                      ::MxCore
                        ::MxCore
                      ::MxDSObject
      ::MxDSObjectAction
        ::MxDSObjectAction
          ::MxDSMediaAction
            ::MxDSMediaAction
              ::MxDSAction
                ::MxDSAction
                  ::MxDSObject
                    ::MxDSObject
                      ::MxCore
                        ::MxCore
                      ::MxDSObject
      ::MxDSObjectAction
        ::MxDSObjectAction
          ::MxDSMediaAction
            ::MxDSMediaAction
              ::MxDSAction
                ::MxDSAction
                  ::MxDSObject
                    ::MxDSObject
                      ::MxCore
                        ::MxCore
                      ::MxDSObject
      ::MxDSObjectAction
        ::MxDSObjectAction
          ::MxDSMediaAction
            ::MxDSMediaAction
              ::MxDSAction
                ::MxDSAction
                  ::MxDSObject
                    ::MxDSObject
                      ::MxCore
                        ::MxCore
                      ::MxDSObject
      ::MxDSObjectAction
        ::MxDSObjectAction
          ::MxDSMediaAction
            ::MxDSMediaAction
              ::MxDSAction
                ::MxDSAction
                  ::MxDSObject
                    ::MxDSObject
                      ::MxCore
                        ::MxCore
                      ::MxDSObject
      ::MxDSObjectAction
        ::MxDSObjectAction
          ::MxDSMediaAction
            ::MxDSMediaAction
              ::MxDSAction
                ::MxDSAction
                  ::MxDSObject
                    ::MxDSObject
                      ::MxCore
                        ::MxCore
                      ::MxDSObject
      ::MxDSObjectAction
        ::MxDSObjectAction
          ::MxDSMediaAction
            ::MxDSMediaAction
              ::MxDSAction
                ::MxDSAction
                  ::MxDSObject
                    ::MxDSObject
                      ::MxCore
                        ::MxCore
                      ::MxDSObject
      ::MxDSObjectAction
        ::MxDSObjectAction
          ::MxDSMediaAction
            ::MxDSMediaAction
              ::MxDSAction
                ::MxDSAction
                  ::MxDSObject
                    ::MxDSObject
                      ::MxCore
                        ::MxCore
                      ::MxDSObject
      ::MxDSObjectAction
        ::MxDSObjectAction
          ::MxDSMediaAction
            ::MxDSMediaAction
              ::MxDSAction
                ::MxDSAction
                  ::MxDSObject
                    ::MxDSObject
                      ::MxCore
                        ::MxCore
                      ::MxDSObject
      ::MxDSObjectAction
        ::MxDSObjectAction
          ::MxDSMediaAction
            ::MxDSMediaAction
              ::MxDSAction
                ::MxDSAction
                  ::MxDSObject
                    ::MxDSObject
                      ::MxCore
                        ::MxCore
                      ::MxDSObject
      ::MxDSObjectAction
        ::MxDSObjectAction
          ::MxDSMediaAction
            ::MxDSMediaAction
              ::MxDSAction
                ::MxDSAction
                  ::MxDSObject
                    ::MxDSObject
                      ::MxCore
                        ::MxCore
                      ::MxDSObject
      ::MxDSObjectAction
        ::MxDSObjectAction
          ::MxDSMediaAction
            ::MxDSMediaAction
              ::MxDSAction
                ::MxDSAction
                  ::MxDSObject
                    ::MxDSObject
                      ::MxCore
                        ::MxCore
                      ::MxDSObject
      ::MxDSObjectAction
        ::MxDSObjectAction
          ::MxDSMediaAction
            ::MxDSMediaAction
              ::MxDSAction
                ::MxDSAction
                  ::MxDSObject
                    ::MxDSObject
                      ::MxCore
                        ::MxCore
                      ::MxDSObject
      ::MxDSObjectAction
        ::MxDSObjectAction
          ::MxDSMediaAction
            ::MxDSMediaAction
              ::MxDSAction
                ::MxDSAction
                  ::MxDSObject
                    ::MxDSObject
                      ::MxCore
                        ::MxCore
                      ::MxDSObject
      ::MxDSObjectAction
        ::MxDSObjectAction
          ::MxDSMediaAction
            ::MxDSMediaAction
              ::MxDSAction
                ::MxDSAction
                  ::MxDSObject
                    ::MxDSObject
                      ::MxCore
                        ::MxCore
                      ::MxDSObject
      ::MxDSObjectAction
        ::MxDSObjectAction
          ::MxDSMediaAction
            ::MxDSMediaAction
              ::MxDSAction
                ::MxDSAction
                  ::MxDSObject
                    ::MxDSObject
                      ::MxCore
                        ::MxCore
                      ::MxDSObject
      ::MxDSObjectAction
        ::MxDSObjectAction
          ::MxDSMediaAction
            ::MxDSMediaAction
              ::MxDSAction
                ::MxDSAction
                  ::MxDSObject
                    ::MxDSObject
                      ::MxCore
                        ::MxCore
                      ::MxDSObject
      ::MxDSObjectAction
        ::MxDSObjectAction
          ::MxDSMediaAction
            ::MxDSMediaAction
              ::MxDSAction
                ::MxDSAction
                  ::MxDSObject
                    ::MxDSObject
                      ::MxCore
                        ::MxCore
                      ::MxDSObject
      ::MxDSObjectAction
        ::MxDSObjectAction
          ::MxDSMediaAction
            ::MxDSMediaAction
              ::MxDSAction
                ::MxDSAction
                  ::MxDSObject
                    ::MxDSObject
                      ::MxCore
                        ::MxCore
                      ::MxDSObject
      ::MxDSObjectAction
        ::MxDSObjectAction
          ::MxDSMediaAction
            ::MxDSMediaAction
              ::MxDSAction
                ::MxDSAction
                  ::MxDSObject
                    ::MxDSObject
                      ::MxCore
                        ::MxCore
                      ::MxDSObject
      ::MxDSObjectAction
        ::MxDSObjectAction
          ::MxDSMediaAction
            ::MxDSMediaAction
              ::MxDSAction
                ::MxDSAction
                  ::MxDSObject
                    ::MxDSObject
                      ::MxCore
                        ::MxCore
                      ::MxDSObject
      ::MxDSObjectAction
        ::MxDSObjectAction
          ::MxDSMediaAction
            ::MxDSMediaAction
              ::MxDSAction
                ::MxDSAction
                  ::MxDSObject
                    ::MxDSObject
                      ::MxCore
                        ::MxCore
                      ::MxDSObject
      ::MxDSObjectAction
        ::MxDSObjectAction
          ::MxDSMediaAction
            ::MxDSMediaAction
              ::MxDSAction
                ::MxDSAction
                  ::MxDSObject
                    ::MxDSObject
                      ::MxCore
                        ::MxCore
                      ::MxDSObject
      ::MxDSObjectAction
        ::MxDSObjectAction
          ::MxDSMediaAction
            ::MxDSMediaAction
              ::MxDSAction
                ::MxDSAction
                  ::MxDSObject
                    ::MxDSObject
                      ::MxCore
                        ::MxCore
                      ::MxDSObject
      ::MxDSObjectAction
        ::MxDSObjectAction
          ::MxDSMediaAction
            ::MxDSMediaAction
              ::MxDSAction
                ::MxDSAction
                  ::MxDSObject
                    ::MxDSObject
                      ::MxCore
                        ::MxCore
                      ::MxDSObject
      ::MxDSObjectAction
        ::MxDSObjectAction
          ::MxDSMediaAction
            ::MxDSMediaAction
              ::MxDSAction
                ::MxDSAction
                  ::MxDSObject
                    ::MxDSObject
                      ::MxCore
                        ::MxCore
                      ::MxDSObject
      ::MxDSObjectAction
        ::MxDSObjectAction
          ::MxDSMediaAction
            ::MxDSMediaAction
              ::MxDSAction
                ::MxDSAction
                  ::MxDSObject
                    ::MxDSObject
                      ::MxCore
                        ::MxCore
                      ::MxDSObject
      ::MxDSObjectAction
        ::MxDSObjectAction
          ::MxDSMediaAction
            ::MxDSMediaAction
              ::MxDSAction
                ::MxDSAction
                  ::MxDSObject
                    ::MxDSObject
                      ::MxCore
                        ::MxCore
                      ::MxDSObject
      ::MxDSObjectAction
        ::MxDSObjectAction
          ::MxDSMediaAction
            ::MxDSMediaAction
              ::MxDSAction
                ::MxDSAction
                  ::MxDSObject
                    ::MxDSObject
                      ::MxCore
                        ::MxCore
                      ::MxDSObject
      ::MxDSObjectAction
        ::MxDSObjectAction
          ::MxDSMediaAction
            ::MxDSMediaAction
              ::MxDSAction
                ::MxDSAction
                  ::MxDSObject
                    ::MxDSObject
                      ::MxCore
                        ::MxCore
                      ::MxDSObject
      ::MxDSObjectAction
        ::MxDSObjectAction
          ::MxDSMediaAction
            ::MxDSMediaAction
              ::MxDSAction
                ::MxDSAction
                  ::MxDSObject
                    ::MxDSObject
                      ::MxCore
                        ::MxCore
                      ::MxDSObject
      ::MxDSObjectAction
        ::MxDSObjectAction
          ::MxDSMediaAction
            ::MxDSMediaAction
              ::MxDSAction
                ::MxDSAction
                  ::MxDSObject
                    ::MxDSObject
                      ::MxCore
                        ::MxCore
                      ::MxDSObject
      ::MxDSObjectAction
        ::MxDSObjectAction
          ::MxDSMediaAction
            ::MxDSMediaAction
              ::MxDSAction
                ::MxDSAction
                  ::MxDSObject
                    ::MxDSObject
                      ::MxCore
                        ::MxCore
                      ::MxDSObject
      ::MxDSObjectAction
        ::MxDSObjectAction
          ::MxDSMediaAction
            ::MxDSMediaAction
              ::MxDSAction
                ::MxDSAction
                  ::MxDSObject
                    ::MxDSObject
                      ::MxCore
                        ::MxCore
                      ::MxDSObject
      ::MxDSObjectAction
        ::MxDSObjectAction
          ::MxDSMediaAction
            ::MxDSMediaAction
              ::MxDSAction
                ::MxDSAction
                  ::MxDSObject
                    ::MxDSObject
                      ::MxCore
                        ::MxCore
                      ::MxDSObject
      ::MxDSObjectAction
        ::MxDSObjectAction
          ::MxDSMediaAction
            ::MxDSMediaAction
              ::MxDSAction
                ::MxDSAction
                  ::MxDSObject
                    ::MxDSObject
                      ::MxCore
                        ::MxCore
                      ::MxDSObject
      ::MxDSObjectAction
        ::MxDSObjectAction
          ::MxDSMediaAction
            ::MxDSMediaAction
              ::MxDSAction
                ::MxDSAction
                  ::MxDSObject
                    ::MxDSObject
                      ::MxCore
                        ::MxCore
                      ::MxDSObject
      ::MxDSObjectAction
        ::MxDSObjectAction
          ::MxDSMediaAction
            ::MxDSMediaAction
              ::MxDSAction
                ::MxDSAction
                  ::MxDSObject
                    ::MxDSObject
                      ::MxCore
                        ::MxCore
                      ::MxDSObject
      ::MxDSObjectAction
        ::MxDSObjectAction
          ::MxDSMediaAction
            ::MxDSMediaAction
              ::MxDSAction
                ::MxDSAction
                  ::MxDSObject
                    ::MxDSObject
                      ::MxCore
                        ::MxCore
                      ::MxDSObject
      ::MxDSObjectAction
        ::MxDSObjectAction
          ::MxDSMediaAction
            ::MxDSMediaAction
              ::MxDSAction
                ::MxDSAction
                  ::MxDSObject
                    ::MxDSObject
                      ::MxCore
                        ::MxCore
                      ::MxDSObject
      ::MxDSObjectAction
        ::MxDSObjectAction
          ::MxDSMediaAction
            ::MxDSMediaAction
              ::MxDSAction
                ::MxDSAction
                  ::MxDSObject
                    ::MxDSObject
                      ::MxCore
                        ::MxCore
                      ::MxDSObject
      ::MxDSObjectAction
        ::MxDSObjectAction
          ::MxDSMediaAction
            ::MxDSMediaAction
              ::MxDSAction
                ::MxDSAction
                  ::MxDSObject
                    ::MxDSObject
                      ::MxCore
                        ::MxCore
                      ::MxDSObject
      ::MxDSObjectAction
        ::MxDSObjectAction
          ::MxDSMediaAction
            ::MxDSMediaAction
              ::MxDSAction
                ::MxDSAction
                  ::MxDSObject
                    ::MxDSObject
                      ::MxCore
                        ::MxCore
                      ::MxDSObject
      ::MxDSObjectAction
        ::MxDSObjectAction
          ::MxDSMediaAction
            ::MxDSMediaAction
              ::MxDSAction
                ::MxDSAction
                  ::MxDSObject
                    ::MxDSObject
                      ::MxCore
                        ::MxCore
                      ::MxDSObject
      ::MxDSObjectAction
        ::MxDSObjectAction
          ::MxDSMediaAction
            ::MxDSMediaAction
              ::MxDSAction
                ::MxDSAction
                  ::MxDSObject
                    ::MxDSObject
                      ::MxCore
                        ::MxCore
                      ::MxDSObject
      ::MxDSObjectAction
        ::MxDSObjectAction
          ::MxDSMediaAction
            ::MxDSMediaAction
              ::MxDSAction
                ::MxDSAction
                  ::MxDSObject
                    ::MxDSObject
                      ::MxCore
                        ::MxCore
                      ::MxDSObject
      ::MxDSObjectAction
        ::MxDSObjectAction
          ::MxDSMediaAction
            ::MxDSMediaAction
              ::MxDSAction
                ::MxDSAction
                  ::MxDSObject
                    ::MxDSObject
                      ::MxCore
                        ::MxCore
                      ::MxDSObject
      ::MxDSObjectAction
        ::MxDSObjectAction
          ::MxDSMediaAction
            ::MxDSMediaAction
              ::MxDSAction
                ::MxDSAction
                  ::MxDSObject
                    ::MxDSObject
                      ::MxCore
                        ::MxCore
                      ::MxDSObject
      ::MxDSObjectAction
        ::MxDSObjectAction
          ::MxDSMediaAction
            ::MxDSMediaAction
              ::MxDSAction
                ::MxDSAction
                  ::MxDSObject
                    ::MxDSObject
                      ::MxCore
                        ::MxCore
                      ::MxDSObject
      ::MxDSObjectAction
        ::MxDSObjectAction
          ::MxDSMediaAction
            ::MxDSMediaAction
              ::MxDSAction
                ::MxDSAction
                  ::MxDSObject
                    ::MxDSObject
                      ::MxCore
                        ::MxCore
                      ::MxDSObject
      ::MxDSObjectAction
        ::MxDSObjectAction
          ::MxDSMediaAction
            ::MxDSMediaAction
              ::MxDSAction
                ::MxDSAction
                  ::MxDSObject
                    ::MxDSObject
                      ::MxCore
                        ::MxCore
                      ::MxDSObject
      ::MxDSObjectAction
        ::MxDSObjectAction
          ::MxDSMediaAction
            ::MxDSMediaAction
              ::MxDSAction
                ::MxDSAction
                  ::MxDSObject
                    ::MxDSObject
                      ::MxCore
                        ::MxCore
                      ::MxDSObject
      ::MxDSObjectAction
        ::MxDSObjectAction
          ::MxDSMediaAction
            ::MxDSMediaAction
              ::MxDSAction
                ::MxDSAction
                  ::MxDSObject
                    ::MxDSObject
                      ::MxCore
                        ::MxCore
                      ::MxDSObject
      ::MxDSObjectAction
        ::MxDSObjectAction
          ::MxDSMediaAction
            ::MxDSMediaAction
              ::MxDSAction
                ::MxDSAction
                  ::MxDSObject
                    ::MxDSObject
                      ::MxCore
                        ::MxCore
                      ::MxDSObject
      ::MxDSObjectAction
        ::MxDSObjectAction
          ::MxDSMediaAction
            ::MxDSMediaAction
              ::MxDSAction
                ::MxDSAction
                  ::MxDSObject
                    ::MxDSObject
                      ::MxCore
                        ::MxCore
                      ::MxDSObject
      ::MxDSObjectAction
        ::MxDSObjectAction
          ::MxDSMediaAction
            ::MxDSMediaAction
              ::MxDSAction
                ::MxDSAction
                  ::MxDSObject
                    ::MxDSObject
                      ::MxCore
                        ::MxCore
                      ::MxDSObject
      ::MxDSObjectAction
        ::MxDSObjectAction
          ::MxDSMediaAction
            ::MxDSMediaAction
              ::MxDSAction
                ::MxDSAction
                  ::MxDSObject
                    ::MxDSObject
                      ::MxCore
                        ::MxCore
                      ::MxDSObject
      ::MxDSObjectAction
        ::MxDSObjectAction
          ::MxDSMediaAction
            ::MxDSMediaAction
              ::MxDSAction
                ::MxDSAction
                  ::MxDSObject
                    ::MxDSObject
                      ::MxCore
                        ::MxCore
                      ::MxDSObject
      ::MxDSObjectAction
        ::MxDSObjectAction
          ::MxDSMediaAction
            ::MxDSMediaAction
              ::MxDSAction
                ::MxDSAction
                  ::MxDSObject
                    ::MxDSObject
                      ::MxCore
                        ::MxCore
                      ::MxDSObject
      ::MxDSObjectAction
        ::MxDSObjectAction
          ::MxDSMediaAction
            ::MxDSMediaAction
              ::MxDSAction
                ::MxDSAction
                  ::MxDSObject
                    ::MxDSObject
                      ::MxCore
                        ::MxCore
                      ::MxDSObject
      ::MxDSObjectAction
        ::MxDSObjectAction
          ::MxDSMediaAction
            ::MxDSMediaAction
              ::MxDSAction
                ::MxDSAction
                  ::MxDSObject
                    ::MxDSObject
                      ::MxCore
                        ::MxCore
                      ::MxDSObject
      ::MxDSObjectAction
        ::MxDSObjectAction
          ::MxDSMediaAction
            ::MxDSMediaAction
              ::MxDSAction
                ::MxDSAction
                  ::MxDSObject
                    ::MxDSObject
                      ::MxCore
                        ::MxCore
                      ::MxDSObject
      ::MxDSObjectAction
        ::MxDSObjectAction
          ::MxDSMediaAction
            ::MxDSMediaAction
              ::MxDSAction
                ::MxDSAction
                  ::MxDSObject
                    ::MxDSObject
                      ::MxCore
                        ::MxCore
                      ::MxDSObject
      ::MxDSObjectAction
        ::MxDSObjectAction
          ::MxDSMediaAction
            ::MxDSMediaAction
              ::MxDSAction
                ::MxDSAction
                  ::MxDSObject
                    ::MxDSObject
                      ::MxCore
                        ::MxCore
                      ::MxDSObject
      ::MxDSObjectAction
        ::MxDSObjectAction
          ::MxDSMediaAction
            ::MxDSMediaAction
              ::MxDSAction
                ::MxDSAction
                  ::MxDSObject
                    ::MxDSObject
                      ::MxCore
                        ::MxCore
                      ::MxDSObject
      ::MxDSSound
        ::MxDSSound
          ::MxDSMediaAction
            ::MxDSMediaAction
              ::MxDSAction
                ::MxDSAction
                  ::MxDSObject
                    ::MxDSObject
                      ::MxCore
                        ::MxCore
                      ::MxDSObject
      ::MxDSSound
        ::MxDSSound
          ::MxDSMediaAction
            ::MxDSMediaAction
              ::MxDSAction
                ::MxDSAction
                  ::MxDSObject
                    ::MxDSObject
                      ::MxCore
                        ::MxCore
                      ::MxDSObject
      AtomSet
      MxAtomId::GetAtom
        ::MxString
          ::MxString
            ::MxCore
              ::MxCore
        AtomSet
        AtomSet
      AtomSet
      ::MxString
        ::MxString
          ::MxCore
            ::MxCore
      AtomSet
      AtomSet
      MxDSMultiAction::SetAtomId
        ::MxCore
          ::MxCore
        AtomSet
        MxAtomId::GetAtom
          ::MxString
            ::MxString
              ::MxCore
                ::MxCore
          AtomSet
          AtomSet
        AtomSet
        ::MxString
          ::MxString
            ::MxCore
              ::MxCore
        AtomSet
        AtomSet
        AtomSet
        MxAtomId::GetAtom
          ::MxString
            ::MxString
              ::MxCore
                ::MxCore
          AtomSet
          AtomSet
        AtomSet
        ::MxString
          ::MxString
            ::MxCore
              ::MxCore
        AtomSet
        AtomSet
        MxDSMultiAction::SetAtomId
          ::MxCore
            ::MxCore
          AtomSet
          MxAtomId::GetAtom
            ::MxString
              ::MxString
                ::MxCore
                  ::MxCore
            AtomSet
            AtomSet
          AtomSet
          ::MxString
            ::MxString
              ::MxCore
                ::MxCore
          AtomSet
          AtomSet
        AtomSet
        ::MxString
          ::MxString
            ::MxCore
              ::MxCore
        AtomSet
        AtomSet
        AtomSet
        MxAtomId::GetAtom
          ::MxString
            ::MxString
              ::MxCore
                ::MxCore
          AtomSet
          AtomSet
        AtomSet
        ::MxString
          ::MxString
            ::MxCore
              ::MxCore
        AtomSet
        AtomSet
        MxDSMultiAction::SetAtomId
          ::MxCore
            ::MxCore
          AtomSet
          MxAtomId::GetAtom
            ::MxString
              ::MxString
                ::MxCore
                  ::MxCore
            AtomSet
            AtomSet
          AtomSet
          ::MxString
            ::MxString
              ::MxCore
                ::MxCore
          AtomSet
          AtomSet
        AtomSet
        ::MxString
          ::MxString
            ::MxCore
              ::MxCore
        AtomSet
        AtomSet
        AtomSet
        MxAtomId::GetAtom
          ::MxString
            ::MxString
              ::MxCore
                ::MxCore
          AtomSet
          AtomSet
        AtomSet
        ::MxString
          ::MxString
            ::MxCore
              ::MxCore
        AtomSet
        AtomSet
        MxDSMultiAction::SetAtomId
          ::MxCore
            ::MxCore
          AtomSet
          MxAtomId::GetAtom
            ::MxString
              ::MxString
                ::MxCore
                  ::MxCore
            AtomSet
            AtomSet
          AtomSet
          ::MxString
            ::MxString
              ::MxCore
                ::MxCore
          AtomSet
          AtomSet
        AtomSet
        ::MxString
          ::MxString
            ::MxCore
              ::MxCore
        AtomSet
        AtomSet
        AtomSet
        MxAtomId::GetAtom
          ::MxString
            ::MxString
              ::MxCore
                ::MxCore
          AtomSet
          AtomSet
        AtomSet
        ::MxString
          ::MxString
            ::MxCore
              ::MxCore
        AtomSet
        AtomSet
        MxDSMultiAction::SetAtomId
          ::MxCore
            ::MxCore
          AtomSet
          MxAtomId::GetAtom
            ::MxString
              ::MxString
                ::MxCore
                  ::MxCore
            AtomSet
            AtomSet
          AtomSet
          ::MxString
            ::MxString
              ::MxCore
                ::MxCore
          AtomSet
          AtomSet
        AtomSet
        ::MxString
          ::MxString
            ::MxCore
              ::MxCore
        AtomSet
        AtomSet
        AtomSet
        MxAtomId::GetAtom
          ::MxString
            ::MxString
              ::MxCore
                ::MxCore
          AtomSet
          AtomSet
        AtomSet
        ::MxString
          ::MxString
            ::MxCore
              ::MxCore
        AtomSet
        AtomSet
        MxDSMultiAction::SetAtomId
          ::MxCore
            ::MxCore
          AtomSet
          MxAtomId::GetAtom
            ::MxString
              ::MxString
                ::MxCore
                  ::MxCore
            AtomSet
            AtomSet
          AtomSet
          ::MxString
            ::MxString
              ::MxCore
                ::MxCore
          AtomSet
          AtomSet
        AtomSet
        ::MxString
          ::MxString
            ::MxCore
              ::MxCore
        AtomSet
        AtomSet
        AtomSet
        MxAtomId::GetAtom
          ::MxString
            ::MxString
              ::MxCore
                ::MxCore
          AtomSet
          AtomSet
        AtomSet
        ::MxString
          ::MxString
            ::MxCore
              ::MxCore
        AtomSet
        AtomSet
        MxDSMultiAction::SetAtomId
          ::MxCore
            ::MxCore
          AtomSet
          MxAtomId::GetAtom
            ::MxString
              ::MxString
                ::MxCore
                  ::MxCore
            AtomSet
            AtomSet
          AtomSet
          ::MxString
            ::MxString
              ::MxCore
                ::MxCore
          AtomSet
          AtomSet
        AtomSet
        ::MxString
          ::MxString
            ::MxCore
              ::MxCore
        AtomSet
        AtomSet
        AtomSet
        MxAtomId::GetAtom
          ::MxString
            ::MxString
              ::MxCore
                ::MxCore
          AtomSet
          AtomSet
        AtomSet
        ::MxString
          ::MxString
            ::MxCore
              ::MxCore
        AtomSet
        AtomSet
        MxDSMultiAction::SetAtomId
          ::MxCore
            ::MxCore
          AtomSet
          MxAtomId::GetAtom
            ::MxString
              ::MxString
                ::MxCore
                  ::MxCore
            AtomSet
            AtomSet
          AtomSet
          ::MxString
            ::MxString
              ::MxCore
                ::MxCore
          AtomSet
          AtomSet
        AtomSet
        ::MxString
          ::MxString
            ::MxCore
              ::MxCore
        AtomSet
        AtomSet
        AtomSet
        MxAtomId::GetAtom
          ::MxString
            ::MxString
              ::MxCore
                ::MxCore
          AtomSet
          AtomSet
        AtomSet
        ::MxString
          ::MxString
            ::MxCore
              ::MxCore
        AtomSet
        AtomSet
        MxDSMultiAction::SetAtomId
          ::MxCore
            ::MxCore
          AtomSet
          MxAtomId::GetAtom
            ::MxString
              ::MxString
                ::MxCore
                  ::MxCore
            AtomSet
            AtomSet
          AtomSet
          ::MxString
            ::MxString
              ::MxCore
                ::MxCore
          AtomSet
          AtomSet
        AtomSet
        ::MxString
          ::MxString
            ::MxCore
              ::MxCore
        AtomSet
        AtomSet
        AtomSet
        MxAtomId::GetAtom
          ::MxString
            ::MxString
              ::MxCore
                ::MxCore
          AtomSet
          AtomSet
        AtomSet
        ::MxString
          ::MxString
            ::MxCore
              ::MxCore
        AtomSet
        AtomSet
        MxDSMultiAction::SetAtomId
          ::MxCore
            ::MxCore
          AtomSet
          MxAtomId::GetAtom
            ::MxString
              ::MxString
                ::MxCore
                  ::MxCore
            AtomSet
            AtomSet
          AtomSet
          ::MxString
            ::MxString
              ::MxCore
                ::MxCore
          AtomSet
          AtomSet
        AtomSet
        ::MxString
          ::MxString
            ::MxCore
              ::MxCore
        AtomSet
        AtomSet
        AtomSet
        MxAtomId::GetAtom
          ::MxString
            ::MxString
              ::MxCore
                ::MxCore
          AtomSet
          AtomSet
        AtomSet
        ::MxString
          ::MxString
            ::MxCore
              ::MxCore
        AtomSet
        AtomSet
        MxDSMultiAction::SetAtomId
          ::MxCore
            ::MxCore
          AtomSet
          MxAtomId::GetAtom
            ::MxString
              ::MxString
                ::MxCore
                  ::MxCore
            AtomSet
            AtomSet
          AtomSet
          ::MxString
            ::MxString
              ::MxCore
                ::MxCore
          AtomSet
          AtomSet
        AtomSet
        ::MxString
          ::MxString
            ::MxCore
              ::MxCore
        AtomSet
        AtomSet
        AtomSet
        MxAtomId::GetAtom
          ::MxString
            ::MxString
              ::MxCore
                ::MxCore
          AtomSet
          AtomSet
        AtomSet
        ::MxString
          ::MxString
            ::MxCore
              ::MxCore
        AtomSet
        AtomSet
        MxDSMultiAction::SetAtomId
          ::MxCore
            ::MxCore
          AtomSet
          MxAtomId::GetAtom
            ::MxString
              ::MxString
                ::MxCore
                  ::MxCore
            AtomSet
            AtomSet
          AtomSet
          ::MxString
            ::MxString
              ::MxCore
                ::MxCore
          AtomSet
          AtomSet
        AtomSet
        ::MxString
          ::MxString
            ::MxCore
              ::MxCore
        AtomSet
        AtomSet
        AtomSet
        MxAtomId::GetAtom
          ::MxString
            ::MxString
              ::MxCore
                ::MxCore
          AtomSet
          AtomSet
        AtomSet
        ::MxString
          ::MxString
            ::MxCore
              ::MxCore
        AtomSet
        AtomSet
        MxDSMultiAction::SetAtomId
          ::MxCore
            ::MxCore
          AtomSet
          MxAtomId::GetAtom
            ::MxString
              ::MxString
                ::MxCore
                  ::MxCore
            AtomSet
            AtomSet
          AtomSet
          ::MxString
            ::MxString
              ::MxCore
                ::MxCore
          AtomSet
          AtomSet
        AtomSet
        ::MxString
          ::MxString
            ::MxCore
              ::MxCore
        AtomSet
        AtomSet
        AtomSet
        MxAtomId::GetAtom
          ::MxString
            ::MxString
              ::MxCore
                ::MxCore
          AtomSet
          AtomSet
        AtomSet
        ::MxString
          ::MxString
            ::MxCore
              ::MxCore
        AtomSet
        AtomSet
        MxDSMultiAction::SetAtomId
          ::MxCore
            ::MxCore
          AtomSet
          MxAtomId::GetAtom
            ::MxString
              ::MxString
                ::MxCore
                  ::MxCore
            AtomSet
            AtomSet
          AtomSet
          ::MxString
            ::MxString
              ::MxCore
                ::MxCore
          AtomSet
          AtomSet
        AtomSet
        ::MxString
          ::MxString
            ::MxCore
              ::MxCore
        AtomSet
        AtomSet
        AtomSet
        MxAtomId::GetAtom
          ::MxString
            ::MxString
              ::MxCore
                ::MxCore
          AtomSet
          AtomSet
        AtomSet
        ::MxString
          ::MxString
            ::MxCore
              ::MxCore
        AtomSet
        AtomSet
        MxDSMultiAction::SetAtomId
          ::MxCore
            ::MxCore
          AtomSet
          MxAtomId::GetAtom
            ::MxString
              ::MxString
                ::MxCore
                  ::MxCore
            AtomSet
            AtomSet
          AtomSet
          ::MxString
            ::MxString
              ::MxCore
                ::MxCore
          AtomSet
          AtomSet
        AtomSet
        ::MxString
          ::MxString
            ::MxCore
              ::MxCore
        AtomSet
        AtomSet
        AtomSet
        MxAtomId::GetAtom
          ::MxString
            ::MxString
              ::MxCore
                ::MxCore
          AtomSet
          AtomSet
        AtomSet
        ::MxString
          ::MxString
            ::MxCore
              ::MxCore
        AtomSet
        AtomSet
        MxDSMultiAction::SetAtomId
          ::MxCore
            ::MxCore
          AtomSet
          MxAtomId::GetAtom
            ::MxString
              ::MxString
                ::MxCore
                  ::MxCore
            AtomSet
            AtomSet
          AtomSet
          ::MxString
            ::MxString
              ::MxCore
                ::MxCore
          AtomSet
          AtomSet
        AtomSet
        ::MxString
          ::MxString
            ::MxCore
              ::MxCore
        AtomSet
        AtomSet
        AtomSet
        MxAtomId::GetAtom
          ::MxString
            ::MxString
              ::MxCore
                ::MxCore
          AtomSet
          AtomSet
        AtomSet
        ::MxString
          ::MxString
            ::MxCore
              ::MxCore
        AtomSet
        AtomSet
        MxDSMultiAction::SetAtomId
          ::MxCore
            ::MxCore
          AtomSet
          MxAtomId::GetAtom
            ::MxString
              ::MxString
                ::MxCore
                  ::MxCore
            AtomSet
            AtomSet
          AtomSet
          ::MxString
            ::MxString
              ::MxCore
                ::MxCore
          AtomSet
          AtomSet
        AtomSet
        ::MxString
          ::MxString
            ::MxCore
              ::MxCore
        AtomSet
        AtomSet
        AtomSet
        MxAtomId::GetAtom
          ::MxString
            ::MxString
              ::MxCore
                ::MxCore
          AtomSet
          AtomSet
        AtomSet
        ::MxString
          ::MxString
            ::MxCore
              ::MxCore
        AtomSet
        AtomSet
        MxDSMultiAction::SetAtomId
          ::MxCore
            ::MxCore
          AtomSet
          MxAtomId::GetAtom
            ::MxString
              ::MxString
                ::MxCore
                  ::MxCore
            AtomSet
            AtomSet
          AtomSet
          ::MxString
            ::MxString
              ::MxCore
                ::MxCore
          AtomSet
          AtomSet
        AtomSet
        ::MxString
          ::MxString
            ::MxCore
              ::MxCore
        AtomSet
        AtomSet
        AtomSet
        MxAtomId::GetAtom
          ::MxString
            ::MxString
              ::MxCore
                ::MxCore
          AtomSet
          AtomSet
        AtomSet
        ::MxString
          ::MxString
            ::MxCore
              ::MxCore
        AtomSet
        AtomSet
        AtomSet
        MxAtomId::GetAtom
          ::MxString
            ::MxString
              ::MxCore
                ::MxCore
          AtomSet
          AtomSet
        AtomSet
        ::MxString
          ::MxString
            ::MxCore
              ::MxCore
        AtomSet
        AtomSet
        AtomSet
        MxAtomId::GetAtom
          ::MxString
            ::MxString
              ::MxCore
                ::MxCore
          AtomSet
          AtomSet
        AtomSet
        ::MxString
          ::MxString
            ::MxCore
              ::MxCore
        AtomSet
        AtomSet
        AtomSet
        MxAtomId::GetAtom
          ::MxString
            ::MxString
              ::MxCore
                ::MxCore
          AtomSet
          AtomSet
        AtomSet
        ::MxString
          ::MxString
            ::MxCore
              ::MxCore
        AtomSet
        AtomSet
        AtomSet
        MxAtomId::GetAtom
          ::MxString
            ::MxString
              ::MxCore
                ::MxCore
          AtomSet
          AtomSet
        AtomSet
        ::MxString
          ::MxString
            ::MxCore
              ::MxCore
        AtomSet
        AtomSet
        AtomSet
        MxAtomId::GetAtom
          ::MxString
            ::MxString
              ::MxCore
                ::MxCore
          AtomSet
          AtomSet
        AtomSet
        ::MxString
          ::MxString
            ::MxCore
              ::MxCore
        AtomSet
        AtomSet
        AtomSet
        MxAtomId::GetAtom
          ::MxString
            ::MxString
              ::MxCore
                ::MxCore
          AtomSet
          AtomSet
        AtomSet
        ::MxString
          ::MxString
            ::MxCore
              ::MxCore
        AtomSet
        AtomSet
        AtomSet
        MxAtomId::GetAtom
          ::MxString
            ::MxString
              ::MxCore
                ::MxCore
          AtomSet
          AtomSet
        AtomSet
        ::MxString
          ::MxString
            ::MxCore
              ::MxCore
        AtomSet
        AtomSet
        AtomSet
        MxAtomId::GetAtom
          ::MxString
            ::MxString
              ::MxCore
                ::MxCore
          AtomSet
          AtomSet
        AtomSet
        ::MxString
          ::MxString
            ::MxCore
              ::MxCore
        AtomSet
        AtomSet
        AtomSet
        MxAtomId::GetAtom
          ::MxString
            ::MxString
              ::MxCore
                ::MxCore
          AtomSet
          AtomSet
        AtomSet
        ::MxString
          ::MxString
            ::MxCore
              ::MxCore
        AtomSet
        AtomSet
        AtomSet
        MxAtomId::GetAtom
          ::MxString
            ::MxString
              ::MxCore
                ::MxCore
          AtomSet
          AtomSet
        AtomSet
        ::MxString
          ::MxString
            ::MxCore
              ::MxCore
        AtomSet
        AtomSet
        AtomSet
        MxAtomId::GetAtom
          ::MxString
            ::MxString
              ::MxCore
                ::MxCore
          AtomSet
          AtomSet
        AtomSet
        ::MxString
          ::MxString
            ::MxCore
              ::MxCore
        AtomSet
        AtomSet
        AtomSet
        MxAtomId::GetAtom
          ::MxString
            ::MxString
              ::MxCore
                ::MxCore
          AtomSet
          AtomSet
        AtomSet
        ::MxString
          ::MxString
            ::MxCore
              ::MxCore
        AtomSet
        AtomSet
        AtomSet
        MxAtomId::GetAtom
          ::MxString
            ::MxString
              ::MxCore
                ::MxCore
          AtomSet
          AtomSet
        AtomSet
        ::MxString
          ::MxString
            ::MxCore
              ::MxCore
        AtomSet
        AtomSet
        AtomSet
        MxAtomId::GetAtom
          ::MxString
            ::MxString
              ::MxCore
                ::MxCore
          AtomSet
          AtomSet
        AtomSet
        ::MxString
          ::MxString
            ::MxCore
              ::MxCore
        AtomSet
        AtomSet
        AtomSet
        MxAtomId::GetAtom
          ::MxString
            ::MxString
              ::MxCore
                ::MxCore
          AtomSet
          AtomSet
        AtomSet
        ::MxString
          ::MxString
            ::MxCore
              ::MxCore
        AtomSet
        AtomSet
        AtomSet
        MxAtomId::GetAtom
          ::MxString
            ::MxString
              ::MxCore
                ::MxCore
          AtomSet
          AtomSet
        AtomSet
        ::MxString
          ::MxString
            ::MxCore
              ::MxCore
        AtomSet
        AtomSet
        AtomSet
        MxAtomId::GetAtom
          ::MxString
            ::MxString
              ::MxCore
                ::MxCore
          AtomSet
          AtomSet
        AtomSet
        ::MxString
          ::MxString
            ::MxCore
              ::MxCore
        AtomSet
        AtomSet
        AtomSet
        MxAtomId::GetAtom
          ::MxString
            ::MxString
              ::MxCore
                ::MxCore
          AtomSet
          AtomSet
        AtomSet
        ::MxString
          ::MxString
            ::MxCore
              ::MxCore
        AtomSet
        AtomSet
        AtomSet
        MxAtomId::GetAtom
          ::MxString
            ::MxString
              ::MxCore
                ::MxCore
          AtomSet
          AtomSet
        AtomSet
        ::MxString
          ::MxString
            ::MxCore
              ::MxCore
        AtomSet
        AtomSet
        AtomSet
        MxAtomId::GetAtom
          ::MxString
            ::MxString
              ::MxCore
                ::MxCore
          AtomSet
          AtomSet
        AtomSet
        ::MxString
          ::MxString
            ::MxCore
              ::MxCore
        AtomSet
        AtomSet
        AtomSet
        MxAtomId::GetAtom
          ::MxString
            ::MxString
              ::MxCore
                ::MxCore
          AtomSet
          AtomSet
        AtomSet
        ::MxString
          ::MxString
            ::MxCore
              ::MxCore
        AtomSet
        AtomSet
        AtomSet
        MxAtomId::GetAtom
          ::MxString
            ::MxString
              ::MxCore
                ::MxCore
          AtomSet
          AtomSet
        AtomSet
        ::MxString
          ::MxString
            ::MxCore
              ::MxCore
        AtomSet
        AtomSet
        AtomSet
        MxAtomId::GetAtom
          ::MxString
            ::MxString
              ::MxCore
                ::MxCore
          AtomSet
          AtomSet
        AtomSet
        ::MxString
          ::MxString
            ::MxCore
              ::MxCore
        AtomSet
        AtomSet
        AtomSet
        MxAtomId::GetAtom
          ::MxString
            ::MxString
              ::MxCore
                ::MxCore
          AtomSet
          AtomSet
        AtomSet
        ::MxString
          ::MxString
            ::MxCore
              ::MxCore
        AtomSet
        AtomSet
        AtomSet
        MxAtomId::GetAtom
          ::MxString
            ::MxString
              ::MxCore
                ::MxCore
          AtomSet
          AtomSet
        AtomSet
        ::MxString
          ::MxString
            ::MxCore
              ::MxCore
        AtomSet
        AtomSet
        AtomSet
        MxAtomId::GetAtom
          ::MxString
            ::MxString
              ::MxCore
                ::MxCore
          AtomSet
          AtomSet
        AtomSet
        ::MxString
          ::MxString
            ::MxCore
              ::MxCore
        AtomSet
        AtomSet
        AtomSet
        MxAtomId::GetAtom
          ::MxString
            ::MxString
              ::MxCore
                ::MxCore
          AtomSet
          AtomSet
        AtomSet
        ::MxString
          ::MxString
            ::MxCore
              ::MxCore
        AtomSet
        AtomSet
        AtomSet
        MxAtomId::GetAtom
          ::MxString
            ::MxString
              ::MxCore
                ::MxCore
          AtomSet
          AtomSet
        AtomSet
        ::MxString
          ::MxString
            ::MxCore
              ::MxCore
        AtomSet
        AtomSet
        AtomSet
        MxAtomId::GetAtom
          ::MxString
            ::MxString
              ::MxCore
                ::MxCore
          AtomSet
          AtomSet
        AtomSet
        ::MxString
          ::MxString
            ::MxCore
              ::MxCore
        AtomSet
        AtomSet
        AtomSet
        MxAtomId::GetAtom
          ::MxString
            ::MxString
              ::MxCore
                ::MxCore
          AtomSet
          AtomSet
        AtomSet
        ::MxString
          ::MxString
            ::MxCore
              ::MxCore
        AtomSet
        AtomSet
        AtomSet
        MxAtomId::GetAtom
          ::MxString
            ::MxString
              ::MxCore
                ::MxCore
          AtomSet
          AtomSet
        AtomSet
        ::MxString
          ::MxString
            ::MxCore
              ::MxCore
        AtomSet
        AtomSet
        AtomSet
        MxAtomId::GetAtom
          ::MxString
            ::MxString
              ::MxCore
                ::MxCore
          AtomSet
          AtomSet
        AtomSet
        ::MxString
          ::MxString
            ::MxCore
              ::MxCore
        AtomSet
        AtomSet
        AtomSet
        MxAtomId::GetAtom
          ::MxString
            ::MxString
              ::MxCore
                ::MxCore
          AtomSet
          AtomSet
        AtomSet
        ::MxString
          ::MxString
            ::MxCore
              ::MxCore
        AtomSet
        AtomSet
        AtomSet
        MxAtomId::GetAtom
          ::MxString
            ::MxString
              ::MxCore
                ::MxCore
          AtomSet
          AtomSet
        AtomSet
        ::MxString
          ::MxString
            ::MxCore
              ::MxCore
        AtomSet
        AtomSet
        AtomSet
        MxAtomId::GetAtom
          ::MxString
            ::MxString
              ::MxCore
                ::MxCore
          AtomSet
          AtomSet
        AtomSet
        ::MxString
          ::MxString
            ::MxCore
              ::MxCore
        AtomSet
        AtomSet
        AtomSet
        MxAtomId::GetAtom
          ::MxString
            ::MxString
              ::MxCore
                ::MxCore
          AtomSet
          AtomSet
        AtomSet
        ::MxString
          ::MxString
            ::MxCore
              ::MxCore
        AtomSet
        AtomSet
        AtomSet
        MxAtomId::GetAtom
          ::MxString
            ::MxString
              ::MxCore
                ::MxCore
          AtomSet
          AtomSet
        AtomSet
        ::MxString
          ::MxString
            ::MxCore
              ::MxCore
        AtomSet
        AtomSet
        AtomSet
        MxAtomId::GetAtom
          ::MxString
            ::MxString
              ::MxCore
                ::MxCore
          AtomSet
          AtomSet
        AtomSet
        ::MxString
          ::MxString
            ::MxCore
              ::MxCore
        AtomSet
        AtomSet
        AtomSet
        MxAtomId::GetAtom
          ::MxString
            ::MxString
              ::MxCore
                ::MxCore
          AtomSet
          AtomSet
        AtomSet
        ::MxString
          ::MxString
            ::MxCore
              ::MxCore
        AtomSet
        AtomSet
        AtomSet
        MxAtomId::GetAtom
          ::MxString
            ::MxString
              ::MxCore
                ::MxCore
          AtomSet
          AtomSet
        AtomSet
        ::MxString
          ::MxString
            ::MxCore
              ::MxCore
        AtomSet
        AtomSet
        AtomSet
        MxAtomId::GetAtom
          ::MxString
            ::MxString
              ::MxCore
                ::MxCore
          AtomSet
          AtomSet
        AtomSet
        ::MxString
          ::MxString
            ::MxCore
              ::MxCore
        AtomSet
        AtomSet
        AtomSet
        MxAtomId::GetAtom
          ::MxString
            ::MxString
              ::MxCore
                ::MxCore
          AtomSet
          AtomSet
        AtomSet
        ::MxString
          ::MxString
            ::MxCore
              ::MxCore
        AtomSet
        AtomSet
        AtomSet
        MxAtomId::GetAtom
          ::MxString
            ::MxString
              ::MxCore
                ::MxCore
          AtomSet
          AtomSet
        AtomSet
        ::MxString
          ::MxString
            ::MxCore
              ::MxCore
        AtomSet
        AtomSet
        AtomSet
        MxAtomId::GetAtom
          ::MxString
            ::MxString
              ::MxCore
                ::MxCore
          AtomSet
          AtomSet
        AtomSet
        ::MxString
          ::MxString
            ::MxCore
              ::MxCore
        AtomSet
        AtomSet
        AtomSet
        MxAtomId::GetAtom
          ::MxString
            ::MxString
              ::MxCore
                ::MxCore
          AtomSet
          AtomSet
        AtomSet
        ::MxString
          ::MxString
            ::MxCore
              ::MxCore
        AtomSet
        AtomSet
        AtomSet
        MxAtomId::GetAtom
          ::MxString
            ::MxString
              ::MxCore
                ::MxCore
          AtomSet
          AtomSet
        AtomSet
        ::MxString
          ::MxString
            ::MxCore
              ::MxCore
        AtomSet
        AtomSet
        AtomSet
        MxAtomId::GetAtom
          ::MxString
            ::MxString
              ::MxCore
                ::MxCore
          AtomSet
          AtomSet
        AtomSet
        ::MxString
          ::MxString
            ::MxCore
              ::MxCore
        AtomSet
        AtomSet
        AtomSet
        MxAtomId::GetAtom
          ::MxString
            ::MxString
              ::MxCore
                ::MxCore
          AtomSet
          AtomSet
        AtomSet
        ::MxString
          ::MxString
            ::MxCore
              ::MxCore
        AtomSet
        AtomSet
        AtomSet
        MxAtomId::GetAtom
          ::MxString
            ::MxString
              ::MxCore
                ::MxCore
          AtomSet
          AtomSet
        AtomSet
        ::MxString
          ::MxString
            ::MxCore
              ::MxCore
        AtomSet
        AtomSet
        AtomSet
        MxAtomId::GetAtom
          ::MxString
            ::MxString
              ::MxCore
                ::MxCore
          AtomSet
          AtomSet
        AtomSet
        ::MxString
          ::MxString
            ::MxCore
              ::MxCore
        AtomSet
        AtomSet
        AtomSet
        MxAtomId::GetAtom
          ::MxString
            ::MxString
              ::MxCore
                ::MxCore
          AtomSet
          AtomSet
        AtomSet
        ::MxString
          ::MxString
            ::MxCore
              ::MxCore
        AtomSet
        AtomSet
        AtomSet
        MxAtomId::GetAtom
          ::MxString
            ::MxString
              ::MxCore
                ::MxCore
          AtomSet
          AtomSet
        AtomSet
        ::MxString
          ::MxString
            ::MxCore
              ::MxCore
        AtomSet
        AtomSet
        AtomSet
        MxAtomId::GetAtom
          ::MxString
            ::MxString
              ::MxCore
                ::MxCore
          AtomSet
          AtomSet
        AtomSet
        ::MxString
          ::MxString
            ::MxCore
              ::MxCore
        AtomSet
        AtomSet
        AtomSet
        MxAtomId::GetAtom
          ::MxString
            ::MxString
              ::MxCore
                ::MxCore
          AtomSet
          AtomSet
        AtomSet
        ::MxString
          ::MxString
            ::MxCore
              ::MxCore
        AtomSet
        AtomSet
        AtomSet
        MxAtomId::GetAtom
          ::MxString
            ::MxString
              ::MxCore
                ::MxCore
          AtomSet
          AtomSet
        AtomSet
        ::MxString
          ::MxString
            ::MxCore
              ::MxCore
        AtomSet
        AtomSet
        AtomSet
        MxAtomId::GetAtom
          ::MxString
            ::MxString
              ::MxCore
                ::MxCore
          AtomSet
          AtomSet
        AtomSet
        ::MxString
          ::MxString
            ::MxCore
              ::MxCore
        AtomSet
        AtomSet
        AtomSet
        MxAtomId::GetAtom
          ::MxString
            ::MxString
              ::MxCore
                ::MxCore
          AtomSet
          AtomSet
        AtomSet
        ::MxString
          ::MxString
            ::MxCore
              ::MxCore
        AtomSet
        AtomSet
        AtomSet
        MxAtomId::GetAtom
          ::MxString
            ::MxString
              ::MxCore
                ::MxCore
          AtomSet
          AtomSet
        AtomSet
        ::MxString
          ::MxString
            ::MxCore
              ::MxCore
        AtomSet
        AtomSet
        AtomSet
        MxAtomId::GetAtom
          ::MxString
            ::MxString
              ::MxCore
                ::MxCore
          AtomSet
          AtomSet
        AtomSet
        ::MxString
          ::MxString
            ::MxCore
              ::MxCore
        AtomSet
        AtomSet
        AtomSet
        MxAtomId::GetAtom
          ::MxString
            ::MxString
              ::MxCore
                ::MxCore
          AtomSet
          AtomSet
        AtomSet
        ::MxString
          ::MxString
            ::MxCore
              ::MxCore
        AtomSet
        AtomSet
        AtomSet
        MxAtomId::GetAtom
          ::MxString
            ::MxString
              ::MxCore
                ::MxCore
          AtomSet
          AtomSet
        AtomSet
        ::MxString
          ::MxString
            ::MxCore
              ::MxCore
        AtomSet
        AtomSet
        AtomSet
        MxAtomId::GetAtom
          ::MxString
            ::MxString
              ::MxCore
                ::MxCore
          AtomSet
          AtomSet
        AtomSet
        ::MxString
          ::MxString
            ::MxCore
              ::MxCore
        AtomSet
        AtomSet
        AtomSet
        MxAtomId::GetAtom
          ::MxString
            ::MxString
              ::MxCore
                ::MxCore
          AtomSet
          AtomSet
        AtomSet
        ::MxString
          ::MxString
            ::MxCore
              ::MxCore
        AtomSet
        AtomSet
        AtomSet
        MxAtomId::GetAtom
          ::MxString
            ::MxString
              ::MxCore
                ::MxCore
          AtomSet
          AtomSet
        AtomSet
        ::MxString
          ::MxString
            ::MxCore
              ::MxCore
        AtomSet
        AtomSet
        AtomSet
        MxAtomId::GetAtom
          ::MxString
            ::MxString
              ::MxCore
                ::MxCore
          AtomSet
          AtomSet
        AtomSet
        ::MxString
          ::MxString
            ::MxCore
              ::MxCore
        AtomSet
        AtomSet
        AtomSet
        MxAtomId::GetAtom
          ::MxString
            ::MxString
              ::MxCore
                ::MxCore
          AtomSet
          AtomSet
        AtomSet
        ::MxString
          ::MxString
            ::MxCore
              ::MxCore
        AtomSet
        AtomSet
        AtomSet
        MxAtomId::GetAtom
          ::MxString
            ::MxString
              ::MxCore
                ::MxCore
          AtomSet
          AtomSet
        AtomSet
        ::MxString
          ::MxString
            ::MxCore
              ::MxCore
        AtomSet
        AtomSet
        AtomSet
        MxAtomId::GetAtom
          ::MxString
            ::MxString
              ::MxCore
                ::MxCore
          AtomSet
          AtomSet
        AtomSet
        ::MxString
          ::MxString
            ::MxCore
              ::MxCore
        AtomSet
        AtomSet
        AtomSet
        MxAtomId::GetAtom
          ::MxString
            ::MxString
              ::MxCore
                ::MxCore
          AtomSet
          AtomSet
        AtomSet
        ::MxString
          ::MxString
            ::MxCore
              ::MxCore
        AtomSet
        AtomSet
        AtomSet
        MxAtomId::GetAtom
          ::MxString
            ::MxString
              ::MxCore
                ::MxCore
          AtomSet
          AtomSet
        AtomSet
        ::MxString
          ::MxString
            ::MxCore
              ::MxCore
        AtomSet
        AtomSet
        AtomSet
        MxAtomId::GetAtom
          ::MxString
            ::MxString
              ::MxCore
                ::MxCore
          AtomSet
          AtomSet
        AtomSet
        ::MxString
          ::MxString
            ::MxCore
              ::MxCore
        AtomSet
        AtomSet
        AtomSet
        MxAtomId::GetAtom
          ::MxString
            ::MxString
              ::MxCore
                ::MxCore
          AtomSet
          AtomSet
        AtomSet
        ::MxString
          ::MxString
            ::MxCore
              ::MxCore
        AtomSet
        AtomSet
        AtomSet
        MxAtomId::GetAtom
          ::MxString
            ::MxString
              ::MxCore
                ::MxCore
          AtomSet
          AtomSet
        AtomSet
        ::MxString
          ::MxString
            ::MxCore
              ::MxCore
        AtomSet
        AtomSet
        AtomSet
        MxAtomId::GetAtom
          ::MxString
            ::MxString
              ::MxCore
                ::MxCore
          AtomSet
          AtomSet
        AtomSet
        ::MxString
          ::MxString
            ::MxCore
              ::MxCore
        AtomSet
        AtomSet
        AtomSet
        MxAtomId::GetAtom
          ::MxString
            ::MxString
              ::MxCore
                ::MxCore
          AtomSet
          AtomSet
        AtomSet
        ::MxString
          ::MxString
            ::MxCore
              ::MxCore
        AtomSet
        AtomSet
        AtomSet
        MxAtomId::GetAtom
          ::MxString
            ::MxString
              ::MxCore
                ::MxCore
          AtomSet
          AtomSet
        AtomSet
        ::MxString
          ::MxString
            ::MxCore
              ::MxCore
        AtomSet
        AtomSet
        AtomSet
        MxAtomId::GetAtom
          ::MxString
            ::MxString
              ::MxCore
                ::MxCore
          AtomSet
          AtomSet
        AtomSet
        ::MxString
          ::MxString
            ::MxCore
              ::MxCore
        AtomSet
        AtomSet
        AtomSet
        MxAtomId::GetAtom
          ::MxString
            ::MxString
              ::MxCore
                ::MxCore
          AtomSet
          AtomSet
        AtomSet
        ::MxString
          ::MxString
            ::MxCore
              ::MxCore
        AtomSet
        AtomSet
        AtomSet
        MxAtomId::GetAtom
          ::MxString
            ::MxString
              ::MxCore
                ::MxCore
          AtomSet
          AtomSet
        AtomSet
        ::MxString
          ::MxString
            ::MxCore
              ::MxCore
        AtomSet
        AtomSet
        AtomSet
        MxAtomId::GetAtom
          ::MxString
            ::MxString
              ::MxCore
                ::MxCore
          AtomSet
          AtomSet
        AtomSet
        ::MxString
          ::MxString
            ::MxCore
              ::MxCore
        AtomSet
        AtomSet
        AtomSet
        MxAtomId::GetAtom
          ::MxString
            ::MxString
              ::MxCore
                ::MxCore
          AtomSet
          AtomSet
        AtomSet
        ::MxString
          ::MxString
            ::MxCore
              ::MxCore
        AtomSet
        AtomSet
        AtomSet
        MxAtomId::GetAtom
          ::MxString
            ::MxString
              ::MxCore
                ::MxCore
          AtomSet
          AtomSet
        AtomSet
        ::MxString
          ::MxString
            ::MxCore
              ::MxCore
        AtomSet
        AtomSet
        AtomSet
        MxAtomId::GetAtom
          ::MxString
            ::MxString
              ::MxCore
                ::MxCore
          AtomSet
          AtomSet
        AtomSet
        ::MxString
          ::MxString
            ::MxCore
              ::MxCore
        AtomSet
        AtomSet
        AtomSet
        MxAtomId::GetAtom
          ::MxString
            ::MxString
              ::MxCore
                ::MxCore
          AtomSet
          AtomSet
        AtomSet
        ::MxString
          ::MxString
            ::MxCore
              ::MxCore
        AtomSet
        AtomSet
        AtomSet
        MxAtomId::GetAtom
          ::MxString
            ::MxString
              ::MxCore
                ::MxCore
          AtomSet
          AtomSet
        AtomSet
        ::MxString
          ::MxString
            ::MxCore
              ::MxCore
        AtomSet
        AtomSet
        AtomSet
        MxAtomId::GetAtom
          ::MxString
            ::MxString
              ::MxCore
                ::MxCore
          AtomSet
          AtomSet
        AtomSet
        ::MxString
          ::MxString
            ::MxCore
              ::MxCore
        AtomSet
        AtomSet
        AtomSet
        MxAtomId::GetAtom
          ::MxString
            ::MxString
              ::MxCore
                ::MxCore
          AtomSet
          AtomSet
        AtomSet
        ::MxString
          ::MxString
            ::MxCore
              ::MxCore
        AtomSet
        AtomSet
        AtomSet
        MxAtomId::GetAtom
          ::MxString
            ::MxString
              ::MxCore
                ::MxCore
          AtomSet
          AtomSet
        AtomSet
        ::MxString
          ::MxString
            ::MxCore
              ::MxCore
        AtomSet
        AtomSet
        AtomSet
        MxAtomId::GetAtom
          ::MxString
            ::MxString
              ::MxCore
                ::MxCore
          AtomSet
          AtomSet
        AtomSet
        ::MxString
          ::MxString
            ::MxCore
              ::MxCore
        AtomSet
        AtomSet
        AtomSet
        MxAtomId::GetAtom
          ::MxString
            ::MxString
              ::MxCore
                ::MxCore
          AtomSet
          AtomSet
        AtomSet
        ::MxString
          ::MxString
            ::MxCore
              ::MxCore
        AtomSet
        AtomSet
        AtomSet
        MxAtomId::GetAtom
          ::MxString
            ::MxString
              ::MxCore
                ::MxCore
          AtomSet
          AtomSet
        AtomSet
        ::MxString
          ::MxString
            ::MxCore
              ::MxCore
        AtomSet
        AtomSet
        AtomSet
        MxAtomId::GetAtom
          ::MxString
            ::MxString
              ::MxCore
                ::MxCore
          AtomSet
          AtomSet
        AtomSet
        ::MxString
          ::MxString
            ::MxCore
              ::MxCore
        AtomSet
        AtomSet
        AtomSet
        MxAtomId::GetAtom
          ::MxString
            ::MxString
              ::MxCore
                ::MxCore
          AtomSet
          AtomSet
        AtomSet
        ::MxString
          ::MxString
            ::MxCore
              ::MxCore
        AtomSet
        AtomSet
        AtomSet
        MxAtomId::GetAtom
          ::MxString
            ::MxString
              ::MxCore
                ::MxCore
          AtomSet
          AtomSet
        AtomSet
        ::MxString
          ::MxString
            ::MxCore
              ::MxCore
        AtomSet
        AtomSet
        AtomSet
        MxAtomId::GetAtom
          ::MxString
            ::MxString
              ::MxCore
                ::MxCore
          AtomSet
          AtomSet
        AtomSet
        ::MxString
          ::MxString
            ::MxCore
              ::MxCore
        AtomSet
        AtomSet
        AtomSet
        MxAtomId::GetAtom
          ::MxString
            ::MxString
              ::MxCore
                ::MxCore
          AtomSet
          AtomSet
        AtomSet
        ::MxString
          ::MxString
            ::MxCore
              ::MxCore
        AtomSet
        AtomSet
        AtomSet
        MxAtomId::GetAtom
          ::MxString
            ::MxString
              ::MxCore
                ::MxCore
          AtomSet
          AtomSet
        AtomSet
        ::MxString
          ::MxString
            ::MxCore
              ::MxCore
        AtomSet
        AtomSet
        AtomSet
        MxAtomId::GetAtom
          ::MxString
            ::MxString
              ::MxCore
                ::MxCore
          AtomSet
          AtomSet
        AtomSet
        ::MxString
          ::MxString
            ::MxCore
              ::MxCore
        AtomSet
        AtomSet
        AtomSet
        MxAtomId::GetAtom
          ::MxString
            ::MxString
              ::MxCore
                ::MxCore
          AtomSet
          AtomSet
        AtomSet
        ::MxString
          ::MxString
            ::MxCore
              ::MxCore
        AtomSet
        AtomSet
        AtomSet
        MxAtomId::GetAtom
          ::MxString
            ::MxString
              ::MxCore
                ::MxCore
          AtomSet
          AtomSet
        AtomSet
        ::MxString
          ::MxString
            ::MxCore
              ::MxCore
        AtomSet
        AtomSet
        AtomSet
        MxAtomId::GetAtom
          ::MxString
            ::MxString
              ::MxCore
                ::MxCore
          AtomSet
          AtomSet
        AtomSet
        ::MxString
          ::MxString
            ::MxCore
              ::MxCore
        AtomSet
        AtomSet
        AtomSet
        MxAtomId::GetAtom
          ::MxString
            ::MxString
              ::MxCore
                ::MxCore
          AtomSet
          AtomSet
        AtomSet
        ::MxString
          ::MxString
            ::MxCore
              ::MxCore
        AtomSet
        AtomSet
        AtomSet
        MxAtomId::GetAtom
          ::MxString
            ::MxString
              ::MxCore
                ::MxCore
          AtomSet
          AtomSet
        AtomSet
        ::MxString
          ::MxString
            ::MxCore
              ::MxCore
        AtomSet
        AtomSet
        AtomSet
        MxAtomId::GetAtom
          ::MxString
            ::MxString
              ::MxCore
                ::MxCore
          AtomSet
          AtomSet
        AtomSet
        ::MxString
          ::MxString
            ::MxCore
              ::MxCore
        AtomSet
        AtomSet
        AtomSet
        MxAtomId::GetAtom
          ::MxString
            ::MxString
              ::MxCore
                ::MxCore
          AtomSet
          AtomSet
        AtomSet
        ::MxString
          ::MxString
            ::MxCore
              ::MxCore
        AtomSet
        AtomSet
      AtomSet
      ::MxString
        ::MxString
          ::MxCore
            ::MxCore
      AtomSet
      AtomSet
      MxDSMultiAction::SetUnknown90
        ::MxCore
          ::MxCore
        MxDSMultiAction::SetUnknown90
          ::MxCore
            ::MxCore
        MxDSMultiAction::SetUnknown90
          ::MxCore
            ::MxCore
        MxDSMultiAction::SetUnknown90
          ::MxCore
            ::MxCore
        MxDSMultiAction::SetUnknown90
          ::MxCore
            ::MxCore
        MxDSMultiAction::SetUnknown90
          ::MxCore
            ::MxCore
        MxDSMultiAction::SetUnknown90
          ::MxCore
            ::MxCore
        MxDSMultiAction::SetUnknown90
          ::MxCore
            ::MxCore
        MxDSMultiAction::SetUnknown90
          ::MxCore
            ::MxCore
        MxDSMultiAction::SetUnknown90
          ::MxCore
            ::MxCore
        MxDSMultiAction::SetUnknown90
          ::MxCore
            ::MxCore
        MxDSMultiAction::SetUnknown90
          ::MxCore
            ::MxCore
        MxDSMultiAction::SetUnknown90
          ::MxCore
            ::MxCore
        MxDSMultiAction::SetUnknown90
          ::MxCore
            ::MxCore
        MxDSMultiAction::SetUnknown90
          ::MxCore
            ::MxCore
        MxDSMultiAction::SetUnknown90
          ::MxCore
            ::MxCore
        MxDSMultiAction::SetUnknown90
          ::MxCore
            ::MxCore
        MxDSMultiAction::SetUnknown90
          ::MxCore
            ::MxCore
      MxDSMultiAction::MergeFrom
        ::MxCore
          ::MxCore
        MxDSMultiAction::MergeFrom
          ::MxCore
            ::MxCore
        MxDSMultiAction::MergeFrom
          ::MxCore
            ::MxCore
        MxDSMultiAction::MergeFrom
          ::MxCore
            ::MxCore
        MxDSMultiAction::MergeFrom
          ::MxCore
            ::MxCore
        MxDSMultiAction::MergeFrom
          ::MxCore
            ::MxCore
        MxDSMultiAction::MergeFrom
          ::MxCore
            ::MxCore
        MxDSMultiAction::MergeFrom
          ::MxCore
            ::MxCore
        MxDSMultiAction::MergeFrom
          ::MxCore
            ::MxCore
        MxDSMultiAction::MergeFrom
          ::MxCore
            ::MxCore
        MxDSMultiAction::MergeFrom
          ::MxCore
            ::MxCore
        MxDSMultiAction::MergeFrom
          ::MxCore
            ::MxCore
        MxDSMultiAction::MergeFrom
          ::MxCore
            ::MxCore
        MxDSMultiAction::MergeFrom
          ::MxCore
            ::MxCore
        MxDSMultiAction::MergeFrom
          ::MxCore
            ::MxCore
        MxDSMultiAction::MergeFrom
          ::MxCore
            ::MxCore
        MxDSMultiAction::MergeFrom
          ::MxCore
            ::MxCore
        MxDSMultiAction::MergeFrom
          ::MxCore
            ::MxCore
      ::MxDSSerialAction
        ::MxDSSerialAction
          ::MxDSMultiAction
            ::MxDSMultiAction
              ::MxDSAction
                ::MxDSAction
                  ::MxDSObject
                    ::MxDSObject
                      ::MxCore
                        ::MxCore
                      ::MxDSObject
              ::MxDSMultiAction
                ::MxCore
                  ::MxCore
          ::MxDSSerialAction
            ::MxCore
              ::MxCore
      AtomSet
      MxAtomId::GetAtom
        ::MxString
          ::MxString
            ::MxCore
              ::MxCore
        AtomSet
        AtomSet
      MxDSMultiAction::CopyFrom
        ::MxCore
          ::MxCore
        ::MxDSObjectAction
          ::MxDSObjectAction
            ::MxDSMediaAction
              ::MxDSMediaAction
                ::MxDSAction
                  ::MxDSAction
                    ::MxDSObject
                      ::MxDSObject
                        ::MxCore
                          ::MxCore
                        ::MxDSObject
        AtomSet
        MxAtomId::GetAtom
          ::MxString
            ::MxString
              ::MxCore
                ::MxCore
          AtomSet
          AtomSet
        ::MxDSParallelAction
          ::MxDSParallelAction
            ::MxDSMultiAction
              ::MxDSMultiAction
                ::MxDSAction
                  ::MxDSAction
                    ::MxDSObject
                      ::MxDSObject
                        ::MxCore
                          ::MxCore
                        ::MxDSObject
                ::MxDSMultiAction
                  ::MxCore
                    ::MxCore
        AtomSet
        MxAtomId::GetAtom
          ::MxString
            ::MxString
              ::MxCore
                ::MxCore
          AtomSet
          AtomSet
        MxDSMultiAction::CopyFrom
          ::MxCore
            ::MxCore
          ::MxDSObjectAction
            ::MxDSObjectAction
              ::MxDSMediaAction
                ::MxDSMediaAction
                  ::MxDSAction
                    ::MxDSAction
                      ::MxDSObject
                        ::MxDSObject
                          ::MxCore
                            ::MxCore
                          ::MxDSObject
          AtomSet
          MxAtomId::GetAtom
            ::MxString
              ::MxString
                ::MxCore
                  ::MxCore
            AtomSet
            AtomSet
        ::MxDSParallelAction
          ::MxDSParallelAction
            ::MxDSMultiAction
              ::MxDSMultiAction
                ::MxDSAction
                  ::MxDSAction
                    ::MxDSObject
                      ::MxDSObject
                        ::MxCore
                          ::MxCore
                        ::MxDSObject
                ::MxDSMultiAction
                  ::MxCore
                    ::MxCore
        AtomSet
        MxAtomId::GetAtom
          ::MxString
            ::MxString
              ::MxCore
                ::MxCore
          AtomSet
          AtomSet
        MxDSMultiAction::CopyFrom
          ::MxCore
            ::MxCore
          ::MxDSObjectAction
            ::MxDSObjectAction
              ::MxDSMediaAction
                ::MxDSMediaAction
                  ::MxDSAction
                    ::MxDSAction
                      ::MxDSObject
                        ::MxDSObject
                          ::MxCore
                            ::MxCore
                          ::MxDSObject
          AtomSet
          MxAtomId::GetAtom
            ::MxString
              ::MxString
                ::MxCore
                  ::MxCore
            AtomSet
            AtomSet
        ::MxDSParallelAction
          ::MxDSParallelAction
            ::MxDSMultiAction
              ::MxDSMultiAction
                ::MxDSAction
                  ::MxDSAction
                    ::MxDSObject
                      ::MxDSObject
                        ::MxCore
                          ::MxCore
                        ::MxDSObject
                ::MxDSMultiAction
                  ::MxCore
                    ::MxCore
        AtomSet
        MxAtomId::GetAtom
          ::MxString
            ::MxString
              ::MxCore
                ::MxCore
          AtomSet
          AtomSet
        MxDSMultiAction::CopyFrom
          ::MxCore
            ::MxCore
          ::MxDSObjectAction
            ::MxDSObjectAction
              ::MxDSMediaAction
                ::MxDSMediaAction
                  ::MxDSAction
                    ::MxDSAction
                      ::MxDSObject
                        ::MxDSObject
                          ::MxCore
                            ::MxCore
                          ::MxDSObject
          AtomSet
          MxAtomId::GetAtom
            ::MxString
              ::MxString
                ::MxCore
                  ::MxCore
            AtomSet
            AtomSet
        ::MxDSParallelAction
          ::MxDSParallelAction
            ::MxDSMultiAction
              ::MxDSMultiAction
                ::MxDSAction
                  ::MxDSAction
                    ::MxDSObject
                      ::MxDSObject
                        ::MxCore
                          ::MxCore
                        ::MxDSObject
                ::MxDSMultiAction
                  ::MxCore
                    ::MxCore
        AtomSet
        MxAtomId::GetAtom
          ::MxString
            ::MxString
              ::MxCore
                ::MxCore
          AtomSet
          AtomSet
        MxDSMultiAction::CopyFrom
          ::MxCore
            ::MxCore
          ::MxDSObjectAction
            ::MxDSObjectAction
              ::MxDSMediaAction
                ::MxDSMediaAction
                  ::MxDSAction
                    ::MxDSAction
                      ::MxDSObject
                        ::MxDSObject
                          ::MxCore
                            ::MxCore
                          ::MxDSObject
          AtomSet
          MxAtomId::GetAtom
            ::MxString
              ::MxString
                ::MxCore
                  ::MxCore
            AtomSet
            AtomSet
        ::MxDSParallelAction
          ::MxDSParallelAction
            ::MxDSMultiAction
              ::MxDSMultiAction
                ::MxDSAction
                  ::MxDSAction
                    ::MxDSObject
                      ::MxDSObject
                        ::MxCore
                          ::MxCore
                        ::MxDSObject
                ::MxDSMultiAction
                  ::MxCore
                    ::MxCore
        AtomSet
        MxAtomId::GetAtom
          ::MxString
            ::MxString
              ::MxCore
                ::MxCore
          AtomSet
          AtomSet
        MxDSMultiAction::CopyFrom
          ::MxCore
            ::MxCore
          ::MxDSObjectAction
            ::MxDSObjectAction
              ::MxDSMediaAction
                ::MxDSMediaAction
                  ::MxDSAction
                    ::MxDSAction
                      ::MxDSObject
                        ::MxDSObject
                          ::MxCore
                            ::MxCore
                          ::MxDSObject
          AtomSet
          MxAtomId::GetAtom
            ::MxString
              ::MxString
                ::MxCore
                  ::MxCore
            AtomSet
            AtomSet
        ::MxDSParallelAction
          ::MxDSParallelAction
            ::MxDSMultiAction
              ::MxDSMultiAction
                ::MxDSAction
                  ::MxDSAction
                    ::MxDSObject
                      ::MxDSObject
                        ::MxCore
                          ::MxCore
                        ::MxDSObject
                ::MxDSMultiAction
                  ::MxCore
                    ::MxCore
        AtomSet
        MxAtomId::GetAtom
          ::MxString
            ::MxString
              ::MxCore
                ::MxCore
          AtomSet
          AtomSet
        MxDSMultiAction::CopyFrom
          ::MxCore
            ::MxCore
          ::MxDSObjectAction
            ::MxDSObjectAction
              ::MxDSMediaAction
                ::MxDSMediaAction
                  ::MxDSAction
                    ::MxDSAction
                      ::MxDSObject
                        ::MxDSObject
                          ::MxCore
                            ::MxCore
                          ::MxDSObject
          AtomSet
          MxAtomId::GetAtom
            ::MxString
              ::MxString
                ::MxCore
                  ::MxCore
            AtomSet
            AtomSet
        ::MxDSParallelAction
          ::MxDSParallelAction
            ::MxDSMultiAction
              ::MxDSMultiAction
                ::MxDSAction
                  ::MxDSAction
                    ::MxDSObject
                      ::MxDSObject
                        ::MxCore
                          ::MxCore
                        ::MxDSObject
                ::MxDSMultiAction
                  ::MxCore
                    ::MxCore
        AtomSet
        MxAtomId::GetAtom
          ::MxString
            ::MxString
              ::MxCore
                ::MxCore
          AtomSet
          AtomSet
        MxDSMultiAction::CopyFrom
          ::MxCore
            ::MxCore
          ::MxDSObjectAction
            ::MxDSObjectAction
              ::MxDSMediaAction
                ::MxDSMediaAction
                  ::MxDSAction
                    ::MxDSAction
                      ::MxDSObject
                        ::MxDSObject
                          ::MxCore
                            ::MxCore
                          ::MxDSObject
          AtomSet
          MxAtomId::GetAtom
            ::MxString
              ::MxString
                ::MxCore
                  ::MxCore
            AtomSet
            AtomSet
        ::MxDSParallelAction
          ::MxDSParallelAction
            ::MxDSMultiAction
              ::MxDSMultiAction
                ::MxDSAction
                  ::MxDSAction
                    ::MxDSObject
                      ::MxDSObject
                        ::MxCore
                          ::MxCore
                        ::MxDSObject
                ::MxDSMultiAction
                  ::MxCore
                    ::MxCore
        AtomSet
        MxAtomId::GetAtom
          ::MxString
            ::MxString
              ::MxCore
                ::MxCore
          AtomSet
          AtomSet
        MxDSMultiAction::CopyFrom
          ::MxCore
            ::MxCore
          ::MxDSObjectAction
            ::MxDSObjectAction
              ::MxDSMediaAction
                ::MxDSMediaAction
                  ::MxDSAction
                    ::MxDSAction
                      ::MxDSObject
                        ::MxDSObject
                          ::MxCore
                            ::MxCore
                          ::MxDSObject
          AtomSet
          MxAtomId::GetAtom
            ::MxString
              ::MxString
                ::MxCore
                  ::MxCore
            AtomSet
            AtomSet
        ::MxDSParallelAction
          ::MxDSParallelAction
            ::MxDSMultiAction
              ::MxDSMultiAction
                ::MxDSAction
                  ::MxDSAction
                    ::MxDSObject
                      ::MxDSObject
                        ::MxCore
                          ::MxCore
                        ::MxDSObject
                ::MxDSMultiAction
                  ::MxCore
                    ::MxCore
        AtomSet
        MxAtomId::GetAtom
          ::MxString
            ::MxString
              ::MxCore
                ::MxCore
          AtomSet
          AtomSet
        MxDSMultiAction::CopyFrom
          ::MxCore
            ::MxCore
          ::MxDSObjectAction
            ::MxDSObjectAction
              ::MxDSMediaAction
                ::MxDSMediaAction
                  ::MxDSAction
                    ::MxDSAction
                      ::MxDSObject
                        ::MxDSObject
                          ::MxCore
                            ::MxCore
                          ::MxDSObject
          AtomSet
          MxAtomId::GetAtom
            ::MxString
              ::MxString
                ::MxCore
                  ::MxCore
            AtomSet
            AtomSet
        ::MxDSParallelAction
          ::MxDSParallelAction
            ::MxDSMultiAction
              ::MxDSMultiAction
                ::MxDSAction
                  ::MxDSAction
                    ::MxDSObject
                      ::MxDSObject
                        ::MxCore
                          ::MxCore
                        ::MxDSObject
                ::MxDSMultiAction
                  ::MxCore
                    ::MxCore
        AtomSet
        MxAtomId::GetAtom
          ::MxString
            ::MxString
              ::MxCore
                ::MxCore
          AtomSet
          AtomSet
        MxDSMultiAction::CopyFrom
          ::MxCore
            ::MxCore
          ::MxDSObjectAction
            ::MxDSObjectAction
              ::MxDSMediaAction
                ::MxDSMediaAction
                  ::MxDSAction
                    ::MxDSAction
                      ::MxDSObject
                        ::MxDSObject
                          ::MxCore
                            ::MxCore
                          ::MxDSObject
          AtomSet
          MxAtomId::GetAtom
            ::MxString
              ::MxString
                ::MxCore
                  ::MxCore
            AtomSet
            AtomSet
        ::MxDSParallelAction
          ::MxDSParallelAction
            ::MxDSMultiAction
              ::MxDSMultiAction
                ::MxDSAction
                  ::MxDSAction
                    ::MxDSObject
                      ::MxDSObject
                        ::MxCore
                          ::MxCore
                        ::MxDSObject
                ::MxDSMultiAction
                  ::MxCore
                    ::MxCore
        AtomSet
        MxAtomId::GetAtom
          ::MxString
            ::MxString
              ::MxCore
                ::MxCore
          AtomSet
          AtomSet
        MxDSMultiAction::CopyFrom
          ::MxCore
            ::MxCore
          ::MxDSObjectAction
            ::MxDSObjectAction
              ::MxDSMediaAction
                ::MxDSMediaAction
                  ::MxDSAction
                    ::MxDSAction
                      ::MxDSObject
                        ::MxDSObject
                          ::MxCore
                            ::MxCore
                          ::MxDSObject
          AtomSet
          MxAtomId::GetAtom
            ::MxString
              ::MxString
                ::MxCore
                  ::MxCore
            AtomSet
            AtomSet
        ::MxDSParallelAction
          ::MxDSParallelAction
            ::MxDSMultiAction
              ::MxDSMultiAction
                ::MxDSAction
                  ::MxDSAction
                    ::MxDSObject
                      ::MxDSObject
                        ::MxCore
                          ::MxCore
                        ::MxDSObject
                ::MxDSMultiAction
                  ::MxCore
                    ::MxCore
        AtomSet
        MxAtomId::GetAtom
          ::MxString
            ::MxString
              ::MxCore
                ::MxCore
          AtomSet
          AtomSet
        MxDSMultiAction::CopyFrom
          ::MxCore
            ::MxCore
          ::MxDSObjectAction
            ::MxDSObjectAction
              ::MxDSMediaAction
                ::MxDSMediaAction
                  ::MxDSAction
                    ::MxDSAction
                      ::MxDSObject
                        ::MxDSObject
                          ::MxCore
                            ::MxCore
                          ::MxDSObject
          AtomSet
          MxAtomId::GetAtom
            ::MxString
              ::MxString
                ::MxCore
                  ::MxCore
            AtomSet
            AtomSet
        ::MxDSParallelAction
          ::MxDSParallelAction
            ::MxDSMultiAction
              ::MxDSMultiAction
                ::MxDSAction
                  ::MxDSAction
                    ::MxDSObject
                      ::MxDSObject
                        ::MxCore
                          ::MxCore
                        ::MxDSObject
                ::MxDSMultiAction
                  ::MxCore
                    ::MxCore
        AtomSet
        MxAtomId::GetAtom
          ::MxString
            ::MxString
              ::MxCore
                ::MxCore
          AtomSet
          AtomSet
        MxDSMultiAction::CopyFrom
          ::MxCore
            ::MxCore
          ::MxDSObjectAction
            ::MxDSObjectAction
              ::MxDSMediaAction
                ::MxDSMediaAction
                  ::MxDSAction
                    ::MxDSAction
                      ::MxDSObject
                        ::MxDSObject
                          ::MxCore
                            ::MxCore
                          ::MxDSObject
          AtomSet
          MxAtomId::GetAtom
            ::MxString
              ::MxString
                ::MxCore
                  ::MxCore
            AtomSet
            AtomSet
        ::MxDSParallelAction
          ::MxDSParallelAction
            ::MxDSMultiAction
              ::MxDSMultiAction
                ::MxDSAction
                  ::MxDSAction
                    ::MxDSObject
                      ::MxDSObject
                        ::MxCore
                          ::MxCore
                        ::MxDSObject
                ::MxDSMultiAction
                  ::MxCore
                    ::MxCore
        AtomSet
        MxAtomId::GetAtom
          ::MxString
            ::MxString
              ::MxCore
                ::MxCore
          AtomSet
          AtomSet
        MxDSMultiAction::CopyFrom
          ::MxCore
            ::MxCore
          ::MxDSObjectAction
            ::MxDSObjectAction
              ::MxDSMediaAction
                ::MxDSMediaAction
                  ::MxDSAction
                    ::MxDSAction
                      ::MxDSObject
                        ::MxDSObject
                          ::MxCore
                            ::MxCore
                          ::MxDSObject
          AtomSet
          MxAtomId::GetAtom
            ::MxString
              ::MxString
                ::MxCore
                  ::MxCore
            AtomSet
            AtomSet
        ::MxDSParallelAction
          ::MxDSParallelAction
            ::MxDSMultiAction
              ::MxDSMultiAction
                ::MxDSAction
                  ::MxDSAction
                    ::MxDSObject
                      ::MxDSObject
                        ::MxCore
                          ::MxCore
                        ::MxDSObject
                ::MxDSMultiAction
                  ::MxCore
                    ::MxCore
        AtomSet
        MxAtomId::GetAtom
          ::MxString
            ::MxString
              ::MxCore
                ::MxCore
          AtomSet
          AtomSet
        MxDSMultiAction::CopyFrom
          ::MxCore
            ::MxCore
          ::MxDSObjectAction
            ::MxDSObjectAction
              ::MxDSMediaAction
                ::MxDSMediaAction
                  ::MxDSAction
                    ::MxDSAction
                      ::MxDSObject
                        ::MxDSObject
                          ::MxCore
                            ::MxCore
                          ::MxDSObject
          AtomSet
          MxAtomId::GetAtom
            ::MxString
              ::MxString
                ::MxCore
                  ::MxCore
            AtomSet
            AtomSet
        ::MxDSParallelAction
          ::MxDSParallelAction
            ::MxDSMultiAction
              ::MxDSMultiAction
                ::MxDSAction
                  ::MxDSAction
                    ::MxDSObject
                      ::MxDSObject
                        ::MxCore
                          ::MxCore
                        ::MxDSObject
                ::MxDSMultiAction
                  ::MxCore
                    ::MxCore
        AtomSet
        MxAtomId::GetAtom
          ::MxString
            ::MxString
              ::MxCore
                ::MxCore
          AtomSet
          AtomSet
        MxDSMultiAction::CopyFrom
          ::MxCore
            ::MxCore
          ::MxDSObjectAction
            ::MxDSObjectAction
              ::MxDSMediaAction
                ::MxDSMediaAction
                  ::MxDSAction
                    ::MxDSAction
                      ::MxDSObject
                        ::MxDSObject
                          ::MxCore
                            ::MxCore
                          ::MxDSObject
          AtomSet
          MxAtomId::GetAtom
            ::MxString
              ::MxString
                ::MxCore
                  ::MxCore
            AtomSet
            AtomSet
        ::MxDSParallelAction
          ::MxDSParallelAction
            ::MxDSMultiAction
              ::MxDSMultiAction
                ::MxDSAction
                  ::MxDSAction
                    ::MxDSObject
                      ::MxDSObject
                        ::MxCore
                          ::MxCore
                        ::MxDSObject
                ::MxDSMultiAction
                  ::MxCore
                    ::MxCore
        AtomSet
        MxAtomId::GetAtom
          ::MxString
            ::MxString
              ::MxCore
                ::MxCore
          AtomSet
          AtomSet
        MxDSMultiAction::CopyFrom
          ::MxCore
            ::MxCore
          ::MxDSObjectAction
            ::MxDSObjectAction
              ::MxDSMediaAction
                ::MxDSMediaAction
                  ::MxDSAction
                    ::MxDSAction
                      ::MxDSObject
                        ::MxDSObject
                          ::MxCore
                            ::MxCore
                          ::MxDSObject
          AtomSet
          MxAtomId::GetAtom
            ::MxString
              ::MxString
                ::MxCore
                  ::MxCore
            AtomSet
            AtomSet
        ::MxDSSound
          ::MxDSSound
            ::MxDSMediaAction
              ::MxDSMediaAction
                ::MxDSAction
                  ::MxDSAction
                    ::MxDSObject
                      ::MxDSObject
                        ::MxCore
                          ::MxCore
                        ::MxDSObject
        AtomSet
        MxAtomId::GetAtom
          ::MxString
            ::MxString
              ::MxCore
                ::MxCore
          AtomSet
          AtomSet
        ::MxDSSound
          ::MxDSSound
            ::MxDSMediaAction
              ::MxDSMediaAction
                ::MxDSAction
                  ::MxDSAction
                    ::MxDSObject
                      ::MxDSObject
                        ::MxCore
                          ::MxCore
                        ::MxDSObject
        AtomSet
        MxAtomId::GetAtom
          ::MxString
            ::MxString
              ::MxCore
                ::MxCore
          AtomSet
          AtomSet
        ::MxDSObjectAction
          ::MxDSObjectAction
            ::MxDSMediaAction
              ::MxDSMediaAction
                ::MxDSAction
                  ::MxDSAction
                    ::MxDSObject
                      ::MxDSObject
                        ::MxCore
                          ::MxCore
                        ::MxDSObject
        AtomSet
        MxAtomId::GetAtom
          ::MxString
            ::MxString
              ::MxCore
                ::MxCore
          AtomSet
          AtomSet
        ::MxDSObjectAction
          ::MxDSObjectAction
            ::MxDSMediaAction
              ::MxDSMediaAction
                ::MxDSAction
                  ::MxDSAction
                    ::MxDSObject
                      ::MxDSObject
                        ::MxCore
                          ::MxCore
                        ::MxDSObject
        AtomSet
        MxAtomId::GetAtom
          ::MxString
            ::MxString
              ::MxCore
                ::MxCore
          AtomSet
          AtomSet
        ::MxDSObjectAction
          ::MxDSObjectAction
            ::MxDSMediaAction
              ::MxDSMediaAction
                ::MxDSAction
                  ::MxDSAction
                    ::MxDSObject
                      ::MxDSObject
                        ::MxCore
                          ::MxCore
                        ::MxDSObject
        AtomSet
        MxAtomId::GetAtom
          ::MxString
            ::MxString
              ::MxCore
                ::MxCore
          AtomSet
          AtomSet
        ::MxDSObjectAction
          ::MxDSObjectAction
            ::MxDSMediaAction
              ::MxDSMediaAction
                ::MxDSAction
                  ::MxDSAction
                    ::MxDSObject
                      ::MxDSObject
                        ::MxCore
                          ::MxCore
                        ::MxDSObject
        AtomSet
        MxAtomId::GetAtom
          ::MxString
            ::MxString
              ::MxCore
                ::MxCore
          AtomSet
          AtomSet
        ::MxDSObjectAction
          ::MxDSObjectAction
            ::MxDSMediaAction
              ::MxDSMediaAction
                ::MxDSAction
                  ::MxDSAction
                    ::MxDSObject
                      ::MxDSObject
                        ::MxCore
                          ::MxCore
                        ::MxDSObject
        AtomSet
        MxAtomId::GetAtom
          ::MxString
            ::MxString
              ::MxCore
                ::MxCore
          AtomSet
          AtomSet
        ::MxDSObjectAction
          ::MxDSObjectAction
            ::MxDSMediaAction
              ::MxDSMediaAction
                ::MxDSAction
                  ::MxDSAction
                    ::MxDSObject
                      ::MxDSObject
                        ::MxCore
                          ::MxCore
                        ::MxDSObject
        AtomSet
        MxAtomId::GetAtom
          ::MxString
            ::MxString
              ::MxCore
                ::MxCore
          AtomSet
          AtomSet
        ::MxDSObjectAction
          ::MxDSObjectAction
            ::MxDSMediaAction
              ::MxDSMediaAction
                ::MxDSAction
                  ::MxDSAction
                    ::MxDSObject
                      ::MxDSObject
                        ::MxCore
                          ::MxCore
                        ::MxDSObject
        AtomSet
        MxAtomId::GetAtom
          ::MxString
            ::MxString
              ::MxCore
                ::MxCore
          AtomSet
          AtomSet
        ::MxDSObjectAction
          ::MxDSObjectAction
            ::MxDSMediaAction
              ::MxDSMediaAction
                ::MxDSAction
                  ::MxDSAction
                    ::MxDSObject
                      ::MxDSObject
                        ::MxCore
                          ::MxCore
                        ::MxDSObject
        AtomSet
        MxAtomId::GetAtom
          ::MxString
            ::MxString
              ::MxCore
                ::MxCore
          AtomSet
          AtomSet
        ::MxDSObjectAction
          ::MxDSObjectAction
            ::MxDSMediaAction
              ::MxDSMediaAction
                ::MxDSAction
                  ::MxDSAction
                    ::MxDSObject
                      ::MxDSObject
                        ::MxCore
                          ::MxCore
                        ::MxDSObject
        AtomSet
        MxAtomId::GetAtom
          ::MxString
            ::MxString
              ::MxCore
                ::MxCore
          AtomSet
          AtomSet
        ::MxDSObjectAction
          ::MxDSObjectAction
            ::MxDSMediaAction
              ::MxDSMediaAction
                ::MxDSAction
                  ::MxDSAction
                    ::MxDSObject
                      ::MxDSObject
                        ::MxCore
                          ::MxCore
                        ::MxDSObject
        AtomSet
        MxAtomId::GetAtom
          ::MxString
            ::MxString
              ::MxCore
                ::MxCore
          AtomSet
          AtomSet
        ::MxDSObjectAction
          ::MxDSObjectAction
            ::MxDSMediaAction
              ::MxDSMediaAction
                ::MxDSAction
                  ::MxDSAction
                    ::MxDSObject
                      ::MxDSObject
                        ::MxCore
                          ::MxCore
                        ::MxDSObject
        AtomSet
        MxAtomId::GetAtom
          ::MxString
            ::MxString
              ::MxCore
                ::MxCore
          AtomSet
          AtomSet
        ::MxDSObjectAction
          ::MxDSObjectAction
            ::MxDSMediaAction
              ::MxDSMediaAction
                ::MxDSAction
                  ::MxDSAction
                    ::MxDSObject
                      ::MxDSObject
                        ::MxCore
                          ::MxCore
                        ::MxDSObject
        AtomSet
        MxAtomId::GetAtom
          ::MxString
            ::MxString
              ::MxCore
                ::MxCore
          AtomSet
          AtomSet
        ::MxDSObjectAction
          ::MxDSObjectAction
            ::MxDSMediaAction
              ::MxDSMediaAction
                ::MxDSAction
                  ::MxDSAction
                    ::MxDSObject
                      ::MxDSObject
                        ::MxCore
                          ::MxCore
                        ::MxDSObject
        AtomSet
        MxAtomId::GetAtom
          ::MxString
            ::MxString
              ::MxCore
                ::MxCore
          AtomSet
          AtomSet
        ::MxDSObjectAction
          ::MxDSObjectAction
            ::MxDSMediaAction
              ::MxDSMediaAction
                ::MxDSAction
                  ::MxDSAction
                    ::MxDSObject
                      ::MxDSObject
                        ::MxCore
                          ::MxCore
                        ::MxDSObject
        AtomSet
        MxAtomId::GetAtom
          ::MxString
            ::MxString
              ::MxCore
                ::MxCore
          AtomSet
          AtomSet
        ::MxDSObjectAction
          ::MxDSObjectAction
            ::MxDSMediaAction
              ::MxDSMediaAction
                ::MxDSAction
                  ::MxDSAction
                    ::MxDSObject
                      ::MxDSObject
                        ::MxCore
                          ::MxCore
                        ::MxDSObject
        AtomSet
        MxAtomId::GetAtom
          ::MxString
            ::MxString
              ::MxCore
                ::MxCore
          AtomSet
          AtomSet
        ::MxDSObjectAction
          ::MxDSObjectAction
            ::MxDSMediaAction
              ::MxDSMediaAction
                ::MxDSAction
                  ::MxDSAction
                    ::MxDSObject
                      ::MxDSObject
                        ::MxCore
                          ::MxCore
                        ::MxDSObject
        AtomSet
        MxAtomId::GetAtom
          ::MxString
            ::MxString
              ::MxCore
                ::MxCore
          AtomSet
          AtomSet
        ::MxDSObjectAction
          ::MxDSObjectAction
            ::MxDSMediaAction
              ::MxDSMediaAction
                ::MxDSAction
                  ::MxDSAction
                    ::MxDSObject
                      ::MxDSObject
                        ::MxCore
                          ::MxCore
                        ::MxDSObject
        AtomSet
        MxAtomId::GetAtom
          ::MxString
            ::MxString
              ::MxCore
                ::MxCore
          AtomSet
          AtomSet
        ::MxDSObjectAction
          ::MxDSObjectAction
            ::MxDSMediaAction
              ::MxDSMediaAction
                ::MxDSAction
                  ::MxDSAction
                    ::MxDSObject
                      ::MxDSObject
                        ::MxCore
                          ::MxCore
                        ::MxDSObject
        AtomSet
        MxAtomId::GetAtom
          ::MxString
            ::MxString
              ::MxCore
                ::MxCore
          AtomSet
          AtomSet
        ::MxDSObjectAction
          ::MxDSObjectAction
            ::MxDSMediaAction
              ::MxDSMediaAction
                ::MxDSAction
                  ::MxDSAction
                    ::MxDSObject
                      ::MxDSObject
                        ::MxCore
                          ::MxCore
                        ::MxDSObject
        AtomSet
        MxAtomId::GetAtom
          ::MxString
            ::MxString
              ::MxCore
                ::MxCore
          AtomSet
          AtomSet
        ::MxDSObjectAction
          ::MxDSObjectAction
            ::MxDSMediaAction
              ::MxDSMediaAction
                ::MxDSAction
                  ::MxDSAction
                    ::MxDSObject
                      ::MxDSObject
                        ::MxCore
                          ::MxCore
                        ::MxDSObject
        AtomSet
        MxAtomId::GetAtom
          ::MxString
            ::MxString
              ::MxCore
                ::MxCore
          AtomSet
          AtomSet
        ::MxDSObjectAction
          ::MxDSObjectAction
            ::MxDSMediaAction
              ::MxDSMediaAction
                ::MxDSAction
                  ::MxDSAction
                    ::MxDSObject
                      ::MxDSObject
                        ::MxCore
                          ::MxCore
                        ::MxDSObject
        AtomSet
        MxAtomId::GetAtom
          ::MxString
            ::MxString
              ::MxCore
                ::MxCore
          AtomSet
          AtomSet
        ::MxDSObjectAction
          ::MxDSObjectAction
            ::MxDSMediaAction
              ::MxDSMediaAction
                ::MxDSAction
                  ::MxDSAction
                    ::MxDSObject
                      ::MxDSObject
                        ::MxCore
                          ::MxCore
                        ::MxDSObject
        AtomSet
        MxAtomId::GetAtom
          ::MxString
            ::MxString
              ::MxCore
                ::MxCore
          AtomSet
          AtomSet
        ::MxDSObjectAction
          ::MxDSObjectAction
            ::MxDSMediaAction
              ::MxDSMediaAction
                ::MxDSAction
                  ::MxDSAction
                    ::MxDSObject
                      ::MxDSObject
                        ::MxCore
                          ::MxCore
                        ::MxDSObject
        AtomSet
        MxAtomId::GetAtom
          ::MxString
            ::MxString
              ::MxCore
                ::MxCore
          AtomSet
          AtomSet
        ::MxDSObjectAction
          ::MxDSObjectAction
            ::MxDSMediaAction
              ::MxDSMediaAction
                ::MxDSAction
                  ::MxDSAction
                    ::MxDSObject
                      ::MxDSObject
                        ::MxCore
                          ::MxCore
                        ::MxDSObject
        AtomSet
        MxAtomId::GetAtom
          ::MxString
            ::MxString
              ::MxCore
                ::MxCore
          AtomSet
          AtomSet
        ::MxDSObjectAction
          ::MxDSObjectAction
            ::MxDSMediaAction
              ::MxDSMediaAction
                ::MxDSAction
                  ::MxDSAction
                    ::MxDSObject
                      ::MxDSObject
                        ::MxCore
                          ::MxCore
                        ::MxDSObject
        AtomSet
        MxAtomId::GetAtom
          ::MxString
            ::MxString
              ::MxCore
                ::MxCore
          AtomSet
          AtomSet
        ::MxDSObjectAction
          ::MxDSObjectAction
            ::MxDSMediaAction
              ::MxDSMediaAction
                ::MxDSAction
                  ::MxDSAction
                    ::MxDSObject
                      ::MxDSObject
                        ::MxCore
                          ::MxCore
                        ::MxDSObject
        AtomSet
        MxAtomId::GetAtom
          ::MxString
            ::MxString
              ::MxCore
                ::MxCore
          AtomSet
          AtomSet
        ::MxDSObjectAction
          ::MxDSObjectAction
            ::MxDSMediaAction
              ::MxDSMediaAction
                ::MxDSAction
                  ::MxDSAction
                    ::MxDSObject
                      ::MxDSObject
                        ::MxCore
                          ::MxCore
                        ::MxDSObject
        AtomSet
        MxAtomId::GetAtom
          ::MxString
            ::MxString
              ::MxCore
                ::MxCore
          AtomSet
          AtomSet
        ::MxDSObjectAction
          ::MxDSObjectAction
            ::MxDSMediaAction
              ::MxDSMediaAction
                ::MxDSAction
                  ::MxDSAction
                    ::MxDSObject
                      ::MxDSObject
                        ::MxCore
                          ::MxCore
                        ::MxDSObject
        AtomSet
        MxAtomId::GetAtom
          ::MxString
            ::MxString
              ::MxCore
                ::MxCore
          AtomSet
          AtomSet
        ::MxDSObjectAction
          ::MxDSObjectAction
            ::MxDSMediaAction
              ::MxDSMediaAction
                ::MxDSAction
                  ::MxDSAction
                    ::MxDSObject
                      ::MxDSObject
                        ::MxCore
                          ::MxCore
                        ::MxDSObject
        AtomSet
        MxAtomId::GetAtom
          ::MxString
            ::MxString
              ::MxCore
                ::MxCore
          AtomSet
          AtomSet
        ::MxDSObjectAction
          ::MxDSObjectAction
            ::MxDSMediaAction
              ::MxDSMediaAction
                ::MxDSAction
                  ::MxDSAction
                    ::MxDSObject
                      ::MxDSObject
                        ::MxCore
                          ::MxCore
                        ::MxDSObject
        AtomSet
        MxAtomId::GetAtom
          ::MxString
            ::MxString
              ::MxCore
                ::MxCore
          AtomSet
          AtomSet
        ::MxDSObjectAction
          ::MxDSObjectAction
            ::MxDSMediaAction
              ::MxDSMediaAction
                ::MxDSAction
                  ::MxDSAction
                    ::MxDSObject
                      ::MxDSObject
                        ::MxCore
                          ::MxCore
                        ::MxDSObject
        AtomSet
        MxAtomId::GetAtom
          ::MxString
            ::MxString
              ::MxCore
                ::MxCore
          AtomSet
          AtomSet
        ::MxDSObjectAction
          ::MxDSObjectAction
            ::MxDSMediaAction
              ::MxDSMediaAction
                ::MxDSAction
                  ::MxDSAction
                    ::MxDSObject
                      ::MxDSObject
                        ::MxCore
                          ::MxCore
                        ::MxDSObject
        AtomSet
        MxAtomId::GetAtom
          ::MxString
            ::MxString
              ::MxCore
                ::MxCore
          AtomSet
          AtomSet
        ::MxDSObjectAction
          ::MxDSObjectAction
            ::MxDSMediaAction
              ::MxDSMediaAction
                ::MxDSAction
                  ::MxDSAction
                    ::MxDSObject
                      ::MxDSObject
                        ::MxCore
                          ::MxCore
                        ::MxDSObject
        AtomSet
        MxAtomId::GetAtom
          ::MxString
            ::MxString
              ::MxCore
                ::MxCore
          AtomSet
          AtomSet
        ::MxDSObjectAction
          ::MxDSObjectAction
            ::MxDSMediaAction
              ::MxDSMediaAction
                ::MxDSAction
                  ::MxDSAction
                    ::MxDSObject
                      ::MxDSObject
                        ::MxCore
                          ::MxCore
                        ::MxDSObject
        AtomSet
        MxAtomId::GetAtom
          ::MxString
            ::MxString
              ::MxCore
                ::MxCore
          AtomSet
          AtomSet
        ::MxDSObjectAction
          ::MxDSObjectAction
            ::MxDSMediaAction
              ::MxDSMediaAction
                ::MxDSAction
                  ::MxDSAction
                    ::MxDSObject
                      ::MxDSObject
                        ::MxCore
                          ::MxCore
                        ::MxDSObject
        AtomSet
        MxAtomId::GetAtom
          ::MxString
            ::MxString
              ::MxCore
                ::MxCore
          AtomSet
          AtomSet
        ::MxDSObjectAction
          ::MxDSObjectAction
            ::MxDSMediaAction
              ::MxDSMediaAction
                ::MxDSAction
                  ::MxDSAction
                    ::MxDSObject
                      ::MxDSObject
                        ::MxCore
                          ::MxCore
                        ::MxDSObject
        AtomSet
        MxAtomId::GetAtom
          ::MxString
            ::MxString
              ::MxCore
                ::MxCore
          AtomSet
          AtomSet
        ::MxDSObjectAction
          ::MxDSObjectAction
            ::MxDSMediaAction
              ::MxDSMediaAction
                ::MxDSAction
                  ::MxDSAction
                    ::MxDSObject
                      ::MxDSObject
                        ::MxCore
                          ::MxCore
                        ::MxDSObject
        AtomSet
        MxAtomId::GetAtom
          ::MxString
            ::MxString
              ::MxCore
                ::MxCore
          AtomSet
          AtomSet
        ::MxDSObjectAction
          ::MxDSObjectAction
            ::MxDSMediaAction
              ::MxDSMediaAction
                ::MxDSAction
                  ::MxDSAction
                    ::MxDSObject
                      ::MxDSObject
                        ::MxCore
                          ::MxCore
                        ::MxDSObject
        AtomSet
        MxAtomId::GetAtom
          ::MxString
            ::MxString
              ::MxCore
                ::MxCore
          AtomSet
          AtomSet
        ::MxDSObjectAction
          ::MxDSObjectAction
            ::MxDSMediaAction
              ::MxDSMediaAction
                ::MxDSAction
                  ::MxDSAction
                    ::MxDSObject
                      ::MxDSObject
                        ::MxCore
                          ::MxCore
                        ::MxDSObject
        AtomSet
        MxAtomId::GetAtom
          ::MxString
            ::MxString
              ::MxCore
                ::MxCore
          AtomSet
          AtomSet
        ::MxDSObjectAction
          ::MxDSObjectAction
            ::MxDSMediaAction
              ::MxDSMediaAction
                ::MxDSAction
                  ::MxDSAction
                    ::MxDSObject
                      ::MxDSObject
                        ::MxCore
                          ::MxCore
                        ::MxDSObject
        AtomSet
        MxAtomId::GetAtom
          ::MxString
            ::MxString
              ::MxCore
                ::MxCore
          AtomSet
          AtomSet
        ::MxDSObjectAction
          ::MxDSObjectAction
            ::MxDSMediaAction
              ::MxDSMediaAction
                ::MxDSAction
                  ::MxDSAction
                    ::MxDSObject
                      ::MxDSObject
                        ::MxCore
                          ::MxCore
                        ::MxDSObject
        AtomSet
        MxAtomId::GetAtom
          ::MxString
            ::MxString
              ::MxCore
                ::MxCore
          AtomSet
          AtomSet
        ::MxDSObjectAction
          ::MxDSObjectAction
            ::MxDSMediaAction
              ::MxDSMediaAction
                ::MxDSAction
                  ::MxDSAction
                    ::MxDSObject
                      ::MxDSObject
                        ::MxCore
                          ::MxCore
                        ::MxDSObject
        AtomSet
        MxAtomId::GetAtom
          ::MxString
            ::MxString
              ::MxCore
                ::MxCore
          AtomSet
          AtomSet
        ::MxDSObjectAction
          ::MxDSObjectAction
            ::MxDSMediaAction
              ::MxDSMediaAction
                ::MxDSAction
                  ::MxDSAction
                    ::MxDSObject
                      ::MxDSObject
                        ::MxCore
                          ::MxCore
                        ::MxDSObject
        AtomSet
        MxAtomId::GetAtom
          ::MxString
            ::MxString
              ::MxCore
                ::MxCore
          AtomSet
          AtomSet
        ::MxDSObjectAction
          ::MxDSObjectAction
            ::MxDSMediaAction
              ::MxDSMediaAction
                ::MxDSAction
                  ::MxDSAction
                    ::MxDSObject
                      ::MxDSObject
                        ::MxCore
                          ::MxCore
                        ::MxDSObject
        AtomSet
        MxAtomId::GetAtom
          ::MxString
            ::MxString
              ::MxCore
                ::MxCore
          AtomSet
          AtomSet
        ::MxDSObjectAction
          ::MxDSObjectAction
            ::MxDSMediaAction
              ::MxDSMediaAction
                ::MxDSAction
                  ::MxDSAction
                    ::MxDSObject
                      ::MxDSObject
                        ::MxCore
                          ::MxCore
                        ::MxDSObject
        AtomSet
        MxAtomId::GetAtom
          ::MxString
            ::MxString
              ::MxCore
                ::MxCore
          AtomSet
          AtomSet
        ::MxDSObjectAction
          ::MxDSObjectAction
            ::MxDSMediaAction
              ::MxDSMediaAction
                ::MxDSAction
                  ::MxDSAction
                    ::MxDSObject
                      ::MxDSObject
                        ::MxCore
                          ::MxCore
                        ::MxDSObject
        AtomSet
        MxAtomId::GetAtom
          ::MxString
            ::MxString
              ::MxCore
                ::MxCore
          AtomSet
          AtomSet
        ::MxDSObjectAction
          ::MxDSObjectAction
            ::MxDSMediaAction
              ::MxDSMediaAction
                ::MxDSAction
                  ::MxDSAction
                    ::MxDSObject
                      ::MxDSObject
                        ::MxCore
                          ::MxCore
                        ::MxDSObject
        AtomSet
        MxAtomId::GetAtom
          ::MxString
            ::MxString
              ::MxCore
                ::MxCore
          AtomSet
          AtomSet
        ::MxDSObjectAction
          ::MxDSObjectAction
            ::MxDSMediaAction
              ::MxDSMediaAction
                ::MxDSAction
                  ::MxDSAction
                    ::MxDSObject
                      ::MxDSObject
                        ::MxCore
                          ::MxCore
                        ::MxDSObject
        AtomSet
        MxAtomId::GetAtom
          ::MxString
            ::MxString
              ::MxCore
                ::MxCore
          AtomSet
          AtomSet
        ::MxDSObjectAction
          ::MxDSObjectAction
            ::MxDSMediaAction
              ::MxDSMediaAction
                ::MxDSAction
                  ::MxDSAction
                    ::MxDSObject
                      ::MxDSObject
                        ::MxCore
                          ::MxCore
                        ::MxDSObject
        AtomSet
        MxAtomId::GetAtom
          ::MxString
            ::MxString
              ::MxCore
                ::MxCore
          AtomSet
          AtomSet
        ::MxDSObjectAction
          ::MxDSObjectAction
            ::MxDSMediaAction
              ::MxDSMediaAction
                ::MxDSAction
                  ::MxDSAction
                    ::MxDSObject
                      ::MxDSObject
                        ::MxCore
                          ::MxCore
                        ::MxDSObject
        AtomSet
        MxAtomId::GetAtom
          ::MxString
            ::MxString
              ::MxCore
                ::MxCore
          AtomSet
          AtomSet
        ::MxDSObjectAction
          ::MxDSObjectAction
            ::MxDSMediaAction
              ::MxDSMediaAction
                ::MxDSAction
                  ::MxDSAction
                    ::MxDSObject
                      ::MxDSObject
                        ::MxCore
                          ::MxCore
                        ::MxDSObject
        AtomSet
        MxAtomId::GetAtom
          ::MxString
            ::MxString
              ::MxCore
                ::MxCore
          AtomSet
          AtomSet
        ::MxDSObjectAction
          ::MxDSObjectAction
            ::MxDSMediaAction
              ::MxDSMediaAction
                ::MxDSAction
                  ::MxDSAction
                    ::MxDSObject
                      ::MxDSObject
                        ::MxCore
                          ::MxCore
                        ::MxDSObject
        AtomSet
        MxAtomId::GetAtom
          ::MxString
            ::MxString
              ::MxCore
                ::MxCore
          AtomSet
          AtomSet
        ::MxDSObjectAction
          ::MxDSObjectAction
            ::MxDSMediaAction
              ::MxDSMediaAction
                ::MxDSAction
                  ::MxDSAction
                    ::MxDSObject
                      ::MxDSObject
                        ::MxCore
                          ::MxCore
                        ::MxDSObject
        AtomSet
        MxAtomId::GetAtom
          ::MxString
            ::MxString
              ::MxCore
                ::MxCore
          AtomSet
          AtomSet
        ::MxDSObjectAction
          ::MxDSObjectAction
            ::MxDSMediaAction
              ::MxDSMediaAction
                ::MxDSAction
                  ::MxDSAction
                    ::MxDSObject
                      ::MxDSObject
                        ::MxCore
                          ::MxCore
                        ::MxDSObject
        AtomSet
        MxAtomId::GetAtom
          ::MxString
            ::MxString
              ::MxCore
                ::MxCore
          AtomSet
          AtomSet
        ::MxDSObjectAction
          ::MxDSObjectAction
            ::MxDSMediaAction
              ::MxDSMediaAction
                ::MxDSAction
                  ::MxDSAction
                    ::MxDSObject
                      ::MxDSObject
                        ::MxCore
                          ::MxCore
                        ::MxDSObject
        AtomSet
        MxAtomId::GetAtom
          ::MxString
            ::MxString
              ::MxCore
                ::MxCore
          AtomSet
          AtomSet
        ::MxDSObjectAction
          ::MxDSObjectAction
            ::MxDSMediaAction
              ::MxDSMediaAction
                ::MxDSAction
                  ::MxDSAction
                    ::MxDSObject
                      ::MxDSObject
                        ::MxCore
                          ::MxCore
                        ::MxDSObject
        AtomSet
        MxAtomId::GetAtom
          ::MxString
            ::MxString
              ::MxCore
                ::MxCore
          AtomSet
          AtomSet
        ::MxDSObjectAction
          ::MxDSObjectAction
            ::MxDSMediaAction
              ::MxDSMediaAction
                ::MxDSAction
                  ::MxDSAction
                    ::MxDSObject
                      ::MxDSObject
                        ::MxCore
                          ::MxCore
                        ::MxDSObject
        AtomSet
        MxAtomId::GetAtom
          ::MxString
            ::MxString
              ::MxCore
                ::MxCore
          AtomSet
          AtomSet
        ::MxDSObjectAction
          ::MxDSObjectAction
            ::MxDSMediaAction
              ::MxDSMediaAction
                ::MxDSAction
                  ::MxDSAction
                    ::MxDSObject
                      ::MxDSObject
                        ::MxCore
                          ::MxCore
                        ::MxDSObject
        AtomSet
        MxAtomId::GetAtom
          ::MxString
            ::MxString
              ::MxCore
                ::MxCore
          AtomSet
          AtomSet
        ::MxDSObjectAction
          ::MxDSObjectAction
            ::MxDSMediaAction
              ::MxDSMediaAction
                ::MxDSAction
                  ::MxDSAction
                    ::MxDSObject
                      ::MxDSObject
                        ::MxCore
                          ::MxCore
                        ::MxDSObject
        AtomSet
        MxAtomId::GetAtom
          ::MxString
            ::MxString
              ::MxCore
                ::MxCore
          AtomSet
          AtomSet
        ::MxDSObjectAction
          ::MxDSObjectAction
            ::MxDSMediaAction
              ::MxDSMediaAction
                ::MxDSAction
                  ::MxDSAction
                    ::MxDSObject
                      ::MxDSObject
                        ::MxCore
                          ::MxCore
                        ::MxDSObject
        AtomSet
        MxAtomId::GetAtom
          ::MxString
            ::MxString
              ::MxCore
                ::MxCore
          AtomSet
          AtomSet
        ::MxDSObjectAction
          ::MxDSObjectAction
            ::MxDSMediaAction
              ::MxDSMediaAction
                ::MxDSAction
                  ::MxDSAction
                    ::MxDSObject
                      ::MxDSObject
                        ::MxCore
                          ::MxCore
                        ::MxDSObject
        AtomSet
        MxAtomId::GetAtom
          ::MxString
            ::MxString
              ::MxCore
                ::MxCore
          AtomSet
          AtomSet
        ::MxDSObjectAction
          ::MxDSObjectAction
            ::MxDSMediaAction
              ::MxDSMediaAction
                ::MxDSAction
                  ::MxDSAction
                    ::MxDSObject
                      ::MxDSObject
                        ::MxCore
                          ::MxCore
                        ::MxDSObject
        AtomSet
        MxAtomId::GetAtom
          ::MxString
            ::MxString
              ::MxCore
                ::MxCore
          AtomSet
          AtomSet
        ::MxDSObjectAction
          ::MxDSObjectAction
            ::MxDSMediaAction
              ::MxDSMediaAction
                ::MxDSAction
                  ::MxDSAction
                    ::MxDSObject
                      ::MxDSObject
                        ::MxCore
                          ::MxCore
                        ::MxDSObject
        AtomSet
        MxAtomId::GetAtom
          ::MxString
            ::MxString
              ::MxCore
                ::MxCore
          AtomSet
          AtomSet
        ::MxDSObjectAction
          ::MxDSObjectAction
            ::MxDSMediaAction
              ::MxDSMediaAction
                ::MxDSAction
                  ::MxDSAction
                    ::MxDSObject
                      ::MxDSObject
                        ::MxCore
                          ::MxCore
                        ::MxDSObject
        AtomSet
        MxAtomId::GetAtom
          ::MxString
            ::MxString
              ::MxCore
                ::MxCore
          AtomSet
          AtomSet
        ::MxDSObjectAction
          ::MxDSObjectAction
            ::MxDSMediaAction
              ::MxDSMediaAction
                ::MxDSAction
                  ::MxDSAction
                    ::MxDSObject
                      ::MxDSObject
                        ::MxCore
                          ::MxCore
                        ::MxDSObject
        AtomSet
        MxAtomId::GetAtom
          ::MxString
            ::MxString
              ::MxCore
                ::MxCore
          AtomSet
          AtomSet
        ::MxDSObjectAction
          ::MxDSObjectAction
            ::MxDSMediaAction
              ::MxDSMediaAction
                ::MxDSAction
                  ::MxDSAction
                    ::MxDSObject
                      ::MxDSObject
                        ::MxCore
                          ::MxCore
                        ::MxDSObject
        AtomSet
        MxAtomId::GetAtom
          ::MxString
            ::MxString
              ::MxCore
                ::MxCore
          AtomSet
          AtomSet
        ::MxDSObjectAction
          ::MxDSObjectAction
            ::MxDSMediaAction
              ::MxDSMediaAction
                ::MxDSAction
                  ::MxDSAction
                    ::MxDSObject
                      ::MxDSObject
                        ::MxCore
                          ::MxCore
                        ::MxDSObject
        AtomSet
        MxAtomId::GetAtom
          ::MxString
            ::MxString
              ::MxCore
                ::MxCore
          AtomSet
          AtomSet
        ::MxDSObjectAction
          ::MxDSObjectAction
            ::MxDSMediaAction
              ::MxDSMediaAction
                ::MxDSAction
                  ::MxDSAction
                    ::MxDSObject
                      ::MxDSObject
                        ::MxCore
                          ::MxCore
                        ::MxDSObject
        AtomSet
        MxAtomId::GetAtom
          ::MxString
            ::MxString
              ::MxCore
                ::MxCore
          AtomSet
          AtomSet
        ::MxDSObjectAction
          ::MxDSObjectAction
            ::MxDSMediaAction
              ::MxDSMediaAction
                ::MxDSAction
                  ::MxDSAction
                    ::MxDSObject
                      ::MxDSObject
                        ::MxCore
                          ::MxCore
                        ::MxDSObject
        AtomSet
        MxAtomId::GetAtom
          ::MxString
            ::MxString
              ::MxCore
                ::MxCore
          AtomSet
          AtomSet
        ::MxDSObjectAction
          ::MxDSObjectAction
            ::MxDSMediaAction
              ::MxDSMediaAction
                ::MxDSAction
                  ::MxDSAction
                    ::MxDSObject
                      ::MxDSObject
                        ::MxCore
                          ::MxCore
                        ::MxDSObject
        AtomSet
        MxAtomId::GetAtom
          ::MxString
            ::MxString
              ::MxCore
                ::MxCore
          AtomSet
          AtomSet
        ::MxDSObjectAction
          ::MxDSObjectAction
            ::MxDSMediaAction
              ::MxDSMediaAction
                ::MxDSAction
                  ::MxDSAction
                    ::MxDSObject
                      ::MxDSObject
                        ::MxCore
                          ::MxCore
                        ::MxDSObject
        AtomSet
        MxAtomId::GetAtom
          ::MxString
            ::MxString
              ::MxCore
                ::MxCore
          AtomSet
          AtomSet
        ::MxDSObjectAction
          ::MxDSObjectAction
            ::MxDSMediaAction
              ::MxDSMediaAction
                ::MxDSAction
                  ::MxDSAction
                    ::MxDSObject
                      ::MxDSObject
                        ::MxCore
                          ::MxCore
                        ::MxDSObject
        AtomSet
        MxAtomId::GetAtom
          ::MxString
            ::MxString
              ::MxCore
                ::MxCore
          AtomSet
          AtomSet
        ::MxDSObjectAction
          ::MxDSObjectAction
            ::MxDSMediaAction
              ::MxDSMediaAction
                ::MxDSAction
                  ::MxDSAction
                    ::MxDSObject
                      ::MxDSObject
                        ::MxCore
                          ::MxCore
                        ::MxDSObject
        AtomSet
        MxAtomId::GetAtom
          ::MxString
            ::MxString
              ::MxCore
                ::MxCore
          AtomSet
          AtomSet
        ::MxDSObjectAction
          ::MxDSObjectAction
            ::MxDSMediaAction
              ::MxDSMediaAction
                ::MxDSAction
                  ::MxDSAction
                    ::MxDSObject
                      ::MxDSObject
                        ::MxCore
                          ::MxCore
                        ::MxDSObject
        AtomSet
        MxAtomId::GetAtom
          ::MxString
            ::MxString
              ::MxCore
                ::MxCore
          AtomSet
          AtomSet
        ::MxDSObjectAction
          ::MxDSObjectAction
            ::MxDSMediaAction
              ::MxDSMediaAction
                ::MxDSAction
                  ::MxDSAction
                    ::MxDSObject
                      ::MxDSObject
                        ::MxCore
                          ::MxCore
                        ::MxDSObject
        AtomSet
        MxAtomId::GetAtom
          ::MxString
            ::MxString
              ::MxCore
                ::MxCore
          AtomSet
          AtomSet
        ::MxDSObjectAction
          ::MxDSObjectAction
            ::MxDSMediaAction
              ::MxDSMediaAction
                ::MxDSAction
                  ::MxDSAction
                    ::MxDSObject
                      ::MxDSObject
                        ::MxCore
                          ::MxCore
                        ::MxDSObject
        AtomSet
        MxAtomId::GetAtom
          ::MxString
            ::MxString
              ::MxCore
                ::MxCore
          AtomSet
          AtomSet
        ::MxDSObjectAction
          ::MxDSObjectAction
            ::MxDSMediaAction
              ::MxDSMediaAction
                ::MxDSAction
                  ::MxDSAction
                    ::MxDSObject
                      ::MxDSObject
                        ::MxCore
                          ::MxCore
                        ::MxDSObject
        AtomSet
        MxAtomId::GetAtom
          ::MxString
            ::MxString
              ::MxCore
                ::MxCore
          AtomSet
          AtomSet
        ::MxDSObjectAction
          ::MxDSObjectAction
            ::MxDSMediaAction
              ::MxDSMediaAction
                ::MxDSAction
                  ::MxDSAction
                    ::MxDSObject
                      ::MxDSObject
                        ::MxCore
                          ::MxCore
                        ::MxDSObject
        AtomSet
        MxAtomId::GetAtom
          ::MxString
            ::MxString
              ::MxCore
                ::MxCore
          AtomSet
          AtomSet
        ::MxDSObjectAction
          ::MxDSObjectAction
            ::MxDSMediaAction
              ::MxDSMediaAction
                ::MxDSAction
                  ::MxDSAction
                    ::MxDSObject
                      ::MxDSObject
                        ::MxCore
                          ::MxCore
                        ::MxDSObject
        AtomSet
        MxAtomId::GetAtom
          ::MxString
            ::MxString
              ::MxCore
                ::MxCore
          AtomSet
          AtomSet
        ::MxDSObjectAction
          ::MxDSObjectAction
            ::MxDSMediaAction
              ::MxDSMediaAction
                ::MxDSAction
                  ::MxDSAction
                    ::MxDSObject
                      ::MxDSObject
                        ::MxCore
                          ::MxCore
                        ::MxDSObject
        AtomSet
        MxAtomId::GetAtom
          ::MxString
            ::MxString
              ::MxCore
                ::MxCore
          AtomSet
          AtomSet
        ::MxDSObjectAction
          ::MxDSObjectAction
            ::MxDSMediaAction
              ::MxDSMediaAction
                ::MxDSAction
                  ::MxDSAction
                    ::MxDSObject
                      ::MxDSObject
                        ::MxCore
                          ::MxCore
                        ::MxDSObject
        AtomSet
        MxAtomId::GetAtom
          ::MxString
            ::MxString
              ::MxCore
                ::MxCore
          AtomSet
          AtomSet
        ::MxDSObjectAction
          ::MxDSObjectAction
            ::MxDSMediaAction
              ::MxDSMediaAction
                ::MxDSAction
                  ::MxDSAction
                    ::MxDSObject
                      ::MxDSObject
                        ::MxCore
                          ::MxCore
                        ::MxDSObject
        AtomSet
        MxAtomId::GetAtom
          ::MxString
            ::MxString
              ::MxCore
                ::MxCore
          AtomSet
          AtomSet
        ::MxDSObjectAction
          ::MxDSObjectAction
            ::MxDSMediaAction
              ::MxDSMediaAction
                ::MxDSAction
                  ::MxDSAction
                    ::MxDSObject
                      ::MxDSObject
                        ::MxCore
                          ::MxCore
                        ::MxDSObject
        AtomSet
        MxAtomId::GetAtom
          ::MxString
            ::MxString
              ::MxCore
                ::MxCore
          AtomSet
          AtomSet
        ::MxDSObjectAction
          ::MxDSObjectAction
            ::MxDSMediaAction
              ::MxDSMediaAction
                ::MxDSAction
                  ::MxDSAction
                    ::MxDSObject
                      ::MxDSObject
                        ::MxCore
                          ::MxCore
                        ::MxDSObject
        AtomSet
        MxAtomId::GetAtom
          ::MxString
            ::MxString
              ::MxCore
                ::MxCore
          AtomSet
          AtomSet
        ::MxDSObjectAction
          ::MxDSObjectAction
            ::MxDSMediaAction
              ::MxDSMediaAction
                ::MxDSAction
                  ::MxDSAction
                    ::MxDSObject
                      ::MxDSObject
                        ::MxCore
                          ::MxCore
                        ::MxDSObject
        AtomSet
        MxAtomId::GetAtom
          ::MxString
            ::MxString
              ::MxCore
                ::MxCore
          AtomSet
          AtomSet
        ::MxDSObjectAction
          ::MxDSObjectAction
            ::MxDSMediaAction
              ::MxDSMediaAction
                ::MxDSAction
                  ::MxDSAction
                    ::MxDSObject
                      ::MxDSObject
                        ::MxCore
                          ::MxCore
                        ::MxDSObject
        AtomSet
        MxAtomId::GetAtom
          ::MxString
            ::MxString
              ::MxCore
                ::MxCore
          AtomSet
          AtomSet
        ::MxDSObjectAction
          ::MxDSObjectAction
            ::MxDSMediaAction
              ::MxDSMediaAction
                ::MxDSAction
                  ::MxDSAction
                    ::MxDSObject
                      ::MxDSObject
                        ::MxCore
                          ::MxCore
                        ::MxDSObject
        AtomSet
        MxAtomId::GetAtom
          ::MxString
            ::MxString
              ::MxCore
                ::MxCore
          AtomSet
          AtomSet
        ::MxDSObjectAction
          ::MxDSObjectAction
            ::MxDSMediaAction
              ::MxDSMediaAction
                ::MxDSAction
                  ::MxDSAction
                    ::MxDSObject
                      ::MxDSObject
                        ::MxCore
                          ::MxCore
                        ::MxDSObject
        AtomSet
        MxAtomId::GetAtom
          ::MxString
            ::MxString
              ::MxCore
                ::MxCore
          AtomSet
          AtomSet
        ::MxDSObjectAction
          ::MxDSObjectAction
            ::MxDSMediaAction
              ::MxDSMediaAction
                ::MxDSAction
                  ::MxDSAction
                    ::MxDSObject
                      ::MxDSObject
                        ::MxCore
                          ::MxCore
                        ::MxDSObject
        AtomSet
        MxAtomId::GetAtom
          ::MxString
            ::MxString
              ::MxCore
                ::MxCore
          AtomSet
          AtomSet
        ::MxDSObjectAction
          ::MxDSObjectAction
            ::MxDSMediaAction
              ::MxDSMediaAction
                ::MxDSAction
                  ::MxDSAction
                    ::MxDSObject
                      ::MxDSObject
                        ::MxCore
                          ::MxCore
                        ::MxDSObject
        AtomSet
        MxAtomId::GetAtom
          ::MxString
            ::MxString
              ::MxCore
                ::MxCore
          AtomSet
          AtomSet
        ::MxDSObjectAction
          ::MxDSObjectAction
            ::MxDSMediaAction
              ::MxDSMediaAction
                ::MxDSAction
                  ::MxDSAction
                    ::MxDSObject
                      ::MxDSObject
                        ::MxCore
                          ::MxCore
                        ::MxDSObject
        AtomSet
        MxAtomId::GetAtom
          ::MxString
            ::MxString
              ::MxCore
                ::MxCore
          AtomSet
          AtomSet
        ::MxDSObjectAction
          ::MxDSObjectAction
            ::MxDSMediaAction
              ::MxDSMediaAction
                ::MxDSAction
                  ::MxDSAction
                    ::MxDSObject
                      ::MxDSObject
                        ::MxCore
                          ::MxCore
                        ::MxDSObject
        AtomSet
        MxAtomId::GetAtom
          ::MxString
            ::MxString
              ::MxCore
                ::MxCore
          AtomSet
          AtomSet
        ::MxDSObjectAction
          ::MxDSObjectAction
            ::MxDSMediaAction
              ::MxDSMediaAction
                ::MxDSAction
                  ::MxDSAction
                    ::MxDSObject
                      ::MxDSObject
                        ::MxCore
                          ::MxCore
                        ::MxDSObject
        AtomSet
        MxAtomId::GetAtom
          ::MxString
            ::MxString
              ::MxCore
                ::MxCore
          AtomSet
          AtomSet
        ::MxDSObjectAction
          ::MxDSObjectAction
            ::MxDSMediaAction
              ::MxDSMediaAction
                ::MxDSAction
                  ::MxDSAction
                    ::MxDSObject
                      ::MxDSObject
                        ::MxCore
                          ::MxCore
                        ::MxDSObject
        AtomSet
        MxAtomId::GetAtom
          ::MxString
            ::MxString
              ::MxCore
                ::MxCore
          AtomSet
          AtomSet
        ::MxDSObjectAction
          ::MxDSObjectAction
            ::MxDSMediaAction
              ::MxDSMediaAction
                ::MxDSAction
                  ::MxDSAction
                    ::MxDSObject
                      ::MxDSObject
                        ::MxCore
                          ::MxCore
                        ::MxDSObject
        AtomSet
        MxAtomId::GetAtom
          ::MxString
            ::MxString
              ::MxCore
                ::MxCore
          AtomSet
          AtomSet
        ::MxDSObjectAction
          ::MxDSObjectAction
            ::MxDSMediaAction
              ::MxDSMediaAction
                ::MxDSAction
                  ::MxDSAction
                    ::MxDSObject
                      ::MxDSObject
                        ::MxCore
                          ::MxCore
                        ::MxDSObject
        AtomSet
        MxAtomId::GetAtom
          ::MxString
            ::MxString
              ::MxCore
                ::MxCore
          AtomSet
          AtomSet
        ::MxDSObjectAction
          ::MxDSObjectAction
            ::MxDSMediaAction
              ::MxDSMediaAction
                ::MxDSAction
                  ::MxDSAction
                    ::MxDSObject
                      ::MxDSObject
                        ::MxCore
                          ::MxCore
                        ::MxDSObject
        AtomSet
        MxAtomId::GetAtom
          ::MxString
            ::MxString
              ::MxCore
                ::MxCore
          AtomSet
          AtomSet
        ::MxDSObjectAction
          ::MxDSObjectAction
            ::MxDSMediaAction
              ::MxDSMediaAction
                ::MxDSAction
                  ::MxDSAction
                    ::MxDSObject
                      ::MxDSObject
                        ::MxCore
                          ::MxCore
                        ::MxDSObject
        AtomSet
        MxAtomId::GetAtom
          ::MxString
            ::MxString
              ::MxCore
                ::MxCore
          AtomSet
          AtomSet
        ::MxDSObjectAction
          ::MxDSObjectAction
            ::MxDSMediaAction
              ::MxDSMediaAction
                ::MxDSAction
                  ::MxDSAction
                    ::MxDSObject
                      ::MxDSObject
                        ::MxCore
                          ::MxCore
                        ::MxDSObject
        AtomSet
        MxAtomId::GetAtom
          ::MxString
            ::MxString
              ::MxCore
                ::MxCore
          AtomSet
          AtomSet
        ::MxDSObjectAction
          ::MxDSObjectAction
            ::MxDSMediaAction
              ::MxDSMediaAction
                ::MxDSAction
                  ::MxDSAction
                    ::MxDSObject
                      ::MxDSObject
                        ::MxCore
                          ::MxCore
                        ::MxDSObject
        AtomSet
        MxAtomId::GetAtom
          ::MxString
            ::MxString
              ::MxCore
                ::MxCore
          AtomSet
          AtomSet
        ::MxDSObjectAction
          ::MxDSObjectAction
            ::MxDSMediaAction
              ::MxDSMediaAction
                ::MxDSAction
                  ::MxDSAction
                    ::MxDSObject
                      ::MxDSObject
                        ::MxCore
                          ::MxCore
                        ::MxDSObject
        AtomSet
        MxAtomId::GetAtom
          ::MxString
            ::MxString
              ::MxCore
                ::MxCore
          AtomSet
          AtomSet
        ::MxDSObjectAction
          ::MxDSObjectAction
            ::MxDSMediaAction
              ::MxDSMediaAction
                ::MxDSAction
                  ::MxDSAction
                    ::MxDSObject
                      ::MxDSObject
                        ::MxCore
                          ::MxCore
                        ::MxDSObject
        AtomSet
        MxAtomId::GetAtom
          ::MxString
            ::MxString
              ::MxCore
                ::MxCore
          AtomSet
          AtomSet
        ::MxDSSound
          ::MxDSSound
            ::MxDSMediaAction
              ::MxDSMediaAction
                ::MxDSAction
                  ::MxDSAction
                    ::MxDSObject
                      ::MxDSObject
                        ::MxCore
                          ::MxCore
                        ::MxDSObject
        AtomSet
        MxAtomId::GetAtom
          ::MxString
            ::MxString
              ::MxCore
                ::MxCore
          AtomSet
          AtomSet
        ::MxDSSound
          ::MxDSSound
            ::MxDSMediaAction
              ::MxDSMediaAction
                ::MxDSAction
                  ::MxDSAction
                    ::MxDSObject
                      ::MxDSObject
                        ::MxCore
                          ::MxCore
                        ::MxDSObject
        AtomSet
        MxAtomId::GetAtom
          ::MxString
            ::MxString
              ::MxCore
                ::MxCore
          AtomSet
          AtomSet
      ::MxAutoLock
      ::MxDSSerialAction
        ::MxDSSerialAction
          ::MxDSMultiAction
            ::MxDSMultiAction
              ::MxDSAction
                ::MxDSAction
                  ::MxDSObject
                    ::MxDSObject
                      ::MxCore
                        ::MxCore
                      ::MxDSObject
              ::MxDSMultiAction
                ::MxCore
                  ::MxCore
          ::MxDSSerialAction
            ::MxCore
              ::MxCore
      AtomSet
      MxAtomId::GetAtom
        ::MxString
          ::MxString
            ::MxCore
              ::MxCore
        AtomSet
        AtomSet
      MxDSMultiAction::CopyFrom
        ::MxCore
          ::MxCore
        ::MxDSObjectAction
          ::MxDSObjectAction
            ::MxDSMediaAction
              ::MxDSMediaAction
                ::MxDSAction
                  ::MxDSAction
                    ::MxDSObject
                      ::MxDSObject
                        ::MxCore
                          ::MxCore
                        ::MxDSObject
        AtomSet
        MxAtomId::GetAtom
          ::MxString
            ::MxString
              ::MxCore
                ::MxCore
          AtomSet
          AtomSet
        ::MxDSParallelAction
          ::MxDSParallelAction
            ::MxDSMultiAction
              ::MxDSMultiAction
                ::MxDSAction
                  ::MxDSAction
                    ::MxDSObject
                      ::MxDSObject
                        ::MxCore
                          ::MxCore
                        ::MxDSObject
                ::MxDSMultiAction
                  ::MxCore
                    ::MxCore
        AtomSet
        MxAtomId::GetAtom
          ::MxString
            ::MxString
              ::MxCore
                ::MxCore
          AtomSet
          AtomSet
        MxDSMultiAction::CopyFrom
          ::MxCore
            ::MxCore
          ::MxDSObjectAction
            ::MxDSObjectAction
              ::MxDSMediaAction
                ::MxDSMediaAction
                  ::MxDSAction
                    ::MxDSAction
                      ::MxDSObject
                        ::MxDSObject
                          ::MxCore
                            ::MxCore
                          ::MxDSObject
          AtomSet
          MxAtomId::GetAtom
            ::MxString
              ::MxString
                ::MxCore
                  ::MxCore
            AtomSet
            AtomSet
        ::MxDSParallelAction
          ::MxDSParallelAction
            ::MxDSMultiAction
              ::MxDSMultiAction
                ::MxDSAction
                  ::MxDSAction
                    ::MxDSObject
                      ::MxDSObject
                        ::MxCore
                          ::MxCore
                        ::MxDSObject
                ::MxDSMultiAction
                  ::MxCore
                    ::MxCore
        AtomSet
        MxAtomId::GetAtom
          ::MxString
            ::MxString
              ::MxCore
                ::MxCore
          AtomSet
          AtomSet
        MxDSMultiAction::CopyFrom
          ::MxCore
            ::MxCore
          ::MxDSObjectAction
            ::MxDSObjectAction
              ::MxDSMediaAction
                ::MxDSMediaAction
                  ::MxDSAction
                    ::MxDSAction
                      ::MxDSObject
                        ::MxDSObject
                          ::MxCore
                            ::MxCore
                          ::MxDSObject
          AtomSet
          MxAtomId::GetAtom
            ::MxString
              ::MxString
                ::MxCore
                  ::MxCore
            AtomSet
            AtomSet
        ::MxDSParallelAction
          ::MxDSParallelAction
            ::MxDSMultiAction
              ::MxDSMultiAction
                ::MxDSAction
                  ::MxDSAction
                    ::MxDSObject
                      ::MxDSObject
                        ::MxCore
                          ::MxCore
                        ::MxDSObject
                ::MxDSMultiAction
                  ::MxCore
                    ::MxCore
        AtomSet
        MxAtomId::GetAtom
          ::MxString
            ::MxString
              ::MxCore
                ::MxCore
          AtomSet
          AtomSet
        MxDSMultiAction::CopyFrom
          ::MxCore
            ::MxCore
          ::MxDSObjectAction
            ::MxDSObjectAction
              ::MxDSMediaAction
                ::MxDSMediaAction
                  ::MxDSAction
                    ::MxDSAction
                      ::MxDSObject
                        ::MxDSObject
                          ::MxCore
                            ::MxCore
                          ::MxDSObject
          AtomSet
          MxAtomId::GetAtom
            ::MxString
              ::MxString
                ::MxCore
                  ::MxCore
            AtomSet
            AtomSet
        ::MxDSParallelAction
          ::MxDSParallelAction
            ::MxDSMultiAction
              ::MxDSMultiAction
                ::MxDSAction
                  ::MxDSAction
                    ::MxDSObject
                      ::MxDSObject
                        ::MxCore
                          ::MxCore
                        ::MxDSObject
                ::MxDSMultiAction
                  ::MxCore
                    ::MxCore
        AtomSet
        MxAtomId::GetAtom
          ::MxString
            ::MxString
              ::MxCore
                ::MxCore
          AtomSet
          AtomSet
        MxDSMultiAction::CopyFrom
          ::MxCore
            ::MxCore
          ::MxDSObjectAction
            ::MxDSObjectAction
              ::MxDSMediaAction
                ::MxDSMediaAction
                  ::MxDSAction
                    ::MxDSAction
                      ::MxDSObject
                        ::MxDSObject
                          ::MxCore
                            ::MxCore
                          ::MxDSObject
          AtomSet
          MxAtomId::GetAtom
            ::MxString
              ::MxString
                ::MxCore
                  ::MxCore
            AtomSet
            AtomSet
        ::MxDSParallelAction
          ::MxDSParallelAction
            ::MxDSMultiAction
              ::MxDSMultiAction
                ::MxDSAction
                  ::MxDSAction
                    ::MxDSObject
                      ::MxDSObject
                        ::MxCore
                          ::MxCore
                        ::MxDSObject
                ::MxDSMultiAction
                  ::MxCore
                    ::MxCore
        AtomSet
        MxAtomId::GetAtom
          ::MxString
            ::MxString
              ::MxCore
                ::MxCore
          AtomSet
          AtomSet
        MxDSMultiAction::CopyFrom
          ::MxCore
            ::MxCore
          ::MxDSObjectAction
            ::MxDSObjectAction
              ::MxDSMediaAction
                ::MxDSMediaAction
                  ::MxDSAction
                    ::MxDSAction
                      ::MxDSObject
                        ::MxDSObject
                          ::MxCore
                            ::MxCore
                          ::MxDSObject
          AtomSet
          MxAtomId::GetAtom
            ::MxString
              ::MxString
                ::MxCore
                  ::MxCore
            AtomSet
            AtomSet
        ::MxDSParallelAction
          ::MxDSParallelAction
            ::MxDSMultiAction
              ::MxDSMultiAction
                ::MxDSAction
                  ::MxDSAction
                    ::MxDSObject
                      ::MxDSObject
                        ::MxCore
                          ::MxCore
                        ::MxDSObject
                ::MxDSMultiAction
                  ::MxCore
                    ::MxCore
        AtomSet
        MxAtomId::GetAtom
          ::MxString
            ::MxString
              ::MxCore
                ::MxCore
          AtomSet
          AtomSet
        MxDSMultiAction::CopyFrom
          ::MxCore
            ::MxCore
          ::MxDSObjectAction
            ::MxDSObjectAction
              ::MxDSMediaAction
                ::MxDSMediaAction
                  ::MxDSAction
                    ::MxDSAction
                      ::MxDSObject
                        ::MxDSObject
                          ::MxCore
                            ::MxCore
                          ::MxDSObject
          AtomSet
          MxAtomId::GetAtom
            ::MxString
              ::MxString
                ::MxCore
                  ::MxCore
            AtomSet
            AtomSet
        ::MxDSParallelAction
          ::MxDSParallelAction
            ::MxDSMultiAction
              ::MxDSMultiAction
                ::MxDSAction
                  ::MxDSAction
                    ::MxDSObject
                      ::MxDSObject
                        ::MxCore
                          ::MxCore
                        ::MxDSObject
                ::MxDSMultiAction
                  ::MxCore
                    ::MxCore
        AtomSet
        MxAtomId::GetAtom
          ::MxString
            ::MxString
              ::MxCore
                ::MxCore
          AtomSet
          AtomSet
        MxDSMultiAction::CopyFrom
          ::MxCore
            ::MxCore
          ::MxDSObjectAction
            ::MxDSObjectAction
              ::MxDSMediaAction
                ::MxDSMediaAction
                  ::MxDSAction
                    ::MxDSAction
                      ::MxDSObject
                        ::MxDSObject
                          ::MxCore
                            ::MxCore
                          ::MxDSObject
          AtomSet
          MxAtomId::GetAtom
            ::MxString
              ::MxString
                ::MxCore
                  ::MxCore
            AtomSet
            AtomSet
        ::MxDSParallelAction
          ::MxDSParallelAction
            ::MxDSMultiAction
              ::MxDSMultiAction
                ::MxDSAction
                  ::MxDSAction
                    ::MxDSObject
                      ::MxDSObject
                        ::MxCore
                          ::MxCore
                        ::MxDSObject
                ::MxDSMultiAction
                  ::MxCore
                    ::MxCore
        AtomSet
        MxAtomId::GetAtom
          ::MxString
            ::MxString
              ::MxCore
                ::MxCore
          AtomSet
          AtomSet
        MxDSMultiAction::CopyFrom
          ::MxCore
            ::MxCore
          ::MxDSObjectAction
            ::MxDSObjectAction
              ::MxDSMediaAction
                ::MxDSMediaAction
                  ::MxDSAction
                    ::MxDSAction
                      ::MxDSObject
                        ::MxDSObject
                          ::MxCore
                            ::MxCore
                          ::MxDSObject
          AtomSet
          MxAtomId::GetAtom
            ::MxString
              ::MxString
                ::MxCore
                  ::MxCore
            AtomSet
            AtomSet
        ::MxDSParallelAction
          ::MxDSParallelAction
            ::MxDSMultiAction
              ::MxDSMultiAction
                ::MxDSAction
                  ::MxDSAction
                    ::MxDSObject
                      ::MxDSObject
                        ::MxCore
                          ::MxCore
                        ::MxDSObject
                ::MxDSMultiAction
                  ::MxCore
                    ::MxCore
        AtomSet
        MxAtomId::GetAtom
          ::MxString
            ::MxString
              ::MxCore
                ::MxCore
          AtomSet
          AtomSet
        MxDSMultiAction::CopyFrom
          ::MxCore
            ::MxCore
          ::MxDSObjectAction
            ::MxDSObjectAction
              ::MxDSMediaAction
                ::MxDSMediaAction
                  ::MxDSAction
                    ::MxDSAction
                      ::MxDSObject
                        ::MxDSObject
                          ::MxCore
                            ::MxCore
                          ::MxDSObject
          AtomSet
          MxAtomId::GetAtom
            ::MxString
              ::MxString
                ::MxCore
                  ::MxCore
            AtomSet
            AtomSet
        ::MxDSParallelAction
          ::MxDSParallelAction
            ::MxDSMultiAction
              ::MxDSMultiAction
                ::MxDSAction
                  ::MxDSAction
                    ::MxDSObject
                      ::MxDSObject
                        ::MxCore
                          ::MxCore
                        ::MxDSObject
                ::MxDSMultiAction
                  ::MxCore
                    ::MxCore
        AtomSet
        MxAtomId::GetAtom
          ::MxString
            ::MxString
              ::MxCore
                ::MxCore
          AtomSet
          AtomSet
        MxDSMultiAction::CopyFrom
          ::MxCore
            ::MxCore
          ::MxDSObjectAction
            ::MxDSObjectAction
              ::MxDSMediaAction
                ::MxDSMediaAction
                  ::MxDSAction
                    ::MxDSAction
                      ::MxDSObject
                        ::MxDSObject
                          ::MxCore
                            ::MxCore
                          ::MxDSObject
          AtomSet
          MxAtomId::GetAtom
            ::MxString
              ::MxString
                ::MxCore
                  ::MxCore
            AtomSet
            AtomSet
        ::MxDSParallelAction
          ::MxDSParallelAction
            ::MxDSMultiAction
              ::MxDSMultiAction
                ::MxDSAction
                  ::MxDSAction
                    ::MxDSObject
                      ::MxDSObject
                        ::MxCore
                          ::MxCore
                        ::MxDSObject
                ::MxDSMultiAction
                  ::MxCore
                    ::MxCore
        AtomSet
        MxAtomId::GetAtom
          ::MxString
            ::MxString
              ::MxCore
                ::MxCore
          AtomSet
          AtomSet
        MxDSMultiAction::CopyFrom
          ::MxCore
            ::MxCore
          ::MxDSObjectAction
            ::MxDSObjectAction
              ::MxDSMediaAction
                ::MxDSMediaAction
                  ::MxDSAction
                    ::MxDSAction
                      ::MxDSObject
                        ::MxDSObject
                          ::MxCore
                            ::MxCore
                          ::MxDSObject
          AtomSet
          MxAtomId::GetAtom
            ::MxString
              ::MxString
                ::MxCore
                  ::MxCore
            AtomSet
            AtomSet
        ::MxDSParallelAction
          ::MxDSParallelAction
            ::MxDSMultiAction
              ::MxDSMultiAction
                ::MxDSAction
                  ::MxDSAction
                    ::MxDSObject
                      ::MxDSObject
                        ::MxCore
                          ::MxCore
                        ::MxDSObject
                ::MxDSMultiAction
                  ::MxCore
                    ::MxCore
        AtomSet
        MxAtomId::GetAtom
          ::MxString
            ::MxString
              ::MxCore
                ::MxCore
          AtomSet
          AtomSet
        MxDSMultiAction::CopyFrom
          ::MxCore
            ::MxCore
          ::MxDSObjectAction
            ::MxDSObjectAction
              ::MxDSMediaAction
                ::MxDSMediaAction
                  ::MxDSAction
                    ::MxDSAction
                      ::MxDSObject
                        ::MxDSObject
                          ::MxCore
                            ::MxCore
                          ::MxDSObject
          AtomSet
          MxAtomId::GetAtom
            ::MxString
              ::MxString
                ::MxCore
                  ::MxCore
            AtomSet
            AtomSet
        ::MxDSParallelAction
          ::MxDSParallelAction
            ::MxDSMultiAction
              ::MxDSMultiAction
                ::MxDSAction
                  ::MxDSAction
                    ::MxDSObject
                      ::MxDSObject
                        ::MxCore
                          ::MxCore
                        ::MxDSObject
                ::MxDSMultiAction
                  ::MxCore
                    ::MxCore
        AtomSet
        MxAtomId::GetAtom
          ::MxString
            ::MxString
              ::MxCore
                ::MxCore
          AtomSet
          AtomSet
        MxDSMultiAction::CopyFrom
          ::MxCore
            ::MxCore
          ::MxDSObjectAction
            ::MxDSObjectAction
              ::MxDSMediaAction
                ::MxDSMediaAction
                  ::MxDSAction
                    ::MxDSAction
                      ::MxDSObject
                        ::MxDSObject
                          ::MxCore
                            ::MxCore
                          ::MxDSObject
          AtomSet
          MxAtomId::GetAtom
            ::MxString
              ::MxString
                ::MxCore
                  ::MxCore
            AtomSet
            AtomSet
        ::MxDSParallelAction
          ::MxDSParallelAction
            ::MxDSMultiAction
              ::MxDSMultiAction
                ::MxDSAction
                  ::MxDSAction
                    ::MxDSObject
                      ::MxDSObject
                        ::MxCore
                          ::MxCore
                        ::MxDSObject
                ::MxDSMultiAction
                  ::MxCore
                    ::MxCore
        AtomSet
        MxAtomId::GetAtom
          ::MxString
            ::MxString
              ::MxCore
                ::MxCore
          AtomSet
          AtomSet
        MxDSMultiAction::CopyFrom
          ::MxCore
            ::MxCore
          ::MxDSObjectAction
            ::MxDSObjectAction
              ::MxDSMediaAction
                ::MxDSMediaAction
                  ::MxDSAction
                    ::MxDSAction
                      ::MxDSObject
                        ::MxDSObject
                          ::MxCore
                            ::MxCore
                          ::MxDSObject
          AtomSet
          MxAtomId::GetAtom
            ::MxString
              ::MxString
                ::MxCore
                  ::MxCore
            AtomSet
            AtomSet
        ::MxDSParallelAction
          ::MxDSParallelAction
            ::MxDSMultiAction
              ::MxDSMultiAction
                ::MxDSAction
                  ::MxDSAction
                    ::MxDSObject
                      ::MxDSObject
                        ::MxCore
                          ::MxCore
                        ::MxDSObject
                ::MxDSMultiAction
                  ::MxCore
                    ::MxCore
        AtomSet
        MxAtomId::GetAtom
          ::MxString
            ::MxString
              ::MxCore
                ::MxCore
          AtomSet
          AtomSet
        MxDSMultiAction::CopyFrom
          ::MxCore
            ::MxCore
          ::MxDSObjectAction
            ::MxDSObjectAction
              ::MxDSMediaAction
                ::MxDSMediaAction
                  ::MxDSAction
                    ::MxDSAction
                      ::MxDSObject
                        ::MxDSObject
                          ::MxCore
                            ::MxCore
                          ::MxDSObject
          AtomSet
          MxAtomId::GetAtom
            ::MxString
              ::MxString
                ::MxCore
                  ::MxCore
            AtomSet
            AtomSet
        ::MxDSParallelAction
          ::MxDSParallelAction
            ::MxDSMultiAction
              ::MxDSMultiAction
                ::MxDSAction
                  ::MxDSAction
                    ::MxDSObject
                      ::MxDSObject
                        ::MxCore
                          ::MxCore
                        ::MxDSObject
                ::MxDSMultiAction
                  ::MxCore
                    ::MxCore
        AtomSet
        MxAtomId::GetAtom
          ::MxString
            ::MxString
              ::MxCore
                ::MxCore
          AtomSet
          AtomSet
        MxDSMultiAction::CopyFrom
          ::MxCore
            ::MxCore
          ::MxDSObjectAction
            ::MxDSObjectAction
              ::MxDSMediaAction
                ::MxDSMediaAction
                  ::MxDSAction
                    ::MxDSAction
                      ::MxDSObject
                        ::MxDSObject
                          ::MxCore
                            ::MxCore
                          ::MxDSObject
          AtomSet
          MxAtomId::GetAtom
            ::MxString
              ::MxString
                ::MxCore
                  ::MxCore
            AtomSet
            AtomSet
        ::MxDSParallelAction
          ::MxDSParallelAction
            ::MxDSMultiAction
              ::MxDSMultiAction
                ::MxDSAction
                  ::MxDSAction
                    ::MxDSObject
                      ::MxDSObject
                        ::MxCore
                          ::MxCore
                        ::MxDSObject
                ::MxDSMultiAction
                  ::MxCore
                    ::MxCore
        AtomSet
        MxAtomId::GetAtom
          ::MxString
            ::MxString
              ::MxCore
                ::MxCore
          AtomSet
          AtomSet
        MxDSMultiAction::CopyFrom
          ::MxCore
            ::MxCore
          ::MxDSObjectAction
            ::MxDSObjectAction
              ::MxDSMediaAction
                ::MxDSMediaAction
                  ::MxDSAction
                    ::MxDSAction
                      ::MxDSObject
                        ::MxDSObject
                          ::MxCore
                            ::MxCore
                          ::MxDSObject
          AtomSet
          MxAtomId::GetAtom
            ::MxString
              ::MxString
                ::MxCore
                  ::MxCore
            AtomSet
            AtomSet
        ::MxDSSound
          ::MxDSSound
            ::MxDSMediaAction
              ::MxDSMediaAction
                ::MxDSAction
                  ::MxDSAction
                    ::MxDSObject
                      ::MxDSObject
                        ::MxCore
                          ::MxCore
                        ::MxDSObject
        AtomSet
        MxAtomId::GetAtom
          ::MxString
            ::MxString
              ::MxCore
                ::MxCore
          AtomSet
          AtomSet
        ::MxDSSound
          ::MxDSSound
            ::MxDSMediaAction
              ::MxDSMediaAction
                ::MxDSAction
                  ::MxDSAction
                    ::MxDSObject
                      ::MxDSObject
                        ::MxCore
                          ::MxCore
                        ::MxDSObject
        AtomSet
        MxAtomId::GetAtom
          ::MxString
            ::MxString
              ::MxCore
                ::MxCore
          AtomSet
          AtomSet
        ::MxDSObjectAction
          ::MxDSObjectAction
            ::MxDSMediaAction
              ::MxDSMediaAction
                ::MxDSAction
                  ::MxDSAction
                    ::MxDSObject
                      ::MxDSObject
                        ::MxCore
                          ::MxCore
                        ::MxDSObject
        AtomSet
        MxAtomId::GetAtom
          ::MxString
            ::MxString
              ::MxCore
                ::MxCore
          AtomSet
          AtomSet
        ::MxDSObjectAction
          ::MxDSObjectAction
            ::MxDSMediaAction
              ::MxDSMediaAction
                ::MxDSAction
                  ::MxDSAction
                    ::MxDSObject
                      ::MxDSObject
                        ::MxCore
                          ::MxCore
                        ::MxDSObject
        AtomSet
        MxAtomId::GetAtom
          ::MxString
            ::MxString
              ::MxCore
                ::MxCore
          AtomSet
          AtomSet
        ::MxDSObjectAction
          ::MxDSObjectAction
            ::MxDSMediaAction
              ::MxDSMediaAction
                ::MxDSAction
                  ::MxDSAction
                    ::MxDSObject
                      ::MxDSObject
                        ::MxCore
                          ::MxCore
                        ::MxDSObject
        AtomSet
        MxAtomId::GetAtom
          ::MxString
            ::MxString
              ::MxCore
                ::MxCore
          AtomSet
          AtomSet
        ::MxDSObjectAction
          ::MxDSObjectAction
            ::MxDSMediaAction
              ::MxDSMediaAction
                ::MxDSAction
                  ::MxDSAction
                    ::MxDSObject
                      ::MxDSObject
                        ::MxCore
                          ::MxCore
                        ::MxDSObject
        AtomSet
        MxAtomId::GetAtom
          ::MxString
            ::MxString
              ::MxCore
                ::MxCore
          AtomSet
          AtomSet
        ::MxDSObjectAction
          ::MxDSObjectAction
            ::MxDSMediaAction
              ::MxDSMediaAction
                ::MxDSAction
                  ::MxDSAction
                    ::MxDSObject
                      ::MxDSObject
                        ::MxCore
                          ::MxCore
                        ::MxDSObject
        AtomSet
        MxAtomId::GetAtom
          ::MxString
            ::MxString
              ::MxCore
                ::MxCore
          AtomSet
          AtomSet
        ::MxDSObjectAction
          ::MxDSObjectAction
            ::MxDSMediaAction
              ::MxDSMediaAction
                ::MxDSAction
                  ::MxDSAction
                    ::MxDSObject
                      ::MxDSObject
                        ::MxCore
                          ::MxCore
                        ::MxDSObject
        AtomSet
        MxAtomId::GetAtom
          ::MxString
            ::MxString
              ::MxCore
                ::MxCore
          AtomSet
          AtomSet
        ::MxDSObjectAction
          ::MxDSObjectAction
            ::MxDSMediaAction
              ::MxDSMediaAction
                ::MxDSAction
                  ::MxDSAction
                    ::MxDSObject
                      ::MxDSObject
                        ::MxCore
                          ::MxCore
                        ::MxDSObject
        AtomSet
        MxAtomId::GetAtom
          ::MxString
            ::MxString
              ::MxCore
                ::MxCore
          AtomSet
          AtomSet
        ::MxDSObjectAction
          ::MxDSObjectAction
            ::MxDSMediaAction
              ::MxDSMediaAction
                ::MxDSAction
                  ::MxDSAction
                    ::MxDSObject
                      ::MxDSObject
                        ::MxCore
                          ::MxCore
                        ::MxDSObject
        AtomSet
        MxAtomId::GetAtom
          ::MxString
            ::MxString
              ::MxCore
                ::MxCore
          AtomSet
          AtomSet
        ::MxDSObjectAction
          ::MxDSObjectAction
            ::MxDSMediaAction
              ::MxDSMediaAction
                ::MxDSAction
                  ::MxDSAction
                    ::MxDSObject
                      ::MxDSObject
                        ::MxCore
                          ::MxCore
                        ::MxDSObject
        AtomSet
        MxAtomId::GetAtom
          ::MxString
            ::MxString
              ::MxCore
                ::MxCore
          AtomSet
          AtomSet
        ::MxDSObjectAction
          ::MxDSObjectAction
            ::MxDSMediaAction
              ::MxDSMediaAction
                ::MxDSAction
                  ::MxDSAction
                    ::MxDSObject
                      ::MxDSObject
                        ::MxCore
                          ::MxCore
                        ::MxDSObject
        AtomSet
        MxAtomId::GetAtom
          ::MxString
            ::MxString
              ::MxCore
                ::MxCore
          AtomSet
          AtomSet
        ::MxDSObjectAction
          ::MxDSObjectAction
            ::MxDSMediaAction
              ::MxDSMediaAction
                ::MxDSAction
                  ::MxDSAction
                    ::MxDSObject
                      ::MxDSObject
                        ::MxCore
                          ::MxCore
                        ::MxDSObject
        AtomSet
        MxAtomId::GetAtom
          ::MxString
            ::MxString
              ::MxCore
                ::MxCore
          AtomSet
          AtomSet
        ::MxDSObjectAction
          ::MxDSObjectAction
            ::MxDSMediaAction
              ::MxDSMediaAction
                ::MxDSAction
                  ::MxDSAction
                    ::MxDSObject
                      ::MxDSObject
                        ::MxCore
                          ::MxCore
                        ::MxDSObject
        AtomSet
        MxAtomId::GetAtom
          ::MxString
            ::MxString
              ::MxCore
                ::MxCore
          AtomSet
          AtomSet
        ::MxDSObjectAction
          ::MxDSObjectAction
            ::MxDSMediaAction
              ::MxDSMediaAction
                ::MxDSAction
                  ::MxDSAction
                    ::MxDSObject
                      ::MxDSObject
                        ::MxCore
                          ::MxCore
                        ::MxDSObject
        AtomSet
        MxAtomId::GetAtom
          ::MxString
            ::MxString
              ::MxCore
                ::MxCore
          AtomSet
          AtomSet
        ::MxDSObjectAction
          ::MxDSObjectAction
            ::MxDSMediaAction
              ::MxDSMediaAction
                ::MxDSAction
                  ::MxDSAction
                    ::MxDSObject
                      ::MxDSObject
                        ::MxCore
                          ::MxCore
                        ::MxDSObject
        AtomSet
        MxAtomId::GetAtom
          ::MxString
            ::MxString
              ::MxCore
                ::MxCore
          AtomSet
          AtomSet
        ::MxDSObjectAction
          ::MxDSObjectAction
            ::MxDSMediaAction
              ::MxDSMediaAction
                ::MxDSAction
                  ::MxDSAction
                    ::MxDSObject
                      ::MxDSObject
                        ::MxCore
                          ::MxCore
                        ::MxDSObject
        AtomSet
        MxAtomId::GetAtom
          ::MxString
            ::MxString
              ::MxCore
                ::MxCore
          AtomSet
          AtomSet
        ::MxDSObjectAction
          ::MxDSObjectAction
            ::MxDSMediaAction
              ::MxDSMediaAction
                ::MxDSAction
                  ::MxDSAction
                    ::MxDSObject
                      ::MxDSObject
                        ::MxCore
                          ::MxCore
                        ::MxDSObject
        AtomSet
        MxAtomId::GetAtom
          ::MxString
            ::MxString
              ::MxCore
                ::MxCore
          AtomSet
          AtomSet
        ::MxDSObjectAction
          ::MxDSObjectAction
            ::MxDSMediaAction
              ::MxDSMediaAction
                ::MxDSAction
                  ::MxDSAction
                    ::MxDSObject
                      ::MxDSObject
                        ::MxCore
                          ::MxCore
                        ::MxDSObject
        AtomSet
        MxAtomId::GetAtom
          ::MxString
            ::MxString
              ::MxCore
                ::MxCore
          AtomSet
          AtomSet
        ::MxDSObjectAction
          ::MxDSObjectAction
            ::MxDSMediaAction
              ::MxDSMediaAction
                ::MxDSAction
                  ::MxDSAction
                    ::MxDSObject
                      ::MxDSObject
                        ::MxCore
                          ::MxCore
                        ::MxDSObject
        AtomSet
        MxAtomId::GetAtom
          ::MxString
            ::MxString
              ::MxCore
                ::MxCore
          AtomSet
          AtomSet
        ::MxDSObjectAction
          ::MxDSObjectAction
            ::MxDSMediaAction
              ::MxDSMediaAction
                ::MxDSAction
                  ::MxDSAction
                    ::MxDSObject
                      ::MxDSObject
                        ::MxCore
                          ::MxCore
                        ::MxDSObject
        AtomSet
        MxAtomId::GetAtom
          ::MxString
            ::MxString
              ::MxCore
                ::MxCore
          AtomSet
          AtomSet
        ::MxDSObjectAction
          ::MxDSObjectAction
            ::MxDSMediaAction
              ::MxDSMediaAction
                ::MxDSAction
                  ::MxDSAction
                    ::MxDSObject
                      ::MxDSObject
                        ::MxCore
                          ::MxCore
                        ::MxDSObject
        AtomSet
        MxAtomId::GetAtom
          ::MxString
            ::MxString
              ::MxCore
                ::MxCore
          AtomSet
          AtomSet
        ::MxDSObjectAction
          ::MxDSObjectAction
            ::MxDSMediaAction
              ::MxDSMediaAction
                ::MxDSAction
                  ::MxDSAction
                    ::MxDSObject
                      ::MxDSObject
                        ::MxCore
                          ::MxCore
                        ::MxDSObject
        AtomSet
        MxAtomId::GetAtom
          ::MxString
            ::MxString
              ::MxCore
                ::MxCore
          AtomSet
          AtomSet
        ::MxDSObjectAction
          ::MxDSObjectAction
            ::MxDSMediaAction
              ::MxDSMediaAction
                ::MxDSAction
                  ::MxDSAction
                    ::MxDSObject
                      ::MxDSObject
                        ::MxCore
                          ::MxCore
                        ::MxDSObject
        AtomSet
        MxAtomId::GetAtom
          ::MxString
            ::MxString
              ::MxCore
                ::MxCore
          AtomSet
          AtomSet
        ::MxDSObjectAction
          ::MxDSObjectAction
            ::MxDSMediaAction
              ::MxDSMediaAction
                ::MxDSAction
                  ::MxDSAction
                    ::MxDSObject
                      ::MxDSObject
                        ::MxCore
                          ::MxCore
                        ::MxDSObject
        AtomSet
        MxAtomId::GetAtom
          ::MxString
            ::MxString
              ::MxCore
                ::MxCore
          AtomSet
          AtomSet
        ::MxDSObjectAction
          ::MxDSObjectAction
            ::MxDSMediaAction
              ::MxDSMediaAction
                ::MxDSAction
                  ::MxDSAction
                    ::MxDSObject
                      ::MxDSObject
                        ::MxCore
                          ::MxCore
                        ::MxDSObject
        AtomSet
        MxAtomId::GetAtom
          ::MxString
            ::MxString
              ::MxCore
                ::MxCore
          AtomSet
          AtomSet
        ::MxDSObjectAction
          ::MxDSObjectAction
            ::MxDSMediaAction
              ::MxDSMediaAction
                ::MxDSAction
                  ::MxDSAction
                    ::MxDSObject
                      ::MxDSObject
                        ::MxCore
                          ::MxCore
                        ::MxDSObject
        AtomSet
        MxAtomId::GetAtom
          ::MxString
            ::MxString
              ::MxCore
                ::MxCore
          AtomSet
          AtomSet
        ::MxDSObjectAction
          ::MxDSObjectAction
            ::MxDSMediaAction
              ::MxDSMediaAction
                ::MxDSAction
                  ::MxDSAction
                    ::MxDSObject
                      ::MxDSObject
                        ::MxCore
                          ::MxCore
                        ::MxDSObject
        AtomSet
        MxAtomId::GetAtom
          ::MxString
            ::MxString
              ::MxCore
                ::MxCore
          AtomSet
          AtomSet
        ::MxDSObjectAction
          ::MxDSObjectAction
            ::MxDSMediaAction
              ::MxDSMediaAction
                ::MxDSAction
                  ::MxDSAction
                    ::MxDSObject
                      ::MxDSObject
                        ::MxCore
                          ::MxCore
                        ::MxDSObject
        AtomSet
        MxAtomId::GetAtom
          ::MxString
            ::MxString
              ::MxCore
                ::MxCore
          AtomSet
          AtomSet
        ::MxDSObjectAction
          ::MxDSObjectAction
            ::MxDSMediaAction
              ::MxDSMediaAction
                ::MxDSAction
                  ::MxDSAction
                    ::MxDSObject
                      ::MxDSObject
                        ::MxCore
                          ::MxCore
                        ::MxDSObject
        AtomSet
        MxAtomId::GetAtom
          ::MxString
            ::MxString
              ::MxCore
                ::MxCore
          AtomSet
          AtomSet
        ::MxDSObjectAction
          ::MxDSObjectAction
            ::MxDSMediaAction
              ::MxDSMediaAction
                ::MxDSAction
                  ::MxDSAction
                    ::MxDSObject
                      ::MxDSObject
                        ::MxCore
                          ::MxCore
                        ::MxDSObject
        AtomSet
        MxAtomId::GetAtom
          ::MxString
            ::MxString
              ::MxCore
                ::MxCore
          AtomSet
          AtomSet
        ::MxDSObjectAction
          ::MxDSObjectAction
            ::MxDSMediaAction
              ::MxDSMediaAction
                ::MxDSAction
                  ::MxDSAction
                    ::MxDSObject
                      ::MxDSObject
                        ::MxCore
                          ::MxCore
                        ::MxDSObject
        AtomSet
        MxAtomId::GetAtom
          ::MxString
            ::MxString
              ::MxCore
                ::MxCore
          AtomSet
          AtomSet
        ::MxDSObjectAction
          ::MxDSObjectAction
            ::MxDSMediaAction
              ::MxDSMediaAction
                ::MxDSAction
                  ::MxDSAction
                    ::MxDSObject
                      ::MxDSObject
                        ::MxCore
                          ::MxCore
                        ::MxDSObject
        AtomSet
        MxAtomId::GetAtom
          ::MxString
            ::MxString
              ::MxCore
                ::MxCore
          AtomSet
          AtomSet
        ::MxDSObjectAction
          ::MxDSObjectAction
            ::MxDSMediaAction
              ::MxDSMediaAction
                ::MxDSAction
                  ::MxDSAction
                    ::MxDSObject
                      ::MxDSObject
                        ::MxCore
                          ::MxCore
                        ::MxDSObject
        AtomSet
        MxAtomId::GetAtom
          ::MxString
            ::MxString
              ::MxCore
                ::MxCore
          AtomSet
          AtomSet
        ::MxDSObjectAction
          ::MxDSObjectAction
            ::MxDSMediaAction
              ::MxDSMediaAction
                ::MxDSAction
                  ::MxDSAction
                    ::MxDSObject
                      ::MxDSObject
                        ::MxCore
                          ::MxCore
                        ::MxDSObject
        AtomSet
        MxAtomId::GetAtom
          ::MxString
            ::MxString
              ::MxCore
                ::MxCore
          AtomSet
          AtomSet
        ::MxDSObjectAction
          ::MxDSObjectAction
            ::MxDSMediaAction
              ::MxDSMediaAction
                ::MxDSAction
                  ::MxDSAction
                    ::MxDSObject
                      ::MxDSObject
                        ::MxCore
                          ::MxCore
                        ::MxDSObject
        AtomSet
        MxAtomId::GetAtom
          ::MxString
            ::MxString
              ::MxCore
                ::MxCore
          AtomSet
          AtomSet
        ::MxDSObjectAction
          ::MxDSObjectAction
            ::MxDSMediaAction
              ::MxDSMediaAction
                ::MxDSAction
                  ::MxDSAction
                    ::MxDSObject
                      ::MxDSObject
                        ::MxCore
                          ::MxCore
                        ::MxDSObject
        AtomSet
        MxAtomId::GetAtom
          ::MxString
            ::MxString
              ::MxCore
                ::MxCore
          AtomSet
          AtomSet
        ::MxDSObjectAction
          ::MxDSObjectAction
            ::MxDSMediaAction
              ::MxDSMediaAction
                ::MxDSAction
                  ::MxDSAction
                    ::MxDSObject
                      ::MxDSObject
                        ::MxCore
                          ::MxCore
                        ::MxDSObject
        AtomSet
        MxAtomId::GetAtom
          ::MxString
            ::MxString
              ::MxCore
                ::MxCore
          AtomSet
          AtomSet
        ::MxDSObjectAction
          ::MxDSObjectAction
            ::MxDSMediaAction
              ::MxDSMediaAction
                ::MxDSAction
                  ::MxDSAction
                    ::MxDSObject
                      ::MxDSObject
                        ::MxCore
                          ::MxCore
                        ::MxDSObject
        AtomSet
        MxAtomId::GetAtom
          ::MxString
            ::MxString
              ::MxCore
                ::MxCore
          AtomSet
          AtomSet
        ::MxDSObjectAction
          ::MxDSObjectAction
            ::MxDSMediaAction
              ::MxDSMediaAction
                ::MxDSAction
                  ::MxDSAction
                    ::MxDSObject
                      ::MxDSObject
                        ::MxCore
                          ::MxCore
                        ::MxDSObject
        AtomSet
        MxAtomId::GetAtom
          ::MxString
            ::MxString
              ::MxCore
                ::MxCore
          AtomSet
          AtomSet
        ::MxDSObjectAction
          ::MxDSObjectAction
            ::MxDSMediaAction
              ::MxDSMediaAction
                ::MxDSAction
                  ::MxDSAction
                    ::MxDSObject
                      ::MxDSObject
                        ::MxCore
                          ::MxCore
                        ::MxDSObject
        AtomSet
        MxAtomId::GetAtom
          ::MxString
            ::MxString
              ::MxCore
                ::MxCore
          AtomSet
          AtomSet
        ::MxDSObjectAction
          ::MxDSObjectAction
            ::MxDSMediaAction
              ::MxDSMediaAction
                ::MxDSAction
                  ::MxDSAction
                    ::MxDSObject
                      ::MxDSObject
                        ::MxCore
                          ::MxCore
                        ::MxDSObject
        AtomSet
        MxAtomId::GetAtom
          ::MxString
            ::MxString
              ::MxCore
                ::MxCore
          AtomSet
          AtomSet
        ::MxDSObjectAction
          ::MxDSObjectAction
            ::MxDSMediaAction
              ::MxDSMediaAction
                ::MxDSAction
                  ::MxDSAction
                    ::MxDSObject
                      ::MxDSObject
                        ::MxCore
                          ::MxCore
                        ::MxDSObject
        AtomSet
        MxAtomId::GetAtom
          ::MxString
            ::MxString
              ::MxCore
                ::MxCore
          AtomSet
          AtomSet
        ::MxDSObjectAction
          ::MxDSObjectAction
            ::MxDSMediaAction
              ::MxDSMediaAction
                ::MxDSAction
                  ::MxDSAction
                    ::MxDSObject
                      ::MxDSObject
                        ::MxCore
                          ::MxCore
                        ::MxDSObject
        AtomSet
        MxAtomId::GetAtom
          ::MxString
            ::MxString
              ::MxCore
                ::MxCore
          AtomSet
          AtomSet
        ::MxDSObjectAction
          ::MxDSObjectAction
            ::MxDSMediaAction
              ::MxDSMediaAction
                ::MxDSAction
                  ::MxDSAction
                    ::MxDSObject
                      ::MxDSObject
                        ::MxCore
                          ::MxCore
                        ::MxDSObject
        AtomSet
        MxAtomId::GetAtom
          ::MxString
            ::MxString
              ::MxCore
                ::MxCore
          AtomSet
          AtomSet
        ::MxDSObjectAction
          ::MxDSObjectAction
            ::MxDSMediaAction
              ::MxDSMediaAction
                ::MxDSAction
                  ::MxDSAction
                    ::MxDSObject
                      ::MxDSObject
                        ::MxCore
                          ::MxCore
                        ::MxDSObject
        AtomSet
        MxAtomId::GetAtom
          ::MxString
            ::MxString
              ::MxCore
                ::MxCore
          AtomSet
          AtomSet
        ::MxDSObjectAction
          ::MxDSObjectAction
            ::MxDSMediaAction
              ::MxDSMediaAction
                ::MxDSAction
                  ::MxDSAction
                    ::MxDSObject
                      ::MxDSObject
                        ::MxCore
                          ::MxCore
                        ::MxDSObject
        AtomSet
        MxAtomId::GetAtom
          ::MxString
            ::MxString
              ::MxCore
                ::MxCore
          AtomSet
          AtomSet
        ::MxDSObjectAction
          ::MxDSObjectAction
            ::MxDSMediaAction
              ::MxDSMediaAction
                ::MxDSAction
                  ::MxDSAction
                    ::MxDSObject
                      ::MxDSObject
                        ::MxCore
                          ::MxCore
                        ::MxDSObject
        AtomSet
        MxAtomId::GetAtom
          ::MxString
            ::MxString
              ::MxCore
                ::MxCore
          AtomSet
          AtomSet
        ::MxDSObjectAction
          ::MxDSObjectAction
            ::MxDSMediaAction
              ::MxDSMediaAction
                ::MxDSAction
                  ::MxDSAction
                    ::MxDSObject
                      ::MxDSObject
                        ::MxCore
                          ::MxCore
                        ::MxDSObject
        AtomSet
        MxAtomId::GetAtom
          ::MxString
            ::MxString
              ::MxCore
                ::MxCore
          AtomSet
          AtomSet
        ::MxDSObjectAction
          ::MxDSObjectAction
            ::MxDSMediaAction
              ::MxDSMediaAction
                ::MxDSAction
                  ::MxDSAction
                    ::MxDSObject
                      ::MxDSObject
                        ::MxCore
                          ::MxCore
                        ::MxDSObject
        AtomSet
        MxAtomId::GetAtom
          ::MxString
            ::MxString
              ::MxCore
                ::MxCore
          AtomSet
          AtomSet
        ::MxDSObjectAction
          ::MxDSObjectAction
            ::MxDSMediaAction
              ::MxDSMediaAction
                ::MxDSAction
                  ::MxDSAction
                    ::MxDSObject
                      ::MxDSObject
                        ::MxCore
                          ::MxCore
                        ::MxDSObject
        AtomSet
        MxAtomId::GetAtom
          ::MxString
            ::MxString
              ::MxCore
                ::MxCore
          AtomSet
          AtomSet
        ::MxDSObjectAction
          ::MxDSObjectAction
            ::MxDSMediaAction
              ::MxDSMediaAction
                ::MxDSAction
                  ::MxDSAction
                    ::MxDSObject
                      ::MxDSObject
                        ::MxCore
                          ::MxCore
                        ::MxDSObject
        AtomSet
        MxAtomId::GetAtom
          ::MxString
            ::MxString
              ::MxCore
                ::MxCore
          AtomSet
          AtomSet
        ::MxDSObjectAction
          ::MxDSObjectAction
            ::MxDSMediaAction
              ::MxDSMediaAction
                ::MxDSAction
                  ::MxDSAction
                    ::MxDSObject
                      ::MxDSObject
                        ::MxCore
                          ::MxCore
                        ::MxDSObject
        AtomSet
        MxAtomId::GetAtom
          ::MxString
            ::MxString
              ::MxCore
                ::MxCore
          AtomSet
          AtomSet
        ::MxDSObjectAction
          ::MxDSObjectAction
            ::MxDSMediaAction
              ::MxDSMediaAction
                ::MxDSAction
                  ::MxDSAction
                    ::MxDSObject
                      ::MxDSObject
                        ::MxCore
                          ::MxCore
                        ::MxDSObject
        AtomSet
        MxAtomId::GetAtom
          ::MxString
            ::MxString
              ::MxCore
                ::MxCore
          AtomSet
          AtomSet
        ::MxDSObjectAction
          ::MxDSObjectAction
            ::MxDSMediaAction
              ::MxDSMediaAction
                ::MxDSAction
                  ::MxDSAction
                    ::MxDSObject
                      ::MxDSObject
                        ::MxCore
                          ::MxCore
                        ::MxDSObject
        AtomSet
        MxAtomId::GetAtom
          ::MxString
            ::MxString
              ::MxCore
                ::MxCore
          AtomSet
          AtomSet
        ::MxDSObjectAction
          ::MxDSObjectAction
            ::MxDSMediaAction
              ::MxDSMediaAction
                ::MxDSAction
                  ::MxDSAction
                    ::MxDSObject
                      ::MxDSObject
                        ::MxCore
                          ::MxCore
                        ::MxDSObject
        AtomSet
        MxAtomId::GetAtom
          ::MxString
            ::MxString
              ::MxCore
                ::MxCore
          AtomSet
          AtomSet
        ::MxDSObjectAction
          ::MxDSObjectAction
            ::MxDSMediaAction
              ::MxDSMediaAction
                ::MxDSAction
                  ::MxDSAction
                    ::MxDSObject
                      ::MxDSObject
                        ::MxCore
                          ::MxCore
                        ::MxDSObject
        AtomSet
        MxAtomId::GetAtom
          ::MxString
            ::MxString
              ::MxCore
                ::MxCore
          AtomSet
          AtomSet
        ::MxDSObjectAction
          ::MxDSObjectAction
            ::MxDSMediaAction
              ::MxDSMediaAction
                ::MxDSAction
                  ::MxDSAction
                    ::MxDSObject
                      ::MxDSObject
                        ::MxCore
                          ::MxCore
                        ::MxDSObject
        AtomSet
        MxAtomId::GetAtom
          ::MxString
            ::MxString
              ::MxCore
                ::MxCore
          AtomSet
          AtomSet
        ::MxDSObjectAction
          ::MxDSObjectAction
            ::MxDSMediaAction
              ::MxDSMediaAction
                ::MxDSAction
                  ::MxDSAction
                    ::MxDSObject
                      ::MxDSObject
                        ::MxCore
                          ::MxCore
                        ::MxDSObject
        AtomSet
        MxAtomId::GetAtom
          ::MxString
            ::MxString
              ::MxCore
                ::MxCore
          AtomSet
          AtomSet
        ::MxDSObjectAction
          ::MxDSObjectAction
            ::MxDSMediaAction
              ::MxDSMediaAction
                ::MxDSAction
                  ::MxDSAction
                    ::MxDSObject
                      ::MxDSObject
                        ::MxCore
                          ::MxCore
                        ::MxDSObject
        AtomSet
        MxAtomId::GetAtom
          ::MxString
            ::MxString
              ::MxCore
                ::MxCore
          AtomSet
          AtomSet
        ::MxDSObjectAction
          ::MxDSObjectAction
            ::MxDSMediaAction
              ::MxDSMediaAction
                ::MxDSAction
                  ::MxDSAction
                    ::MxDSObject
                      ::MxDSObject
                        ::MxCore
                          ::MxCore
                        ::MxDSObject
        AtomSet
        MxAtomId::GetAtom
          ::MxString
            ::MxString
              ::MxCore
                ::MxCore
          AtomSet
          AtomSet
        ::MxDSObjectAction
          ::MxDSObjectAction
            ::MxDSMediaAction
              ::MxDSMediaAction
                ::MxDSAction
                  ::MxDSAction
                    ::MxDSObject
                      ::MxDSObject
                        ::MxCore
                          ::MxCore
                        ::MxDSObject
        AtomSet
        MxAtomId::GetAtom
          ::MxString
            ::MxString
              ::MxCore
                ::MxCore
          AtomSet
          AtomSet
        ::MxDSObjectAction
          ::MxDSObjectAction
            ::MxDSMediaAction
              ::MxDSMediaAction
                ::MxDSAction
                  ::MxDSAction
                    ::MxDSObject
                      ::MxDSObject
                        ::MxCore
                          ::MxCore
                        ::MxDSObject
        AtomSet
        MxAtomId::GetAtom
          ::MxString
            ::MxString
              ::MxCore
                ::MxCore
          AtomSet
          AtomSet
        ::MxDSObjectAction
          ::MxDSObjectAction
            ::MxDSMediaAction
              ::MxDSMediaAction
                ::MxDSAction
                  ::MxDSAction
                    ::MxDSObject
                      ::MxDSObject
                        ::MxCore
                          ::MxCore
                        ::MxDSObject
        AtomSet
        MxAtomId::GetAtom
          ::MxString
            ::MxString
              ::MxCore
                ::MxCore
          AtomSet
          AtomSet
        ::MxDSObjectAction
          ::MxDSObjectAction
            ::MxDSMediaAction
              ::MxDSMediaAction
                ::MxDSAction
                  ::MxDSAction
                    ::MxDSObject
                      ::MxDSObject
                        ::MxCore
                          ::MxCore
                        ::MxDSObject
        AtomSet
        MxAtomId::GetAtom
          ::MxString
            ::MxString
              ::MxCore
                ::MxCore
          AtomSet
          AtomSet
        ::MxDSObjectAction
          ::MxDSObjectAction
            ::MxDSMediaAction
              ::MxDSMediaAction
                ::MxDSAction
                  ::MxDSAction
                    ::MxDSObject
                      ::MxDSObject
                        ::MxCore
                          ::MxCore
                        ::MxDSObject
        AtomSet
        MxAtomId::GetAtom
          ::MxString
            ::MxString
              ::MxCore
                ::MxCore
          AtomSet
          AtomSet
        ::MxDSObjectAction
          ::MxDSObjectAction
            ::MxDSMediaAction
              ::MxDSMediaAction
                ::MxDSAction
                  ::MxDSAction
                    ::MxDSObject
                      ::MxDSObject
                        ::MxCore
                          ::MxCore
                        ::MxDSObject
        AtomSet
        MxAtomId::GetAtom
          ::MxString
            ::MxString
              ::MxCore
                ::MxCore
          AtomSet
          AtomSet
        ::MxDSObjectAction
          ::MxDSObjectAction
            ::MxDSMediaAction
              ::MxDSMediaAction
                ::MxDSAction
                  ::MxDSAction
                    ::MxDSObject
                      ::MxDSObject
                        ::MxCore
                          ::MxCore
                        ::MxDSObject
        AtomSet
        MxAtomId::GetAtom
          ::MxString
            ::MxString
              ::MxCore
                ::MxCore
          AtomSet
          AtomSet
        ::MxDSObjectAction
          ::MxDSObjectAction
            ::MxDSMediaAction
              ::MxDSMediaAction
                ::MxDSAction
                  ::MxDSAction
                    ::MxDSObject
                      ::MxDSObject
                        ::MxCore
                          ::MxCore
                        ::MxDSObject
        AtomSet
        MxAtomId::GetAtom
          ::MxString
            ::MxString
              ::MxCore
                ::MxCore
          AtomSet
          AtomSet
        ::MxDSObjectAction
          ::MxDSObjectAction
            ::MxDSMediaAction
              ::MxDSMediaAction
                ::MxDSAction
                  ::MxDSAction
                    ::MxDSObject
                      ::MxDSObject
                        ::MxCore
                          ::MxCore
                        ::MxDSObject
        AtomSet
        MxAtomId::GetAtom
          ::MxString
            ::MxString
              ::MxCore
                ::MxCore
          AtomSet
          AtomSet
        ::MxDSObjectAction
          ::MxDSObjectAction
            ::MxDSMediaAction
              ::MxDSMediaAction
                ::MxDSAction
                  ::MxDSAction
                    ::MxDSObject
                      ::MxDSObject
                        ::MxCore
                          ::MxCore
                        ::MxDSObject
        AtomSet
        MxAtomId::GetAtom
          ::MxString
            ::MxString
              ::MxCore
                ::MxCore
          AtomSet
          AtomSet
        ::MxDSObjectAction
          ::MxDSObjectAction
            ::MxDSMediaAction
              ::MxDSMediaAction
                ::MxDSAction
                  ::MxDSAction
                    ::MxDSObject
                      ::MxDSObject
                        ::MxCore
                          ::MxCore
                        ::MxDSObject
        AtomSet
        MxAtomId::GetAtom
          ::MxString
            ::MxString
              ::MxCore
                ::MxCore
          AtomSet
          AtomSet
        ::MxDSObjectAction
          ::MxDSObjectAction
            ::MxDSMediaAction
              ::MxDSMediaAction
                ::MxDSAction
                  ::MxDSAction
                    ::MxDSObject
                      ::MxDSObject
                        ::MxCore
                          ::MxCore
                        ::MxDSObject
        AtomSet
        MxAtomId::GetAtom
          ::MxString
            ::MxString
              ::MxCore
                ::MxCore
          AtomSet
          AtomSet
        ::MxDSObjectAction
          ::MxDSObjectAction
            ::MxDSMediaAction
              ::MxDSMediaAction
                ::MxDSAction
                  ::MxDSAction
                    ::MxDSObject
                      ::MxDSObject
                        ::MxCore
                          ::MxCore
                        ::MxDSObject
        AtomSet
        MxAtomId::GetAtom
          ::MxString
            ::MxString
              ::MxCore
                ::MxCore
          AtomSet
          AtomSet
        ::MxDSObjectAction
          ::MxDSObjectAction
            ::MxDSMediaAction
              ::MxDSMediaAction
                ::MxDSAction
                  ::MxDSAction
                    ::MxDSObject
                      ::MxDSObject
                        ::MxCore
                          ::MxCore
                        ::MxDSObject
        AtomSet
        MxAtomId::GetAtom
          ::MxString
            ::MxString
              ::MxCore
                ::MxCore
          AtomSet
          AtomSet
        ::MxDSObjectAction
          ::MxDSObjectAction
            ::MxDSMediaAction
              ::MxDSMediaAction
                ::MxDSAction
                  ::MxDSAction
                    ::MxDSObject
                      ::MxDSObject
                        ::MxCore
                          ::MxCore
                        ::MxDSObject
        AtomSet
        MxAtomId::GetAtom
          ::MxString
            ::MxString
              ::MxCore
                ::MxCore
          AtomSet
          AtomSet
        ::MxDSObjectAction
          ::MxDSObjectAction
            ::MxDSMediaAction
              ::MxDSMediaAction
                ::MxDSAction
                  ::MxDSAction
                    ::MxDSObject
                      ::MxDSObject
                        ::MxCore
                          ::MxCore
                        ::MxDSObject
        AtomSet
        MxAtomId::GetAtom
          ::MxString
            ::MxString
              ::MxCore
                ::MxCore
          AtomSet
          AtomSet
        ::MxDSObjectAction
          ::MxDSObjectAction
            ::MxDSMediaAction
              ::MxDSMediaAction
                ::MxDSAction
                  ::MxDSAction
                    ::MxDSObject
                      ::MxDSObject
                        ::MxCore
                          ::MxCore
                        ::MxDSObject
        AtomSet
        MxAtomId::GetAtom
          ::MxString
            ::MxString
              ::MxCore
                ::MxCore
          AtomSet
          AtomSet
        ::MxDSObjectAction
          ::MxDSObjectAction
            ::MxDSMediaAction
              ::MxDSMediaAction
                ::MxDSAction
                  ::MxDSAction
                    ::MxDSObject
                      ::MxDSObject
                        ::MxCore
                          ::MxCore
                        ::MxDSObject
        AtomSet
        MxAtomId::GetAtom
          ::MxString
            ::MxString
              ::MxCore
                ::MxCore
          AtomSet
          AtomSet
        ::MxDSObjectAction
          ::MxDSObjectAction
            ::MxDSMediaAction
              ::MxDSMediaAction
                ::MxDSAction
                  ::MxDSAction
                    ::MxDSObject
                      ::MxDSObject
                        ::MxCore
                          ::MxCore
                        ::MxDSObject
        AtomSet
        MxAtomId::GetAtom
          ::MxString
            ::MxString
              ::MxCore
                ::MxCore
          AtomSet
          AtomSet
        ::MxDSObjectAction
          ::MxDSObjectAction
            ::MxDSMediaAction
              ::MxDSMediaAction
                ::MxDSAction
                  ::MxDSAction
                    ::MxDSObject
                      ::MxDSObject
                        ::MxCore
                          ::MxCore
                        ::MxDSObject
        AtomSet
        MxAtomId::GetAtom
          ::MxString
            ::MxString
              ::MxCore
                ::MxCore
          AtomSet
          AtomSet
        ::MxDSObjectAction
          ::MxDSObjectAction
            ::MxDSMediaAction
              ::MxDSMediaAction
                ::MxDSAction
                  ::MxDSAction
                    ::MxDSObject
                      ::MxDSObject
                        ::MxCore
                          ::MxCore
                        ::MxDSObject
        AtomSet
        MxAtomId::GetAtom
          ::MxString
            ::MxString
              ::MxCore
                ::MxCore
          AtomSet
          AtomSet
        ::MxDSObjectAction
          ::MxDSObjectAction
            ::MxDSMediaAction
              ::MxDSMediaAction
                ::MxDSAction
                  ::MxDSAction
                    ::MxDSObject
                      ::MxDSObject
                        ::MxCore
                          ::MxCore
                        ::MxDSObject
        AtomSet
        MxAtomId::GetAtom
          ::MxString
            ::MxString
              ::MxCore
                ::MxCore
          AtomSet
          AtomSet
        ::MxDSObjectAction
          ::MxDSObjectAction
            ::MxDSMediaAction
              ::MxDSMediaAction
                ::MxDSAction
                  ::MxDSAction
                    ::MxDSObject
                      ::MxDSObject
                        ::MxCore
                          ::MxCore
                        ::MxDSObject
        AtomSet
        MxAtomId::GetAtom
          ::MxString
            ::MxString
              ::MxCore
                ::MxCore
          AtomSet
          AtomSet
        ::MxDSObjectAction
          ::MxDSObjectAction
            ::MxDSMediaAction
              ::MxDSMediaAction
                ::MxDSAction
                  ::MxDSAction
                    ::MxDSObject
                      ::MxDSObject
                        ::MxCore
                          ::MxCore
                        ::MxDSObject
        AtomSet
        MxAtomId::GetAtom
          ::MxString
            ::MxString
              ::MxCore
                ::MxCore
          AtomSet
          AtomSet
        ::MxDSObjectAction
          ::MxDSObjectAction
            ::MxDSMediaAction
              ::MxDSMediaAction
                ::MxDSAction
                  ::MxDSAction
                    ::MxDSObject
                      ::MxDSObject
                        ::MxCore
                          ::MxCore
                        ::MxDSObject
        AtomSet
        MxAtomId::GetAtom
          ::MxString
            ::MxString
              ::MxCore
                ::MxCore
          AtomSet
          AtomSet
        ::MxDSObjectAction
          ::MxDSObjectAction
            ::MxDSMediaAction
              ::MxDSMediaAction
                ::MxDSAction
                  ::MxDSAction
                    ::MxDSObject
                      ::MxDSObject
                        ::MxCore
                          ::MxCore
                        ::MxDSObject
        AtomSet
        MxAtomId::GetAtom
          ::MxString
            ::MxString
              ::MxCore
                ::MxCore
          AtomSet
          AtomSet
        ::MxDSObjectAction
          ::MxDSObjectAction
            ::MxDSMediaAction
              ::MxDSMediaAction
                ::MxDSAction
                  ::MxDSAction
                    ::MxDSObject
                      ::MxDSObject
                        ::MxCore
                          ::MxCore
                        ::MxDSObject
        AtomSet
        MxAtomId::GetAtom
          ::MxString
            ::MxString
              ::MxCore
                ::MxCore
          AtomSet
          AtomSet
        ::MxDSObjectAction
          ::MxDSObjectAction
            ::MxDSMediaAction
              ::MxDSMediaAction
                ::MxDSAction
                  ::MxDSAction
                    ::MxDSObject
                      ::MxDSObject
                        ::MxCore
                          ::MxCore
                        ::MxDSObject
        AtomSet
        MxAtomId::GetAtom
          ::MxString
            ::MxString
              ::MxCore
                ::MxCore
          AtomSet
          AtomSet
        ::MxDSObjectAction
          ::MxDSObjectAction
            ::MxDSMediaAction
              ::MxDSMediaAction
                ::MxDSAction
                  ::MxDSAction
                    ::MxDSObject
                      ::MxDSObject
                        ::MxCore
                          ::MxCore
                        ::MxDSObject
        AtomSet
        MxAtomId::GetAtom
          ::MxString
            ::MxString
              ::MxCore
                ::MxCore
          AtomSet
          AtomSet
        ::MxDSObjectAction
          ::MxDSObjectAction
            ::MxDSMediaAction
              ::MxDSMediaAction
                ::MxDSAction
                  ::MxDSAction
                    ::MxDSObject
                      ::MxDSObject
                        ::MxCore
                          ::MxCore
                        ::MxDSObject
        AtomSet
        MxAtomId::GetAtom
          ::MxString
            ::MxString
              ::MxCore
                ::MxCore
          AtomSet
          AtomSet
        ::MxDSObjectAction
          ::MxDSObjectAction
            ::MxDSMediaAction
              ::MxDSMediaAction
                ::MxDSAction
                  ::MxDSAction
                    ::MxDSObject
                      ::MxDSObject
                        ::MxCore
                          ::MxCore
                        ::MxDSObject
        AtomSet
        MxAtomId::GetAtom
          ::MxString
            ::MxString
              ::MxCore
                ::MxCore
          AtomSet
          AtomSet
        ::MxDSObjectAction
          ::MxDSObjectAction
            ::MxDSMediaAction
              ::MxDSMediaAction
                ::MxDSAction
                  ::MxDSAction
                    ::MxDSObject
                      ::MxDSObject
                        ::MxCore
                          ::MxCore
                        ::MxDSObject
        AtomSet
        MxAtomId::GetAtom
          ::MxString
            ::MxString
              ::MxCore
                ::MxCore
          AtomSet
          AtomSet
        ::MxDSObjectAction
          ::MxDSObjectAction
            ::MxDSMediaAction
              ::MxDSMediaAction
                ::MxDSAction
                  ::MxDSAction
                    ::MxDSObject
                      ::MxDSObject
                        ::MxCore
                          ::MxCore
                        ::MxDSObject
        AtomSet
        MxAtomId::GetAtom
          ::MxString
            ::MxString
              ::MxCore
                ::MxCore
          AtomSet
          AtomSet
        ::MxDSObjectAction
          ::MxDSObjectAction
            ::MxDSMediaAction
              ::MxDSMediaAction
                ::MxDSAction
                  ::MxDSAction
                    ::MxDSObject
                      ::MxDSObject
                        ::MxCore
                          ::MxCore
                        ::MxDSObject
        AtomSet
        MxAtomId::GetAtom
          ::MxString
            ::MxString
              ::MxCore
                ::MxCore
          AtomSet
          AtomSet
        ::MxDSObjectAction
          ::MxDSObjectAction
            ::MxDSMediaAction
              ::MxDSMediaAction
                ::MxDSAction
                  ::MxDSAction
                    ::MxDSObject
                      ::MxDSObject
                        ::MxCore
                          ::MxCore
                        ::MxDSObject
        AtomSet
        MxAtomId::GetAtom
          ::MxString
            ::MxString
              ::MxCore
                ::MxCore
          AtomSet
          AtomSet
        ::MxDSObjectAction
          ::MxDSObjectAction
            ::MxDSMediaAction
              ::MxDSMediaAction
                ::MxDSAction
                  ::MxDSAction
                    ::MxDSObject
                      ::MxDSObject
                        ::MxCore
                          ::MxCore
                        ::MxDSObject
        AtomSet
        MxAtomId::GetAtom
          ::MxString
            ::MxString
              ::MxCore
                ::MxCore
          AtomSet
          AtomSet
        ::MxDSObjectAction
          ::MxDSObjectAction
            ::MxDSMediaAction
              ::MxDSMediaAction
                ::MxDSAction
                  ::MxDSAction
                    ::MxDSObject
                      ::MxDSObject
                        ::MxCore
                          ::MxCore
                        ::MxDSObject
        AtomSet
        MxAtomId::GetAtom
          ::MxString
            ::MxString
              ::MxCore
                ::MxCore
          AtomSet
          AtomSet
        ::MxDSObjectAction
          ::MxDSObjectAction
            ::MxDSMediaAction
              ::MxDSMediaAction
                ::MxDSAction
                  ::MxDSAction
                    ::MxDSObject
                      ::MxDSObject
                        ::MxCore
                          ::MxCore
                        ::MxDSObject
        AtomSet
        MxAtomId::GetAtom
          ::MxString
            ::MxString
              ::MxCore
                ::MxCore
          AtomSet
          AtomSet
        ::MxDSObjectAction
          ::MxDSObjectAction
            ::MxDSMediaAction
              ::MxDSMediaAction
                ::MxDSAction
                  ::MxDSAction
                    ::MxDSObject
                      ::MxDSObject
                        ::MxCore
                          ::MxCore
                        ::MxDSObject
        AtomSet
        MxAtomId::GetAtom
          ::MxString
            ::MxString
              ::MxCore
                ::MxCore
          AtomSet
          AtomSet
        ::MxDSObjectAction
          ::MxDSObjectAction
            ::MxDSMediaAction
              ::MxDSMediaAction
                ::MxDSAction
                  ::MxDSAction
                    ::MxDSObject
                      ::MxDSObject
                        ::MxCore
                          ::MxCore
                        ::MxDSObject
        AtomSet
        MxAtomId::GetAtom
          ::MxString
            ::MxString
              ::MxCore
                ::MxCore
          AtomSet
          AtomSet
        ::MxDSObjectAction
          ::MxDSObjectAction
            ::MxDSMediaAction
              ::MxDSMediaAction
                ::MxDSAction
                  ::MxDSAction
                    ::MxDSObject
                      ::MxDSObject
                        ::MxCore
                          ::MxCore
                        ::MxDSObject
        AtomSet
        MxAtomId::GetAtom
          ::MxString
            ::MxString
              ::MxCore
                ::MxCore
          AtomSet
          AtomSet
        ::MxDSObjectAction
          ::MxDSObjectAction
            ::MxDSMediaAction
              ::MxDSMediaAction
                ::MxDSAction
                  ::MxDSAction
                    ::MxDSObject
                      ::MxDSObject
                        ::MxCore
                          ::MxCore
                        ::MxDSObject
        AtomSet
        MxAtomId::GetAtom
          ::MxString
            ::MxString
              ::MxCore
                ::MxCore
          AtomSet
          AtomSet
        ::MxDSObjectAction
          ::MxDSObjectAction
            ::MxDSMediaAction
              ::MxDSMediaAction
                ::MxDSAction
                  ::MxDSAction
                    ::MxDSObject
                      ::MxDSObject
                        ::MxCore
                          ::MxCore
                        ::MxDSObject
        AtomSet
        MxAtomId::GetAtom
          ::MxString
            ::MxString
              ::MxCore
                ::MxCore
          AtomSet
          AtomSet
        ::MxDSSound
          ::MxDSSound
            ::MxDSMediaAction
              ::MxDSMediaAction
                ::MxDSAction
                  ::MxDSAction
                    ::MxDSObject
                      ::MxDSObject
                        ::MxCore
                          ::MxCore
                        ::MxDSObject
        AtomSet
        MxAtomId::GetAtom
          ::MxString
            ::MxString
              ::MxCore
                ::MxCore
          AtomSet
          AtomSet
        ::MxDSSound
          ::MxDSSound
            ::MxDSMediaAction
              ::MxDSMediaAction
                ::MxDSAction
                  ::MxDSAction
                    ::MxDSObject
                      ::MxDSObject
                        ::MxCore
                          ::MxCore
                        ::MxDSObject
        AtomSet
        MxAtomId::GetAtom
          ::MxString
            ::MxString
              ::MxCore
                ::MxCore
          AtomSet
          AtomSet
      ::MxAtomId
        AtomSet
        MxAtomId::GetAtom
          ::MxString
            ::MxString
              ::MxCore
                ::MxCore
          AtomSet
          AtomSet
      ::LegoWorldPresenter
        ::LegoWorldPresenter
          ::LegoEntityPresenter
            ::LegoEntityPresenter
              ::MxCompositePresenter
                ::MxCompositePresenter
                  ::MxCompositePresenter
                    ::MxCore
                      ::MxCore
                    ::MxCriticalSection
                      ::MxCriticalSection
                    NotificationManager
                    ::MxAutoLock
      AtomSet
      ::MxString
        ::MxString
          ::MxCore
            ::MxCore
      AtomSet
      AtomSet
      ::MxAutoLock
      ::MxAutoLock
      ObjectFactory
      LegoWorldPresenter::StartAction
        ::MxCore
          ::MxCore
        ::MxAutoLock
        ::MxAtomId
          AtomSet
          MxAtomId::GetAtom
            ::MxString
              ::MxString
                ::MxCore
                  ::MxCore
            AtomSet
            AtomSet
        ::LegoPathPresenter
          ::LegoPathPresenter
            ::LegoPathPresenter
              ::LegoPathPresenter
                ::MxCore
                  ::MxCore
                ::MxCriticalSection
                  ::MxCriticalSection
                ::LegoPathPresenter
        AtomSet
        ::MxString
          ::MxString
            ::MxCore
              ::MxCore
        AtomSet
        AtomSet
        VideoManager
        VideoManager
        ::MxAutoLock
        ::MxAutoLock
        ::MxAutoLock
        ::MxDSSubscriber
          ::MxDSSubscriber
            ::MxCore
              ::MxCore
            ::MxDSSubscriber
              ::MxCore
                ::MxCore
              ::MxDSSubscriber
                ::MxCore
                  ::MxCore
        MxDSSubscriber::Create
          ::MxCore
            ::MxCore
          MxDSSubscriber::Create
            ::MxCore
              ::MxCore
        ::MxAtomId
          AtomSet
          MxAtomId::GetAtom
            ::MxString
              ::MxString
                ::MxCore
                  ::MxCore
            AtomSet
            AtomSet
        LegoObjectFactory::Create
          ::LegoEntityPresenter
            ::LegoEntityPresenter
              ::MxCompositePresenter
                ::MxCompositePresenter
                  ::MxCompositePresenter
                    ::MxCore
                      ::MxCore
                    ::MxCriticalSection
                      ::MxCriticalSection
                    NotificationManager
                    ::MxAutoLock
          AtomSet
          ::MxString
            ::MxString
              ::MxCore
                ::MxCore
          AtomSet
          AtomSet
        ::MxAutoLock
        ObjectFactory
        MxCompositePresenter::StartAction
          ::MxCore
            ::MxCore
          ::MxAutoLock
          ::MxAtomId
            AtomSet
            MxAtomId::GetAtom
              ::MxString
                ::MxString
                  ::MxCore
                    ::MxCore
              AtomSet
              AtomSet
          LegoObjectFactory::Create
            LegoObjectFactory::Create
              ::MxVideoPresenter
                ::MxMediaPresenter
                  ::MxCore
                    ::MxCore
                  ::MxCriticalSection
                    ::MxCriticalSection
                  MVideoManager
                  MVideoManager
                  AtomSet
                  ::MxString
                    ::MxString
                      ::MxCore
                        ::MxCore
                  AtomSet
                  AtomSet
              MVideoManager
              MVideoManager
              ::MxAutoLock
              ::MxAutoLock
              ::MxAutoLock
              ::MxDSSubscriber
                ::MxDSSubscriber
                  ::MxCore
                    ::MxCore
                  ::MxDSSubscriber
                    ::MxCore
                      ::MxCore
                    ::MxDSSubscriber
                      ::MxCore
                        ::MxCore
              MxDSSubscriber::Create
                ::MxCore
                  ::MxCore
                MxDSSubscriber::Create
                  ::MxCore
                    ::MxCore
            VideoManager
            VideoManager
            ::MxAutoLock
            ::MxAtomId
              AtomSet
              MxAtomId::GetAtom
                ::MxString
                  ::MxString
                    ::MxCore
                      ::MxCore
                AtomSet
                AtomSet
            ::LegoEntityPresenter
              ::LegoEntityPresenter
                ::MxCompositePresenter
                  ::MxCompositePresenter
                    ::MxCompositePresenter
                      ::MxCore
                        ::MxCore
                      ::MxCriticalSection
                        ::MxCriticalSection
                      NotificationManager
                      ::MxAutoLock
            AtomSet
            ::MxString
              ::MxString
                ::MxCore
                  ::MxCore
            AtomSet
            AtomSet
            ::MxAutoLock
            ObjectFactory
            MxCompositePresenter::StartAction
              ::MxCore
                ::MxCore
              ::MxAutoLock
              ::MxAtomId
                AtomSet
                MxAtomId::GetAtom
                  ::MxString
                    ::MxString
                      ::MxCore
                        ::MxCore
                  AtomSet
                  AtomSet
              LegoObjectFactory::Create
                LegoObjectFactory::Create
                  ::MxMediaPresenter
                    ::MxPresenter
                      ::MxCore
                        ::MxCore
                      ::MxCriticalSection
                        ::MxCriticalSection
                      MVideoManager
                      MVideoManager
                      AtomSet
                      ::MxString
                        ::MxString
                          ::MxCore
                            ::MxCore
                      AtomSet
                      AtomSet
                  MVideoManager
                  MVideoManager
                  ::MxAutoLock
                  ::MxAutoLock
                  ::MxAutoLock
                  ::MxDSSubscriber
                    ::MxDSSubscriber
                      ::MxCore
                        ::MxCore
                      ::MxDSSubscriber
                        ::MxCore
                          ::MxCore
                        ::MxDSSubscriber
                          ::MxCore
                            ::MxCore
